c,a,b,lambda,class,mu,K_lam_mu
5,6,5,"(6, 5, 5)",col_strict,"(16,)",0
5,6,5,"(6, 5, 5)",col_strict,"(15, 1)",0
5,6,5,"(6, 5, 5)",col_strict,"(14, 1, 1)",0
5,6,5,"(6, 5, 5)",col_strict,"(13, 1, 1, 1)",0
5,6,5,"(6, 5, 5)",col_strict,"(12, 1, 1, 1, 1)",0
5,6,5,"(6, 5, 5)",col_strict,"(11, 1, 1, 1, 1, 1)",0
5,6,5,"(6, 5, 5)",col_strict,"(10, 1, 1, 1, 1, 1, 1)",0
5,6,5,"(6, 5, 5)",col_strict,"(9, 1, 1, 1, 1, 1, 1, 1)",0
5,6,5,"(6, 5, 5)",col_strict,"(8, 1, 1, 1, 1, 1, 1, 1, 1)",0
5,6,5,"(6, 5, 5)",col_strict,"(7, 1, 1, 1, 1, 1, 1, 1, 1, 1)",0
5,6,5,"(6, 5, 5)",col_strict,"(6, 1, 1, 1, 1, 1, 1, 1, 1, 1, 1)",42
5,6,5,"(6, 5, 5)",col_strict,"(5, 1, 1, 1, 1, 1, 1, 1, 1, 1, 1, 1)",462
5,6,5,"(6, 5, 5)",col_strict,"(4, 1, 1, 1, 1, 1, 1, 1, 1, 1, 1, 1, 1)",2475
5,6,5,"(6, 5, 5)",col_strict,"(3, 1, 1, 1, 1, 1, 1, 1, 1, 1, 1, 1, 1, 1)",8580
5,6,5,"(6, 5, 5)",col_strict,"(2, 1, 1, 1, 1, 1, 1, 1, 1, 1, 1, 1, 1, 1, 1)",21021
5,6,5,"(6, 5, 5)",col_strict,"(1, 1, 1, 1, 1, 1, 1, 1, 1, 1, 1, 1, 1, 1, 1, 1)",36036
5,6,5,"(6, 5, 5)",two_part,"(14, 2)",0
5,6,5,"(6, 5, 5)",two_part,"(13, 3)",0
5,6,5,"(6, 5, 5)",two_part,"(12, 4)",0
5,6,5,"(6, 5, 5)",two_part,"(11, 5)",0
5,6,5,"(6, 5, 5)",two_part,"(10, 6)",0
5,6,5,"(6, 5, 5)",two_part,"(9, 7)",0
5,6,5,"(6, 5, 5)",two_part,"(8, 8)",0
5,6,5,"(6, 5, 5)",hook_A,"(12, 2, 2)",0
5,6,5,"(6, 5, 5)",hook_A,"(10, 2, 2, 2)",0
5,6,5,"(6, 5, 5)",hook_A,"(8, 2, 2, 2, 2)",0
5,6,5,"(6, 5, 5)",hook_A,"(6, 2, 2, 2, 2, 2)",6
5,6,5,"(6, 5, 5)",hook_A,"(4, 2, 2, 2, 2, 2, 2)",135
5,6,5,"(6, 5, 5)",hook_A,"(2, 2, 2, 2, 2, 2, 2, 2)",560
5,7,6,"(7, 6, 5)",col_strict,"(18,)",0
5,7,6,"(7, 6, 5)",col_strict,"(17, 1)",0
5,7,6,"(7, 6, 5)",col_strict,"(16, 1, 1)",0
5,7,6,"(7, 6, 5)",col_strict,"(15, 1, 1, 1)",0
5,7,6,"(7, 6, 5)",col_strict,"(14, 1, 1, 1, 1)",0
5,7,6,"(7, 6, 5)",col_strict,"(13, 1, 1, 1, 1, 1)",0
5,7,6,"(7, 6, 5)",col_strict,"(12, 1, 1, 1, 1, 1, 1)",0
5,7,6,"(7, 6, 5)",col_strict,"(11, 1, 1, 1, 1, 1, 1, 1)",0
5,7,6,"(7, 6, 5)",col_strict,"(10, 1, 1, 1, 1, 1, 1, 1, 1)",0
5,7,6,"(7, 6, 5)",col_strict,"(9, 1, 1, 1, 1, 1, 1, 1, 1, 1)",0
5,7,6,"(7, 6, 5)",col_strict,"(8, 1, 1, 1, 1, 1, 1, 1, 1, 1, 1)",0
5,7,6,"(7, 6, 5)",col_strict,"(7, 1, 1, 1, 1, 1, 1, 1, 1, 1, 1, 1)",132
5,7,6,"(7, 6, 5)",col_strict,"(6, 1, 1, 1, 1, 1, 1, 1, 1, 1, 1, 1, 1)",1584
5,7,6,"(7, 6, 5)",col_strict,"(5, 1, 1, 1, 1, 1, 1, 1, 1, 1, 1, 1, 1, 1)",9724
5,7,6,"(7, 6, 5)",col_strict,"(4, 1, 1, 1, 1, 1, 1, 1, 1, 1, 1, 1, 1, 1, 1)",40040
5,7,6,"(7, 6, 5)",col_strict,"(3, 1, 1, 1, 1, 1, 1, 1, 1, 1, 1, 1, 1, 1, 1, 1)",121550
5,7,6,"(7, 6, 5)",col_strict,"(2, 1, 1, 1, 1, 1, 1, 1, 1, 1, 1, 1, 1, 1, 1, 1, 1)",279136
5,7,6,"(7, 6, 5)",col_strict,"(1, 1, 1, 1, 1, 1, 1, 1, 1, 1, 1, 1, 1, 1, 1, 1, 1, 1)",466752
5,7,6,"(7, 6, 5)",two_part,"(16, 2)",0
5,7,6,"(7, 6, 5)",two_part,"(15, 3)",0
5,7,6,"(7, 6, 5)",two_part,"(14, 4)",0
5,7,6,"(7, 6, 5)",two_part,"(13, 5)",0
5,7,6,"(7, 6, 5)",two_part,"(12, 6)",0
5,7,6,"(7, 6, 5)",two_part,"(11, 7)",0
5,7,6,"(7, 6, 5)",two_part,"(10, 8)",0
5,7,6,"(7, 6, 5)",two_part,"(9, 9)",0
5,7,6,"(7, 6, 5)",hook_A,"(14, 2, 2)",0
5,7,6,"(7, 6, 5)",hook_A,"(12, 2, 2, 2)",0
5,7,6,"(7, 6, 5)",hook_A,"(10, 2, 2, 2, 2)",0
5,7,6,"(7, 6, 5)",hook_A,"(8, 2, 2, 2, 2, 2)",0
5,7,6,"(7, 6, 5)",hook_A,"(6, 2, 2, 2, 2, 2, 2)",126
5,7,6,"(7, 6, 5)",hook_A,"(4, 2, 2, 2, 2, 2, 2, 2)",1400
5,7,6,"(7, 6, 5)",hook_A,"(2, 2, 2, 2, 2, 2, 2, 2, 2)",5160
5,8,5,"(8, 5, 5)",col_strict,"(18,)",0
5,8,5,"(8, 5, 5)",col_strict,"(17, 1)",0
5,8,5,"(8, 5, 5)",col_strict,"(16, 1, 1)",0
5,8,5,"(8, 5, 5)",col_strict,"(15, 1, 1, 1)",0
5,8,5,"(8, 5, 5)",col_strict,"(14, 1, 1, 1, 1)",0
5,8,5,"(8, 5, 5)",col_strict,"(13, 1, 1, 1, 1, 1)",0
5,8,5,"(8, 5, 5)",col_strict,"(12, 1, 1, 1, 1, 1, 1)",0
5,8,5,"(8, 5, 5)",col_strict,"(11, 1, 1, 1, 1, 1, 1, 1)",0
5,8,5,"(8, 5, 5)",col_strict,"(10, 1, 1, 1, 1, 1, 1, 1, 1)",0
5,8,5,"(8, 5, 5)",col_strict,"(9, 1, 1, 1, 1, 1, 1, 1, 1, 1)",0
5,8,5,"(8, 5, 5)",col_strict,"(8, 1, 1, 1, 1, 1, 1, 1, 1, 1, 1)",42
5,8,5,"(8, 5, 5)",col_strict,"(7, 1, 1, 1, 1, 1, 1, 1, 1, 1, 1, 1)",462
5,8,5,"(8, 5, 5)",col_strict,"(6, 1, 1, 1, 1, 1, 1, 1, 1, 1, 1, 1, 1)",2772
5,8,5,"(8, 5, 5)",col_strict,"(5, 1, 1, 1, 1, 1, 1, 1, 1, 1, 1, 1, 1, 1)",12012
5,8,5,"(8, 5, 5)",col_strict,"(4, 1, 1, 1, 1, 1, 1, 1, 1, 1, 1, 1, 1, 1, 1)",41041
5,8,5,"(8, 5, 5)",col_strict,"(3, 1, 1, 1, 1, 1, 1, 1, 1, 1, 1, 1, 1, 1, 1, 1)",113113
5,8,5,"(8, 5, 5)",col_strict,"(2, 1, 1, 1, 1, 1, 1, 1, 1, 1, 1, 1, 1, 1, 1, 1, 1)",248248
5,8,5,"(8, 5, 5)",col_strict,"(1, 1, 1, 1, 1, 1, 1, 1, 1, 1, 1, 1, 1, 1, 1, 1, 1, 1)",408408
5,8,5,"(8, 5, 5)",two_part,"(16, 2)",0
5,8,5,"(8, 5, 5)",two_part,"(15, 3)",0
5,8,5,"(8, 5, 5)",two_part,"(14, 4)",0
5,8,5,"(8, 5, 5)",two_part,"(13, 5)",0
5,8,5,"(8, 5, 5)",two_part,"(12, 6)",0
5,8,5,"(8, 5, 5)",two_part,"(11, 7)",0
5,8,5,"(8, 5, 5)",two_part,"(10, 8)",0
5,8,5,"(8, 5, 5)",two_part,"(9, 9)",0
5,8,5,"(8, 5, 5)",hook_A,"(14, 2, 2)",0
5,8,5,"(8, 5, 5)",hook_A,"(12, 2, 2, 2)",0
5,8,5,"(8, 5, 5)",hook_A,"(10, 2, 2, 2, 2)",0
5,8,5,"(8, 5, 5)",hook_A,"(8, 2, 2, 2, 2, 2)",6
5,8,5,"(8, 5, 5)",hook_A,"(6, 2, 2, 2, 2, 2, 2)",171
5,8,5,"(8, 5, 5)",hook_A,"(4, 2, 2, 2, 2, 2, 2, 2)",1421
5,8,5,"(8, 5, 5)",hook_A,"(2, 2, 2, 2, 2, 2, 2, 2, 2)",4956
5,8,7,"(8, 7, 5)",col_strict,"(20,)",0
5,8,7,"(8, 7, 5)",col_strict,"(19, 1)",0
5,8,7,"(8, 7, 5)",col_strict,"(18, 1, 1)",0
5,8,7,"(8, 7, 5)",col_strict,"(17, 1, 1, 1)",0
5,8,7,"(8, 7, 5)",col_strict,"(16, 1, 1, 1, 1)",0
5,8,7,"(8, 7, 5)",col_strict,"(15, 1, 1, 1, 1, 1)",0
5,8,7,"(8, 7, 5)",col_strict,"(14, 1, 1, 1, 1, 1, 1)",0
5,8,7,"(8, 7, 5)",col_strict,"(13, 1, 1, 1, 1, 1, 1, 1)",0
5,8,7,"(8, 7, 5)",col_strict,"(12, 1, 1, 1, 1, 1, 1, 1, 1)",0
5,8,7,"(8, 7, 5)",col_strict,"(11, 1, 1, 1, 1, 1, 1, 1, 1, 1)",0
5,8,7,"(8, 7, 5)",col_strict,"(10, 1, 1, 1, 1, 1, 1, 1, 1, 1, 1)",0
5,8,7,"(8, 7, 5)",col_strict,"(9, 1, 1, 1, 1, 1, 1, 1, 1, 1, 1, 1)",0
5,8,7,"(8, 7, 5)",col_strict,"(8, 1, 1, 1, 1, 1, 1, 1, 1, 1, 1, 1, 1)",297
5,8,7,"(8, 7, 5)",col_strict,"(7, 1, 1, 1, 1, 1, 1, 1, 1, 1, 1, 1, 1, 1)",3861
5,8,7,"(8, 7, 5)",col_strict,"(6, 1, 1, 1, 1, 1, 1, 1, 1, 1, 1, 1, 1, 1, 1)",26026
5,8,7,"(8, 7, 5)",col_strict,"(5, 1, 1, 1, 1, 1, 1, 1, 1, 1, 1, 1, 1, 1, 1, 1)",120120
5,8,7,"(8, 7, 5)",col_strict,"(4, 1, 1, 1, 1, 1, 1, 1, 1, 1, 1, 1, 1, 1, 1, 1, 1)",420420
5,8,7,"(8, 7, 5)",col_strict,"(3, 1, 1, 1, 1, 1, 1, 1, 1, 1, 1, 1, 1, 1, 1, 1, 1, 1)",1162018
5,8,7,"(8, 7, 5)",col_strict,"(2, 1, 1, 1, 1, 1, 1, 1, 1, 1, 1, 1, 1, 1, 1, 1, 1, 1, 1)",2537964
5,8,7,"(8, 7, 5)",col_strict,"(1, 1, 1, 1, 1, 1, 1, 1, 1, 1, 1, 1, 1, 1, 1, 1, 1, 1, 1, 1)",4157010
5,8,7,"(8, 7, 5)",two_part,"(18, 2)",0
5,8,7,"(8, 7, 5)",two_part,"(17, 3)",0
5,8,7,"(8, 7, 5)",two_part,"(16, 4)",0
5,8,7,"(8, 7, 5)",two_part,"(15, 5)",0
5,8,7,"(8, 7, 5)",two_part,"(14, 6)",0
5,8,7,"(8, 7, 5)",two_part,"(13, 7)",0
5,8,7,"(8, 7, 5)",two_part,"(12, 8)",0
5,8,7,"(8, 7, 5)",two_part,"(11, 9)",0
5,8,7,"(8, 7, 5)",two_part,"(10, 10)",0
5,8,7,"(8, 7, 5)",hook_A,"(16, 2, 2)",0
5,8,7,"(8, 7, 5)",hook_A,"(14, 2, 2, 2)",0
5,8,7,"(8, 7, 5)",hook_A,"(12, 2, 2, 2, 2)",0
5,8,7,"(8, 7, 5)",hook_A,"(10, 2, 2, 2, 2, 2)",0
5,8,7,"(8, 7, 5)",hook_A,"(8, 2, 2, 2, 2, 2, 2)",36
5,8,7,"(8, 7, 5)",hook_A,"(6, 2, 2, 2, 2, 2, 2, 2)",1218
5,8,7,"(8, 7, 5)",hook_A,"(4, 2, 2, 2, 2, 2, 2, 2, 2)",9716
5,8,7,"(8, 7, 5)",hook_A,"(2, 2, 2, 2, 2, 2, 2, 2, 2, 2)",32895
5,9,6,"(9, 6, 5)",col_strict,"(20,)",0
5,9,6,"(9, 6, 5)",col_strict,"(19, 1)",0
5,9,6,"(9, 6, 5)",col_strict,"(18, 1, 1)",0
5,9,6,"(9, 6, 5)",col_strict,"(17, 1, 1, 1)",0
5,9,6,"(9, 6, 5)",col_strict,"(16, 1, 1, 1, 1)",0
5,9,6,"(9, 6, 5)",col_strict,"(15, 1, 1, 1, 1, 1)",0
5,9,6,"(9, 6, 5)",col_strict,"(14, 1, 1, 1, 1, 1, 1)",0
5,9,6,"(9, 6, 5)",col_strict,"(13, 1, 1, 1, 1, 1, 1, 1)",0
5,9,6,"(9, 6, 5)",col_strict,"(12, 1, 1, 1, 1, 1, 1, 1, 1)",0
5,9,6,"(9, 6, 5)",col_strict,"(11, 1, 1, 1, 1, 1, 1, 1, 1, 1)",0
5,9,6,"(9, 6, 5)",col_strict,"(10, 1, 1, 1, 1, 1, 1, 1, 1, 1, 1)",0
5,9,6,"(9, 6, 5)",col_strict,"(9, 1, 1, 1, 1, 1, 1, 1, 1, 1, 1, 1)",132
5,9,6,"(9, 6, 5)",col_strict,"(8, 1, 1, 1, 1, 1, 1, 1, 1, 1, 1, 1, 1)",1584
5,9,6,"(9, 6, 5)",col_strict,"(7, 1, 1, 1, 1, 1, 1, 1, 1, 1, 1, 1, 1, 1)",10296
5,9,6,"(9, 6, 5)",col_strict,"(6, 1, 1, 1, 1, 1, 1, 1, 1, 1, 1, 1, 1, 1, 1)",48048
5,9,6,"(9, 6, 5)",col_strict,"(5, 1, 1, 1, 1, 1, 1, 1, 1, 1, 1, 1, 1, 1, 1, 1)",178542
5,9,6,"(9, 6, 5)",col_strict,"(4, 1, 1, 1, 1, 1, 1, 1, 1, 1, 1, 1, 1, 1, 1, 1, 1)",550368
5,9,6,"(9, 6, 5)",col_strict,"(3, 1, 1, 1, 1, 1, 1, 1, 1, 1, 1, 1, 1, 1, 1, 1, 1, 1)",1417936
5,9,6,"(9, 6, 5)",col_strict,"(2, 1, 1, 1, 1, 1, 1, 1, 1, 1, 1, 1, 1, 1, 1, 1, 1, 1, 1)",2991456
5,9,6,"(9, 6, 5)",col_strict,"(1, 1, 1, 1, 1, 1, 1, 1, 1, 1, 1, 1, 1, 1, 1, 1, 1, 1, 1, 1)",4837248
5,9,6,"(9, 6, 5)",two_part,"(18, 2)",0
5,9,6,"(9, 6, 5)",two_part,"(17, 3)",0
5,9,6,"(9, 6, 5)",two_part,"(16, 4)",0
5,9,6,"(9, 6, 5)",two_part,"(15, 5)",0
5,9,6,"(9, 6, 5)",two_part,"(14, 6)",0
5,9,6,"(9, 6, 5)",two_part,"(13, 7)",0
5,9,6,"(9, 6, 5)",two_part,"(12, 8)",0
5,9,6,"(9, 6, 5)",two_part,"(11, 9)",0
5,9,6,"(9, 6, 5)",two_part,"(10, 10)",0
5,9,6,"(9, 6, 5)",hook_A,"(16, 2, 2)",0
5,9,6,"(9, 6, 5)",hook_A,"(14, 2, 2, 2)",0
5,9,6,"(9, 6, 5)",hook_A,"(12, 2, 2, 2, 2)",0
5,9,6,"(9, 6, 5)",hook_A,"(10, 2, 2, 2, 2, 2)",0
5,9,6,"(9, 6, 5)",hook_A,"(8, 2, 2, 2, 2, 2, 2)",126
5,9,6,"(9, 6, 5)",hook_A,"(6, 2, 2, 2, 2, 2, 2, 2)",1932
5,9,6,"(9, 6, 5)",hook_A,"(4, 2, 2, 2, 2, 2, 2, 2, 2)",12824
5,9,6,"(9, 6, 5)",hook_A,"(2, 2, 2, 2, 2, 2, 2, 2, 2, 2)",41616
5,9,8,"(9, 8, 5)",col_strict,"(22,)",0
5,9,8,"(9, 8, 5)",col_strict,"(21, 1)",0
5,9,8,"(9, 8, 5)",col_strict,"(20, 1, 1)",0
5,9,8,"(9, 8, 5)",col_strict,"(19, 1, 1, 1)",0
5,9,8,"(9, 8, 5)",col_strict,"(18, 1, 1, 1, 1)",0
5,9,8,"(9, 8, 5)",col_strict,"(17, 1, 1, 1, 1, 1)",0
5,9,8,"(9, 8, 5)",col_strict,"(16, 1, 1, 1, 1, 1, 1)",0
5,9,8,"(9, 8, 5)",col_strict,"(15, 1, 1, 1, 1, 1, 1, 1)",0
5,9,8,"(9, 8, 5)",col_strict,"(14, 1, 1, 1, 1, 1, 1, 1, 1)",0
5,9,8,"(9, 8, 5)",col_strict,"(13, 1, 1, 1, 1, 1, 1, 1, 1, 1)",0
5,9,8,"(9, 8, 5)",col_strict,"(12, 1, 1, 1, 1, 1, 1, 1, 1, 1, 1)",0
5,9,8,"(9, 8, 5)",col_strict,"(11, 1, 1, 1, 1, 1, 1, 1, 1, 1, 1, 1)",0
5,9,8,"(9, 8, 5)",col_strict,"(10, 1, 1, 1, 1, 1, 1, 1, 1, 1, 1, 1, 1)",0
5,9,8,"(9, 8, 5)",col_strict,"(9, 1, 1, 1, 1, 1, 1, 1, 1, 1, 1, 1, 1, 1)",572
5,9,8,"(9, 8, 5)",col_strict,"(8, 1, 1, 1, 1, 1, 1, 1, 1, 1, 1, 1, 1, 1, 1)",8008
5,9,8,"(9, 8, 5)",col_strict,"(7, 1, 1, 1, 1, 1, 1, 1, 1, 1, 1, 1, 1, 1, 1, 1)",58422
5,9,8,"(9, 8, 5)",col_strict,"(6, 1, 1, 1, 1, 1, 1, 1, 1, 1, 1, 1, 1, 1, 1, 1, 1)",294112
5,9,8,"(9, 8, 5)",col_strict,"(5, 1, 1, 1, 1, 1, 1, 1, 1, 1, 1, 1, 1, 1, 1, 1, 1, 1)",1138592
5,9,8,"(9, 8, 5)",col_strict,"(4, 1, 1, 1, 1, 1, 1, 1, 1, 1, 1, 1, 1, 1, 1, 1, 1, 1, 1)",3564288
5,9,8,"(9, 8, 5)",col_strict,"(3, 1, 1, 1, 1, 1, 1, 1, 1, 1, 1, 1, 1, 1, 1, 1, 1, 1, 1, 1)",9187412
5,9,8,"(9, 8, 5)",col_strict,"(2, 1, 1, 1, 1, 1, 1, 1, 1, 1, 1, 1, 1, 1, 1, 1, 1, 1, 1, 1, 1)",19281808
5,9,8,"(9, 8, 5)",col_strict,"(1, 1, 1, 1, 1, 1, 1, 1, 1, 1, 1, 1, 1, 1, 1, 1, 1, 1, 1, 1, 1, 1)",31039008
5,9,8,"(9, 8, 5)",two_part,"(20, 2)",0
5,9,8,"(9, 8, 5)",two_part,"(19, 3)",0
5,9,8,"(9, 8, 5)",two_part,"(18, 4)",0
5,9,8,"(9, 8, 5)",two_part,"(17, 5)",0
5,9,8,"(9, 8, 5)",two_part,"(16, 6)",0
5,9,8,"(9, 8, 5)",two_part,"(15, 7)",0
5,9,8,"(9, 8, 5)",two_part,"(14, 8)",0
5,9,8,"(9, 8, 5)",two_part,"(13, 9)",0
5,9,8,"(9, 8, 5)",two_part,"(12, 10)",0
5,9,8,"(9, 8, 5)",two_part,"(11, 11)",0
5,9,8,"(9, 8, 5)",hook_A,"(18, 2, 2)",0
5,9,8,"(9, 8, 5)",hook_A,"(16, 2, 2, 2)",0
5,9,8,"(9, 8, 5)",hook_A,"(14, 2, 2, 2, 2)",0
5,9,8,"(9, 8, 5)",hook_A,"(12, 2, 2, 2, 2, 2)",0
5,9,8,"(9, 8, 5)",hook_A,"(10, 2, 2, 2, 2, 2, 2)",0
5,9,8,"(9, 8, 5)",hook_A,"(8, 2, 2, 2, 2, 2, 2, 2)",532
5,9,8,"(9, 8, 5)",hook_A,"(6, 2, 2, 2, 2, 2, 2, 2, 2)",8680
5,9,8,"(9, 8, 5)",hook_A,"(4, 2, 2, 2, 2, 2, 2, 2, 2, 2)",55944
5,9,8,"(9, 8, 5)",hook_A,"(2, 2, 2, 2, 2, 2, 2, 2, 2, 2, 2)",177166
5,10,5,"(10, 5, 5)",col_strict,"(20,)",0
5,10,5,"(10, 5, 5)",col_strict,"(19, 1)",0
5,10,5,"(10, 5, 5)",col_strict,"(18, 1, 1)",0
5,10,5,"(10, 5, 5)",col_strict,"(17, 1, 1, 1)",0
5,10,5,"(10, 5, 5)",col_strict,"(16, 1, 1, 1, 1)",0
5,10,5,"(10, 5, 5)",col_strict,"(15, 1, 1, 1, 1, 1)",0
5,10,5,"(10, 5, 5)",col_strict,"(14, 1, 1, 1, 1, 1, 1)",0
5,10,5,"(10, 5, 5)",col_strict,"(13, 1, 1, 1, 1, 1, 1, 1)",0
5,10,5,"(10, 5, 5)",col_strict,"(12, 1, 1, 1, 1, 1, 1, 1, 1)",0
5,10,5,"(10, 5, 5)",col_strict,"(11, 1, 1, 1, 1, 1, 1, 1, 1, 1)",0
5,10,5,"(10, 5, 5)",col_strict,"(10, 1, 1, 1, 1, 1, 1, 1, 1, 1, 1)",42
5,10,5,"(10, 5, 5)",col_strict,"(9, 1, 1, 1, 1, 1, 1, 1, 1, 1, 1, 1)",462
5,10,5,"(10, 5, 5)",col_strict,"(8, 1, 1, 1, 1, 1, 1, 1, 1, 1, 1, 1, 1)",2772
5,10,5,"(10, 5, 5)",col_strict,"(7, 1, 1, 1, 1, 1, 1, 1, 1, 1, 1, 1, 1, 1)",12012
5,10,5,"(10, 5, 5)",col_strict,"(6, 1, 1, 1, 1, 1, 1, 1, 1, 1, 1, 1, 1, 1, 1)",42042
5,10,5,"(10, 5, 5)",col_strict,"(5, 1, 1, 1, 1, 1, 1, 1, 1, 1, 1, 1, 1, 1, 1, 1)",126126
5,10,5,"(10, 5, 5)",col_strict,"(4, 1, 1, 1, 1, 1, 1, 1, 1, 1, 1, 1, 1, 1, 1, 1, 1)",333788
5,10,5,"(10, 5, 5)",col_strict,"(3, 1, 1, 1, 1, 1, 1, 1, 1, 1, 1, 1, 1, 1, 1, 1, 1, 1)",779688
5,10,5,"(10, 5, 5)",col_strict,"(2, 1, 1, 1, 1, 1, 1, 1, 1, 1, 1, 1, 1, 1, 1, 1, 1, 1, 1)",1559376
5,10,5,"(10, 5, 5)",col_strict,"(1, 1, 1, 1, 1, 1, 1, 1, 1, 1, 1, 1, 1, 1, 1, 1, 1, 1, 1, 1)",2469012
5,10,5,"(10, 5, 5)",two_part,"(18, 2)",0
5,10,5,"(10, 5, 5)",two_part,"(17, 3)",0
5,10,5,"(10, 5, 5)",two_part,"(16, 4)",0
5,10,5,"(10, 5, 5)",two_part,"(15, 5)",0
5,10,5,"(10, 5, 5)",two_part,"(14, 6)",0
5,10,5,"(10, 5, 5)",two_part,"(13, 7)",0
5,10,5,"(10, 5, 5)",two_part,"(12, 8)",0
5,10,5,"(10, 5, 5)",two_part,"(11, 9)",0
5,10,5,"(10, 5, 5)",two_part,"(10, 10)",0
5,10,5,"(10, 5, 5)",hook_A,"(16, 2, 2)",0
5,10,5,"(10, 5, 5)",hook_A,"(14, 2, 2, 2)",0
5,10,5,"(10, 5, 5)",hook_A,"(12, 2, 2, 2, 2)",0
5,10,5,"(10, 5, 5)",hook_A,"(10, 2, 2, 2, 2, 2)",6
5,10,5,"(10, 5, 5)",hook_A,"(8, 2, 2, 2, 2, 2, 2)",171
5,10,5,"(10, 5, 5)",hook_A,"(6, 2, 2, 2, 2, 2, 2, 2)",1526
5,10,5,"(10, 5, 5)",hook_A,"(4, 2, 2, 2, 2, 2, 2, 2, 2)",8050
5,10,5,"(10, 5, 5)",hook_A,"(2, 2, 2, 2, 2, 2, 2, 2, 2, 2)",24444
5,10,7,"(10, 7, 5)",col_strict,"(22,)",0
5,10,7,"(10, 7, 5)",col_strict,"(21, 1)",0
5,10,7,"(10, 7, 5)",col_strict,"(20, 1, 1)",0
5,10,7,"(10, 7, 5)",col_strict,"(19, 1, 1, 1)",0
5,10,7,"(10, 7, 5)",col_strict,"(18, 1, 1, 1, 1)",0
5,10,7,"(10, 7, 5)",col_strict,"(17, 1, 1, 1, 1, 1)",0
5,10,7,"(10, 7, 5)",col_strict,"(16, 1, 1, 1, 1, 1, 1)",0
5,10,7,"(10, 7, 5)",col_strict,"(15, 1, 1, 1, 1, 1, 1, 1)",0
5,10,7,"(10, 7, 5)",col_strict,"(14, 1, 1, 1, 1, 1, 1, 1, 1)",0
5,10,7,"(10, 7, 5)",col_strict,"(13, 1, 1, 1, 1, 1, 1, 1, 1, 1)",0
5,10,7,"(10, 7, 5)",col_strict,"(12, 1, 1, 1, 1, 1, 1, 1, 1, 1, 1)",0
5,10,7,"(10, 7, 5)",col_strict,"(11, 1, 1, 1, 1, 1, 1, 1, 1, 1, 1, 1)",0
5,10,7,"(10, 7, 5)",col_strict,"(10, 1, 1, 1, 1, 1, 1, 1, 1, 1, 1, 1, 1)",297
5,10,7,"(10, 7, 5)",col_strict,"(9, 1, 1, 1, 1, 1, 1, 1, 1, 1, 1, 1, 1, 1)",3861
5,10,7,"(10, 7, 5)",col_strict,"(8, 1, 1, 1, 1, 1, 1, 1, 1, 1, 1, 1, 1, 1, 1)",27027
5,10,7,"(10, 7, 5)",col_strict,"(7, 1, 1, 1, 1, 1, 1, 1, 1, 1, 1, 1, 1, 1, 1, 1)",135135
5,10,7,"(10, 7, 5)",col_strict,"(6, 1, 1, 1, 1, 1, 1, 1, 1, 1, 1, 1, 1, 1, 1, 1, 1)",537992
5,10,7,"(10, 7, 5)",col_strict,"(5, 1, 1, 1, 1, 1, 1, 1, 1, 1, 1, 1, 1, 1, 1, 1, 1, 1)",1794520
5,10,7,"(10, 7, 5)",col_strict,"(4, 1, 1, 1, 1, 1, 1, 1, 1, 1, 1, 1, 1, 1, 1, 1, 1, 1, 1)",5123664
5,10,7,"(10, 7, 5)",col_strict,"(3, 1, 1, 1, 1, 1, 1, 1, 1, 1, 1, 1, 1, 1, 1, 1, 1, 1, 1, 1)",12521418
5,10,7,"(10, 7, 5)",col_strict,"(2, 1, 1, 1, 1, 1, 1, 1, 1, 1, 1, 1, 1, 1, 1, 1, 1, 1, 1, 1, 1)",25571910
5,10,7,"(10, 7, 5)",col_strict,"(1, 1, 1, 1, 1, 1, 1, 1, 1, 1, 1, 1, 1, 1, 1, 1, 1, 1, 1, 1, 1, 1)",40738698
5,10,7,"(10, 7, 5)",two_part,"(20, 2)",0
5,10,7,"(10, 7, 5)",two_part,"(19, 3)",0
5,10,7,"(10, 7, 5)",two_part,"(18, 4)",0
5,10,7,"(10, 7, 5)",two_part,"(17, 5)",0
5,10,7,"(10, 7, 5)",two_part,"(16, 6)",0
5,10,7,"(10, 7, 5)",two_part,"(15, 7)",0
5,10,7,"(10, 7, 5)",two_part,"(14, 8)",0
5,10,7,"(10, 7, 5)",two_part,"(13, 9)",0
5,10,7,"(10, 7, 5)",two_part,"(12, 10)",0
5,10,7,"(10, 7, 5)",two_part,"(11, 11)",0
5,10,7,"(10, 7, 5)",hook_A,"(18, 2, 2)",0
5,10,7,"(10, 7, 5)",hook_A,"(16, 2, 2, 2)",0
5,10,7,"(10, 7, 5)",hook_A,"(14, 2, 2, 2, 2)",0
5,10,7,"(10, 7, 5)",hook_A,"(12, 2, 2, 2, 2, 2)",0
5,10,7,"(10, 7, 5)",hook_A,"(10, 2, 2, 2, 2, 2, 2)",36
5,10,7,"(10, 7, 5)",hook_A,"(8, 2, 2, 2, 2, 2, 2, 2)",1323
5,10,7,"(10, 7, 5)",hook_A,"(6, 2, 2, 2, 2, 2, 2, 2, 2)",14378
5,10,7,"(10, 7, 5)",hook_A,"(4, 2, 2, 2, 2, 2, 2, 2, 2, 2)",81774
5,10,7,"(10, 7, 5)",hook_A,"(2, 2, 2, 2, 2, 2, 2, 2, 2, 2, 2)",250635
5,10,9,"(10, 9, 5)",col_strict,"(24,)",0
5,10,9,"(10, 9, 5)",col_strict,"(23, 1)",0
5,10,9,"(10, 9, 5)",col_strict,"(22, 1, 1)",0
5,10,9,"(10, 9, 5)",col_strict,"(21, 1, 1, 1)",0
5,10,9,"(10, 9, 5)",col_strict,"(20, 1, 1, 1, 1)",0
5,10,9,"(10, 9, 5)",col_strict,"(19, 1, 1, 1, 1, 1)",0
5,10,9,"(10, 9, 5)",col_strict,"(18, 1, 1, 1, 1, 1, 1)",0
5,10,9,"(10, 9, 5)",col_strict,"(17, 1, 1, 1, 1, 1, 1, 1)",0
5,10,9,"(10, 9, 5)",col_strict,"(16, 1, 1, 1, 1, 1, 1, 1, 1)",0
5,10,9,"(10, 9, 5)",col_strict,"(15, 1, 1, 1, 1, 1, 1, 1, 1, 1)",0
5,10,9,"(10, 9, 5)",col_strict,"(14, 1, 1, 1, 1, 1, 1, 1, 1, 1, 1)",0
5,10,9,"(10, 9, 5)",col_strict,"(13, 1, 1, 1, 1, 1, 1, 1, 1, 1, 1, 1)",0
5,10,9,"(10, 9, 5)",col_strict,"(12, 1, 1, 1, 1, 1, 1, 1, 1, 1, 1, 1, 1)",0
5,10,9,"(10, 9, 5)",col_strict,"(11, 1, 1, 1, 1, 1, 1, 1, 1, 1, 1, 1, 1, 1)",0
5,10,9,"(10, 9, 5)",col_strict,"(10, 1, 1, 1, 1, 1, 1, 1, 1, 1, 1, 1, 1, 1, 1)",1001
5,10,9,"(10, 9, 5)",col_strict,"(9, 1, 1, 1, 1, 1, 1, 1, 1, 1, 1, 1, 1, 1, 1, 1)",15015
5,10,9,"(10, 9, 5)",col_strict,"(8, 1, 1, 1, 1, 1, 1, 1, 1, 1, 1, 1, 1, 1, 1, 1, 1)",117572
5,10,9,"(10, 9, 5)",col_strict,"(7, 1, 1, 1, 1, 1, 1, 1, 1, 1, 1, 1, 1, 1, 1, 1, 1, 1)",637364
5,10,9,"(10, 9, 5)",col_strict,"(6, 1, 1, 1, 1, 1, 1, 1, 1, 1, 1, 1, 1, 1, 1, 1, 1, 1, 1)",2673216
5,10,9,"(10, 9, 5)",col_strict,"(5, 1, 1, 1, 1, 1, 1, 1, 1, 1, 1, 1, 1, 1, 1, 1, 1, 1, 1, 1)",9170616
5,10,9,"(10, 9, 5)",col_strict,"(4, 1, 1, 1, 1, 1, 1, 1, 1, 1, 1, 1, 1, 1, 1, 1, 1, 1, 1, 1, 1)",26453700
5,10,9,"(10, 9, 5)",col_strict,"(3, 1, 1, 1, 1, 1, 1, 1, 1, 1, 1, 1, 1, 1, 1, 1, 1, 1, 1, 1, 1, 1)",64605814
5,10,9,"(10, 9, 5)",col_strict,"(2, 1, 1, 1, 1, 1, 1, 1, 1, 1, 1, 1, 1, 1, 1, 1, 1, 1, 1, 1, 1, 1, 1)",131269138
5,10,9,"(10, 9, 5)",col_strict,"(1, 1, 1, 1, 1, 1, 1, 1, 1, 1, 1, 1, 1, 1, 1, 1, 1, 1, 1, 1, 1, 1, 1, 1)",208220012
5,10,9,"(10, 9, 5)",two_part,"(22, 2)",0
5,10,9,"(10, 9, 5)",two_part,"(21, 3)",0
5,10,9,"(10, 9, 5)",two_part,"(20, 4)",0
5,10,9,"(10, 9, 5)",two_part,"(19, 5)",0
5,10,9,"(10, 9, 5)",two_part,"(18, 6)",0
5,10,9,"(10, 9, 5)",two_part,"(17, 7)",0
5,10,9,"(10, 9, 5)",two_part,"(16, 8)",0
5,10,9,"(10, 9, 5)",two_part,"(15, 9)",0
5,10,9,"(10, 9, 5)",two_part,"(14, 10)",0
5,10,9,"(10, 9, 5)",two_part,"(13, 11)",0
5,10,9,"(10, 9, 5)",two_part,"(12, 12)",0
5,10,9,"(10, 9, 5)",hook_A,"(20, 2, 2)",0
5,10,9,"(10, 9, 5)",hook_A,"(18, 2, 2, 2)",0
5,10,9,"(10, 9, 5)",hook_A,"(16, 2, 2, 2, 2)",0
5,10,9,"(10, 9, 5)",hook_A,"(14, 2, 2, 2, 2, 2)",0
5,10,9,"(10, 9, 5)",hook_A,"(12, 2, 2, 2, 2, 2, 2)",0
5,10,9,"(10, 9, 5)",hook_A,"(10, 2, 2, 2, 2, 2, 2, 2)",105
5,10,9,"(10, 9, 5)",hook_A,"(8, 2, 2, 2, 2, 2, 2, 2, 2)",4662
5,10,9,"(10, 9, 5)",hook_A,"(6, 2, 2, 2, 2, 2, 2, 2, 2, 2)",51786
5,10,9,"(10, 9, 5)",hook_A,"(4, 2, 2, 2, 2, 2, 2, 2, 2, 2, 2)",287280
5,10,9,"(10, 9, 5)",hook_A,"(2, 2, 2, 2, 2, 2, 2, 2, 2, 2, 2, 2)",862169
5,11,6,"(11, 6, 5)",col_strict,"(22,)",0
5,11,6,"(11, 6, 5)",col_strict,"(21, 1)",0
5,11,6,"(11, 6, 5)",col_strict,"(20, 1, 1)",0
5,11,6,"(11, 6, 5)",col_strict,"(19, 1, 1, 1)",0
5,11,6,"(11, 6, 5)",col_strict,"(18, 1, 1, 1, 1)",0
5,11,6,"(11, 6, 5)",col_strict,"(17, 1, 1, 1, 1, 1)",0
5,11,6,"(11, 6, 5)",col_strict,"(16, 1, 1, 1, 1, 1, 1)",0
5,11,6,"(11, 6, 5)",col_strict,"(15, 1, 1, 1, 1, 1, 1, 1)",0
5,11,6,"(11, 6, 5)",col_strict,"(14, 1, 1, 1, 1, 1, 1, 1, 1)",0
5,11,6,"(11, 6, 5)",col_strict,"(13, 1, 1, 1, 1, 1, 1, 1, 1, 1)",0
5,11,6,"(11, 6, 5)",col_strict,"(12, 1, 1, 1, 1, 1, 1, 1, 1, 1, 1)",0
5,11,6,"(11, 6, 5)",col_strict,"(11, 1, 1, 1, 1, 1, 1, 1, 1, 1, 1, 1)",132
5,11,6,"(11, 6, 5)",col_strict,"(10, 1, 1, 1, 1, 1, 1, 1, 1, 1, 1, 1, 1)",1584
5,11,6,"(11, 6, 5)",col_strict,"(9, 1, 1, 1, 1, 1, 1, 1, 1, 1, 1, 1, 1, 1)",10296
5,11,6,"(11, 6, 5)",col_strict,"(8, 1, 1, 1, 1, 1, 1, 1, 1, 1, 1, 1, 1, 1, 1)",48048
5,11,6,"(11, 6, 5)",col_strict,"(7, 1, 1, 1, 1, 1, 1, 1, 1, 1, 1, 1, 1, 1, 1, 1)",180180
5,11,6,"(11, 6, 5)",col_strict,"(6, 1, 1, 1, 1, 1, 1, 1, 1, 1, 1, 1, 1, 1, 1, 1, 1)",576576
5,11,6,"(11, 6, 5)",col_strict,"(5, 1, 1, 1, 1, 1, 1, 1, 1, 1, 1, 1, 1, 1, 1, 1, 1, 1)",1629824
5,11,6,"(11, 6, 5)",col_strict,"(4, 1, 1, 1, 1, 1, 1, 1, 1, 1, 1, 1, 1, 1, 1, 1, 1, 1, 1)",4132224
5,11,6,"(11, 6, 5)",col_strict,"(3, 1, 1, 1, 1, 1, 1, 1, 1, 1, 1, 1, 1, 1, 1, 1, 1, 1, 1, 1)",9348912
5,11,6,"(11, 6, 5)",col_strict,"(2, 1, 1, 1, 1, 1, 1, 1, 1, 1, 1, 1, 1, 1, 1, 1, 1, 1, 1, 1, 1)",18294720
5,11,6,"(11, 6, 5)",col_strict,"(1, 1, 1, 1, 1, 1, 1, 1, 1, 1, 1, 1, 1, 1, 1, 1, 1, 1, 1, 1, 1, 1)",28651392
5,11,6,"(11, 6, 5)",two_part,"(20, 2)",0
5,11,6,"(11, 6, 5)",two_part,"(19, 3)",0
5,11,6,"(11, 6, 5)",two_part,"(18, 4)",0
5,11,6,"(11, 6, 5)",two_part,"(17, 5)",0
5,11,6,"(11, 6, 5)",two_part,"(16, 6)",0
5,11,6,"(11, 6, 5)",two_part,"(15, 7)",0
5,11,6,"(11, 6, 5)",two_part,"(14, 8)",0
5,11,6,"(11, 6, 5)",two_part,"(13, 9)",0
5,11,6,"(11, 6, 5)",two_part,"(12, 10)",0
5,11,6,"(11, 6, 5)",two_part,"(11, 11)",0
5,11,6,"(11, 6, 5)",hook_A,"(18, 2, 2)",0
5,11,6,"(11, 6, 5)",hook_A,"(16, 2, 2, 2)",0
5,11,6,"(11, 6, 5)",hook_A,"(14, 2, 2, 2, 2)",0
5,11,6,"(11, 6, 5)",hook_A,"(12, 2, 2, 2, 2, 2)",0
5,11,6,"(11, 6, 5)",hook_A,"(10, 2, 2, 2, 2, 2, 2)",126
5,11,6,"(11, 6, 5)",hook_A,"(8, 2, 2, 2, 2, 2, 2, 2)",1932
5,11,6,"(11, 6, 5)",hook_A,"(6, 2, 2, 2, 2, 2, 2, 2, 2)",14336
5,11,6,"(11, 6, 5)",hook_A,"(4, 2, 2, 2, 2, 2, 2, 2, 2, 2)",68760
5,11,6,"(11, 6, 5)",hook_A,"(2, 2, 2, 2, 2, 2, 2, 2, 2, 2, 2)",199980
5,11,8,"(11, 8, 5)",col_strict,"(24,)",0
5,11,8,"(11, 8, 5)",col_strict,"(23, 1)",0
5,11,8,"(11, 8, 5)",col_strict,"(22, 1, 1)",0
5,11,8,"(11, 8, 5)",col_strict,"(21, 1, 1, 1)",0
5,11,8,"(11, 8, 5)",col_strict,"(20, 1, 1, 1, 1)",0
5,11,8,"(11, 8, 5)",col_strict,"(19, 1, 1, 1, 1, 1)",0
5,11,8,"(11, 8, 5)",col_strict,"(18, 1, 1, 1, 1, 1, 1)",0
5,11,8,"(11, 8, 5)",col_strict,"(17, 1, 1, 1, 1, 1, 1, 1)",0
5,11,8,"(11, 8, 5)",col_strict,"(16, 1, 1, 1, 1, 1, 1, 1, 1)",0
5,11,8,"(11, 8, 5)",col_strict,"(15, 1, 1, 1, 1, 1, 1, 1, 1, 1)",0
5,11,8,"(11, 8, 5)",col_strict,"(14, 1, 1, 1, 1, 1, 1, 1, 1, 1, 1)",0
5,11,8,"(11, 8, 5)",col_strict,"(13, 1, 1, 1, 1, 1, 1, 1, 1, 1, 1, 1)",0
5,11,8,"(11, 8, 5)",col_strict,"(12, 1, 1, 1, 1, 1, 1, 1, 1, 1, 1, 1, 1)",0
5,11,8,"(11, 8, 5)",col_strict,"(11, 1, 1, 1, 1, 1, 1, 1, 1, 1, 1, 1, 1, 1)",572
5,11,8,"(11, 8, 5)",col_strict,"(10, 1, 1, 1, 1, 1, 1, 1, 1, 1, 1, 1, 1, 1, 1)",8008
5,11,8,"(11, 8, 5)",col_strict,"(9, 1, 1, 1, 1, 1, 1, 1, 1, 1, 1, 1, 1, 1, 1, 1)",60060
5,11,8,"(11, 8, 5)",col_strict,"(8, 1, 1, 1, 1, 1, 1, 1, 1, 1, 1, 1, 1, 1, 1, 1, 1)",320320
5,11,8,"(11, 8, 5)",col_strict,"(7, 1, 1, 1, 1, 1, 1, 1, 1, 1, 1, 1, 1, 1, 1, 1, 1, 1)",1357552
5,11,8,"(11, 8, 5)",col_strict,"(6, 1, 1, 1, 1, 1, 1, 1, 1, 1, 1, 1, 1, 1, 1, 1, 1, 1, 1)",4832352
5,11,8,"(11, 8, 5)",col_strict,"(5, 1, 1, 1, 1, 1, 1, 1, 1, 1, 1, 1, 1, 1, 1, 1, 1, 1, 1, 1)",14868336
5,11,8,"(11, 8, 5)",col_strict,"(4, 1, 1, 1, 1, 1, 1, 1, 1, 1, 1, 1, 1, 1, 1, 1, 1, 1, 1, 1, 1)",40000320
5,11,8,"(11, 8, 5)",col_strict,"(3, 1, 1, 1, 1, 1, 1, 1, 1, 1, 1, 1, 1, 1, 1, 1, 1, 1, 1, 1, 1, 1)",93695840
5,11,8,"(11, 8, 5)",col_strict,"(2, 1, 1, 1, 1, 1, 1, 1, 1, 1, 1, 1, 1, 1, 1, 1, 1, 1, 1, 1, 1, 1, 1)",186234048
5,11,8,"(11, 8, 5)",col_strict,"(1, 1, 1, 1, 1, 1, 1, 1, 1, 1, 1, 1, 1, 1, 1, 1, 1, 1, 1, 1, 1, 1, 1, 1)",292880896
5,11,8,"(11, 8, 5)",two_part,"(22, 2)",0
5,11,8,"(11, 8, 5)",two_part,"(21, 3)",0
5,11,8,"(11, 8, 5)",two_part,"(20, 4)",0
5,11,8,"(11, 8, 5)",two_part,"(19, 5)",0
5,11,8,"(11, 8, 5)",two_part,"(18, 6)",0
5,11,8,"(11, 8, 5)",two_part,"(17, 7)",0
5,11,8,"(11, 8, 5)",two_part,"(16, 8)",0
5,11,8,"(11, 8, 5)",two_part,"(15, 9)",0
5,11,8,"(11, 8, 5)",two_part,"(14, 10)",0
5,11,8,"(11, 8, 5)",two_part,"(13, 11)",0
5,11,8,"(11, 8, 5)",two_part,"(12, 12)",0
5,11,8,"(11, 8, 5)",hook_A,"(20, 2, 2)",0
5,11,8,"(11, 8, 5)",hook_A,"(18, 2, 2, 2)",0
5,11,8,"(11, 8, 5)",hook_A,"(16, 2, 2, 2, 2)",0
5,11,8,"(11, 8, 5)",hook_A,"(14, 2, 2, 2, 2, 2)",0
5,11,8,"(11, 8, 5)",hook_A,"(12, 2, 2, 2, 2, 2, 2)",0
5,11,8,"(11, 8, 5)",hook_A,"(10, 2, 2, 2, 2, 2, 2, 2)",532
5,11,8,"(11, 8, 5)",hook_A,"(8, 2, 2, 2, 2, 2, 2, 2, 2)",10192
5,11,8,"(11, 8, 5)",hook_A,"(6, 2, 2, 2, 2, 2, 2, 2, 2, 2)",87696
5,11,8,"(11, 8, 5)",hook_A,"(4, 2, 2, 2, 2, 2, 2, 2, 2, 2, 2)",444000
5,11,8,"(11, 8, 5)",hook_A,"(2, 2, 2, 2, 2, 2, 2, 2, 2, 2, 2, 2)",1298176
5,11,10,"(11, 10, 5)",col_strict,"(26,)",0
5,11,10,"(11, 10, 5)",col_strict,"(25, 1)",0
5,11,10,"(11, 10, 5)",col_strict,"(24, 1, 1)",0
5,11,10,"(11, 10, 5)",col_strict,"(23, 1, 1, 1)",0
5,11,10,"(11, 10, 5)",col_strict,"(22, 1, 1, 1, 1)",0
5,11,10,"(11, 10, 5)",col_strict,"(21, 1, 1, 1, 1, 1)",0
5,11,10,"(11, 10, 5)",col_strict,"(20, 1, 1, 1, 1, 1, 1)",0
5,11,10,"(11, 10, 5)",col_strict,"(19, 1, 1, 1, 1, 1, 1, 1)",0
5,11,10,"(11, 10, 5)",col_strict,"(18, 1, 1, 1, 1, 1, 1, 1, 1)",0
5,11,10,"(11, 10, 5)",col_strict,"(17, 1, 1, 1, 1, 1, 1, 1, 1, 1)",0
5,11,10,"(11, 10, 5)",col_strict,"(16, 1, 1, 1, 1, 1, 1, 1, 1, 1, 1)",0
5,11,10,"(11, 10, 5)",col_strict,"(15, 1, 1, 1, 1, 1, 1, 1, 1, 1, 1, 1)",0
5,11,10,"(11, 10, 5)",col_strict,"(14, 1, 1, 1, 1, 1, 1, 1, 1, 1, 1, 1, 1)",0
5,11,10,"(11, 10, 5)",col_strict,"(13, 1, 1, 1, 1, 1, 1, 1, 1, 1, 1, 1, 1, 1)",0
5,11,10,"(11, 10, 5)",col_strict,"(12, 1, 1, 1, 1, 1, 1, 1, 1, 1, 1, 1, 1, 1, 1)",0
5,11,10,"(11, 10, 5)",col_strict,"(11, 1, 1, 1, 1, 1, 1, 1, 1, 1, 1, 1, 1, 1, 1, 1)",1638
5,11,10,"(11, 10, 5)",col_strict,"(10, 1, 1, 1, 1, 1, 1, 1, 1, 1, 1, 1, 1, 1, 1, 1, 1)",26208
5,11,10,"(11, 10, 5)",col_strict,"(9, 1, 1, 1, 1, 1, 1, 1, 1, 1, 1, 1, 1, 1, 1, 1, 1, 1)",218960
5,11,10,"(11, 10, 5)",col_strict,"(8, 1, 1, 1, 1, 1, 1, 1, 1, 1, 1, 1, 1, 1, 1, 1, 1, 1, 1)",1268064
5,11,10,"(11, 10, 5)",col_strict,"(7, 1, 1, 1, 1, 1, 1, 1, 1, 1, 1, 1, 1, 1, 1, 1, 1, 1, 1, 1)",5697720
5,11,10,"(11, 10, 5)",col_strict,"(6, 1, 1, 1, 1, 1, 1, 1, 1, 1, 1, 1, 1, 1, 1, 1, 1, 1, 1, 1, 1)",21054432
5,11,10,"(11, 10, 5)",col_strict,"(5, 1, 1, 1, 1, 1, 1, 1, 1, 1, 1, 1, 1, 1, 1, 1, 1, 1, 1, 1, 1, 1)",66093552
5,11,10,"(11, 10, 5)",col_strict,"(4, 1, 1, 1, 1, 1, 1, 1, 1, 1, 1, 1, 1, 1, 1, 1, 1, 1, 1, 1, 1, 1, 1)",179071200
5,11,10,"(11, 10, 5)",col_strict,"(3, 1, 1, 1, 1, 1, 1, 1, 1, 1, 1, 1, 1, 1, 1, 1, 1, 1, 1, 1, 1, 1, 1, 1)",418936168
5,11,10,"(11, 10, 5)",col_strict,"(2, 1, 1, 1, 1, 1, 1, 1, 1, 1, 1, 1, 1, 1, 1, 1, 1, 1, 1, 1, 1, 1, 1, 1, 1)",828719808
5,11,10,"(11, 10, 5)",col_strict,"(1, 1, 1, 1, 1, 1, 1, 1, 1, 1, 1, 1, 1, 1, 1, 1, 1, 1, 1, 1, 1, 1, 1, 1, 1, 1)",1297994880
5,11,10,"(11, 10, 5)",two_part,"(24, 2)",0
5,11,10,"(11, 10, 5)",two_part,"(23, 3)",0
5,11,10,"(11, 10, 5)",two_part,"(22, 4)",0
5,11,10,"(11, 10, 5)",two_part,"(21, 5)",0
5,11,10,"(11, 10, 5)",two_part,"(20, 6)",0
5,11,10,"(11, 10, 5)",two_part,"(19, 7)",0
5,11,10,"(11, 10, 5)",two_part,"(18, 8)",0
5,11,10,"(11, 10, 5)",two_part,"(17, 9)",0
5,11,10,"(11, 10, 5)",two_part,"(16, 10)",0
5,11,10,"(11, 10, 5)",two_part,"(15, 11)",0
5,11,10,"(11, 10, 5)",two_part,"(14, 12)",0
5,11,10,"(11, 10, 5)",two_part,"(13, 13)",0
5,11,10,"(11, 10, 5)",hook_A,"(22, 2, 2)",0
5,11,10,"(11, 10, 5)",hook_A,"(20, 2, 2, 2)",0
5,11,10,"(11, 10, 5)",hook_A,"(18, 2, 2, 2, 2)",0
5,11,10,"(11, 10, 5)",hook_A,"(16, 2, 2, 2, 2, 2)",0
5,11,10,"(11, 10, 5)",hook_A,"(14, 2, 2, 2, 2, 2, 2)",0
5,11,10,"(11, 10, 5)",hook_A,"(12, 2, 2, 2, 2, 2, 2, 2)",0
5,11,10,"(11, 10, 5)",hook_A,"(10, 2, 2, 2, 2, 2, 2, 2, 2)",1512
5,11,10,"(11, 10, 5)",hook_A,"(8, 2, 2, 2, 2, 2, 2, 2, 2, 2)",31752
5,11,10,"(11, 10, 5)",hook_A,"(6, 2, 2, 2, 2, 2, 2, 2, 2, 2, 2)",275184
5,11,10,"(11, 10, 5)",hook_A,"(4, 2, 2, 2, 2, 2, 2, 2, 2, 2, 2, 2)",1364220
5,11,10,"(11, 10, 5)",hook_A,"(2, 2, 2, 2, 2, 2, 2, 2, 2, 2, 2, 2, 2)",3916848
5,12,5,"(12, 5, 5)",col_strict,"(22,)",0
5,12,5,"(12, 5, 5)",col_strict,"(21, 1)",0
5,12,5,"(12, 5, 5)",col_strict,"(20, 1, 1)",0
5,12,5,"(12, 5, 5)",col_strict,"(19, 1, 1, 1)",0
5,12,5,"(12, 5, 5)",col_strict,"(18, 1, 1, 1, 1)",0
5,12,5,"(12, 5, 5)",col_strict,"(17, 1, 1, 1, 1, 1)",0
5,12,5,"(12, 5, 5)",col_strict,"(16, 1, 1, 1, 1, 1, 1)",0
5,12,5,"(12, 5, 5)",col_strict,"(15, 1, 1, 1, 1, 1, 1, 1)",0
5,12,5,"(12, 5, 5)",col_strict,"(14, 1, 1, 1, 1, 1, 1, 1, 1)",0
5,12,5,"(12, 5, 5)",col_strict,"(13, 1, 1, 1, 1, 1, 1, 1, 1, 1)",0
5,12,5,"(12, 5, 5)",col_strict,"(12, 1, 1, 1, 1, 1, 1, 1, 1, 1, 1)",42
5,12,5,"(12, 5, 5)",col_strict,"(11, 1, 1, 1, 1, 1, 1, 1, 1, 1, 1, 1)",462
5,12,5,"(12, 5, 5)",col_strict,"(10, 1, 1, 1, 1, 1, 1, 1, 1, 1, 1, 1, 1)",2772
5,12,5,"(12, 5, 5)",col_strict,"(9, 1, 1, 1, 1, 1, 1, 1, 1, 1, 1, 1, 1, 1)",12012
5,12,5,"(12, 5, 5)",col_strict,"(8, 1, 1, 1, 1, 1, 1, 1, 1, 1, 1, 1, 1, 1, 1)",42042
5,12,5,"(12, 5, 5)",col_strict,"(7, 1, 1, 1, 1, 1, 1, 1, 1, 1, 1, 1, 1, 1, 1, 1)",126126
5,12,5,"(12, 5, 5)",col_strict,"(6, 1, 1, 1, 1, 1, 1, 1, 1, 1, 1, 1, 1, 1, 1, 1, 1)",336336
5,12,5,"(12, 5, 5)",col_strict,"(5, 1, 1, 1, 1, 1, 1, 1, 1, 1, 1, 1, 1, 1, 1, 1, 1, 1)",816816
5,12,5,"(12, 5, 5)",col_strict,"(4, 1, 1, 1, 1, 1, 1, 1, 1, 1, 1, 1, 1, 1, 1, 1, 1, 1, 1)",1832328
5,12,5,"(12, 5, 5)",col_strict,"(3, 1, 1, 1, 1, 1, 1, 1, 1, 1, 1, 1, 1, 1, 1, 1, 1, 1, 1, 1)",3790728
5,12,5,"(12, 5, 5)",col_strict,"(2, 1, 1, 1, 1, 1, 1, 1, 1, 1, 1, 1, 1, 1, 1, 1, 1, 1, 1, 1, 1)",7023312
5,12,5,"(12, 5, 5)",col_strict,"(1, 1, 1, 1, 1, 1, 1, 1, 1, 1, 1, 1, 1, 1, 1, 1, 1, 1, 1, 1, 1, 1)",10744272
5,12,5,"(12, 5, 5)",two_part,"(20, 2)",0
5,12,5,"(12, 5, 5)",two_part,"(19, 3)",0
5,12,5,"(12, 5, 5)",two_part,"(18, 4)",0
5,12,5,"(12, 5, 5)",two_part,"(17, 5)",0
5,12,5,"(12, 5, 5)",two_part,"(16, 6)",0
5,12,5,"(12, 5, 5)",two_part,"(15, 7)",0
5,12,5,"(12, 5, 5)",two_part,"(14, 8)",0
5,12,5,"(12, 5, 5)",two_part,"(13, 9)",0
5,12,5,"(12, 5, 5)",two_part,"(12, 10)",0
5,12,5,"(12, 5, 5)",two_part,"(11, 11)",0
5,12,5,"(12, 5, 5)",hook_A,"(18, 2, 2)",0
5,12,5,"(12, 5, 5)",hook_A,"(16, 2, 2, 2)",0
5,12,5,"(12, 5, 5)",hook_A,"(14, 2, 2, 2, 2)",0
5,12,5,"(12, 5, 5)",hook_A,"(12, 2, 2, 2, 2, 2)",6
5,12,5,"(12, 5, 5)",hook_A,"(10, 2, 2, 2, 2, 2, 2)",171
5,12,5,"(12, 5, 5)",hook_A,"(8, 2, 2, 2, 2, 2, 2, 2)",1526
5,12,5,"(12, 5, 5)",hook_A,"(6, 2, 2, 2, 2, 2, 2, 2, 2)",8288
5,12,5,"(12, 5, 5)",hook_A,"(4, 2, 2, 2, 2, 2, 2, 2, 2, 2)",33048
5,12,5,"(12, 5, 5)",hook_A,"(2, 2, 2, 2, 2, 2, 2, 2, 2, 2, 2)",89694
5,12,7,"(12, 7, 5)",col_strict,"(24,)",0
5,12,7,"(12, 7, 5)",col_strict,"(23, 1)",0
5,12,7,"(12, 7, 5)",col_strict,"(22, 1, 1)",0
5,12,7,"(12, 7, 5)",col_strict,"(21, 1, 1, 1)",0
5,12,7,"(12, 7, 5)",col_strict,"(20, 1, 1, 1, 1)",0
5,12,7,"(12, 7, 5)",col_strict,"(19, 1, 1, 1, 1, 1)",0
5,12,7,"(12, 7, 5)",col_strict,"(18, 1, 1, 1, 1, 1, 1)",0
5,12,7,"(12, 7, 5)",col_strict,"(17, 1, 1, 1, 1, 1, 1, 1)",0
5,12,7,"(12, 7, 5)",col_strict,"(16, 1, 1, 1, 1, 1, 1, 1, 1)",0
5,12,7,"(12, 7, 5)",col_strict,"(15, 1, 1, 1, 1, 1, 1, 1, 1, 1)",0
5,12,7,"(12, 7, 5)",col_strict,"(14, 1, 1, 1, 1, 1, 1, 1, 1, 1, 1)",0
5,12,7,"(12, 7, 5)",col_strict,"(13, 1, 1, 1, 1, 1, 1, 1, 1, 1, 1, 1)",0
5,12,7,"(12, 7, 5)",col_strict,"(12, 1, 1, 1, 1, 1, 1, 1, 1, 1, 1, 1, 1)",297
5,12,7,"(12, 7, 5)",col_strict,"(11, 1, 1, 1, 1, 1, 1, 1, 1, 1, 1, 1, 1, 1)",3861
5,12,7,"(12, 7, 5)",col_strict,"(10, 1, 1, 1, 1, 1, 1, 1, 1, 1, 1, 1, 1, 1, 1)",27027
5,12,7,"(12, 7, 5)",col_strict,"(9, 1, 1, 1, 1, 1, 1, 1, 1, 1, 1, 1, 1, 1, 1, 1)",135135
5,12,7,"(12, 7, 5)",col_strict,"(8, 1, 1, 1, 1, 1, 1, 1, 1, 1, 1, 1, 1, 1, 1, 1, 1)",540540
5,12,7,"(12, 7, 5)",col_strict,"(7, 1, 1, 1, 1, 1, 1, 1, 1, 1, 1, 1, 1, 1, 1, 1, 1, 1)",1837836
5,12,7,"(12, 7, 5)",col_strict,"(6, 1, 1, 1, 1, 1, 1, 1, 1, 1, 1, 1, 1, 1, 1, 1, 1, 1, 1)",5508000
5,12,7,"(12, 7, 5)",col_strict,"(5, 1, 1, 1, 1, 1, 1, 1, 1, 1, 1, 1, 1, 1, 1, 1, 1, 1, 1, 1)",14860584
5,12,7,"(12, 7, 5)",col_strict,"(4, 1, 1, 1, 1, 1, 1, 1, 1, 1, 1, 1, 1, 1, 1, 1, 1, 1, 1, 1, 1)",36366570
5,12,7,"(12, 7, 5)",col_strict,"(3, 1, 1, 1, 1, 1, 1, 1, 1, 1, 1, 1, 1, 1, 1, 1, 1, 1, 1, 1, 1, 1)",80058780
5,12,7,"(12, 7, 5)",col_strict,"(2, 1, 1, 1, 1, 1, 1, 1, 1, 1, 1, 1, 1, 1, 1, 1, 1, 1, 1, 1, 1, 1, 1)",153681462
5,12,7,"(12, 7, 5)",col_strict,"(1, 1, 1, 1, 1, 1, 1, 1, 1, 1, 1, 1, 1, 1, 1, 1, 1, 1, 1, 1, 1, 1, 1, 1)",238292604
5,12,7,"(12, 7, 5)",two_part,"(22, 2)",0
5,12,7,"(12, 7, 5)",two_part,"(21, 3)",0
5,12,7,"(12, 7, 5)",two_part,"(20, 4)",0
5,12,7,"(12, 7, 5)",two_part,"(19, 5)",0
5,12,7,"(12, 7, 5)",two_part,"(18, 6)",0
5,12,7,"(12, 7, 5)",two_part,"(17, 7)",0
5,12,7,"(12, 7, 5)",two_part,"(16, 8)",0
5,12,7,"(12, 7, 5)",two_part,"(15, 9)",0
5,12,7,"(12, 7, 5)",two_part,"(14, 10)",0
5,12,7,"(12, 7, 5)",two_part,"(13, 11)",0
5,12,7,"(12, 7, 5)",two_part,"(12, 12)",0
5,12,7,"(12, 7, 5)",hook_A,"(20, 2, 2)",0
5,12,7,"(12, 7, 5)",hook_A,"(18, 2, 2, 2)",0
5,12,7,"(12, 7, 5)",hook_A,"(16, 2, 2, 2, 2)",0
5,12,7,"(12, 7, 5)",hook_A,"(14, 2, 2, 2, 2, 2)",0
5,12,7,"(12, 7, 5)",hook_A,"(12, 2, 2, 2, 2, 2, 2)",36
5,12,7,"(12, 7, 5)",hook_A,"(10, 2, 2, 2, 2, 2, 2, 2)",1323
5,12,7,"(12, 7, 5)",hook_A,"(8, 2, 2, 2, 2, 2, 2, 2, 2)",14616
5,12,7,"(12, 7, 5)",hook_A,"(6, 2, 2, 2, 2, 2, 2, 2, 2, 2)",95040
5,12,7,"(12, 7, 5)",hook_A,"(4, 2, 2, 2, 2, 2, 2, 2, 2, 2, 2)",422415
5,12,7,"(12, 7, 5)",hook_A,"(2, 2, 2, 2, 2, 2, 2, 2, 2, 2, 2, 2)",1184139
5,12,9,"(12, 9, 5)",col_strict,"(26,)",0
5,12,9,"(12, 9, 5)",col_strict,"(25, 1)",0
5,12,9,"(12, 9, 5)",col_strict,"(24, 1, 1)",0
5,12,9,"(12, 9, 5)",col_strict,"(23, 1, 1, 1)",0
5,12,9,"(12, 9, 5)",col_strict,"(22, 1, 1, 1, 1)",0
5,12,9,"(12, 9, 5)",col_strict,"(21, 1, 1, 1, 1, 1)",0
5,12,9,"(12, 9, 5)",col_strict,"(20, 1, 1, 1, 1, 1, 1)",0
5,12,9,"(12, 9, 5)",col_strict,"(19, 1, 1, 1, 1, 1, 1, 1)",0
5,12,9,"(12, 9, 5)",col_strict,"(18, 1, 1, 1, 1, 1, 1, 1, 1)",0
5,12,9,"(12, 9, 5)",col_strict,"(17, 1, 1, 1, 1, 1, 1, 1, 1, 1)",0
5,12,9,"(12, 9, 5)",col_strict,"(16, 1, 1, 1, 1, 1, 1, 1, 1, 1, 1)",0
5,12,9,"(12, 9, 5)",col_strict,"(15, 1, 1, 1, 1, 1, 1, 1, 1, 1, 1, 1)",0
5,12,9,"(12, 9, 5)",col_strict,"(14, 1, 1, 1, 1, 1, 1, 1, 1, 1, 1, 1, 1)",0
5,12,9,"(12, 9, 5)",col_strict,"(13, 1, 1, 1, 1, 1, 1, 1, 1, 1, 1, 1, 1, 1)",0
5,12,9,"(12, 9, 5)",col_strict,"(12, 1, 1, 1, 1, 1, 1, 1, 1, 1, 1, 1, 1, 1, 1)",1001
5,12,9,"(12, 9, 5)",col_strict,"(11, 1, 1, 1, 1, 1, 1, 1, 1, 1, 1, 1, 1, 1, 1, 1)",15015
5,12,9,"(12, 9, 5)",col_strict,"(10, 1, 1, 1, 1, 1, 1, 1, 1, 1, 1, 1, 1, 1, 1, 1, 1)",120120
5,12,9,"(12, 9, 5)",col_strict,"(9, 1, 1, 1, 1, 1, 1, 1, 1, 1, 1, 1, 1, 1, 1, 1, 1, 1)",680680
5,12,9,"(12, 9, 5)",col_strict,"(8, 1, 1, 1, 1, 1, 1, 1, 1, 1, 1, 1, 1, 1, 1, 1, 1, 1, 1)",3057552
5,12,9,"(12, 9, 5)",col_strict,"(7, 1, 1, 1, 1, 1, 1, 1, 1, 1, 1, 1, 1, 1, 1, 1, 1, 1, 1, 1)",11534976
5,12,9,"(12, 9, 5)",col_strict,"(6, 1, 1, 1, 1, 1, 1, 1, 1, 1, 1, 1, 1, 1, 1, 1, 1, 1, 1, 1, 1)",37752240
5,12,9,"(12, 9, 5)",col_strict,"(5, 1, 1, 1, 1, 1, 1, 1, 1, 1, 1, 1, 1, 1, 1, 1, 1, 1, 1, 1, 1, 1)",109070640
5,12,9,"(12, 9, 5)",col_strict,"(4, 1, 1, 1, 1, 1, 1, 1, 1, 1, 1, 1, 1, 1, 1, 1, 1, 1, 1, 1, 1, 1, 1)",279798750
5,12,9,"(12, 9, 5)",col_strict,"(3, 1, 1, 1, 1, 1, 1, 1, 1, 1, 1, 1, 1, 1, 1, 1, 1, 1, 1, 1, 1, 1, 1, 1)",632995374
5,12,9,"(12, 9, 5)",col_strict,"(2, 1, 1, 1, 1, 1, 1, 1, 1, 1, 1, 1, 1, 1, 1, 1, 1, 1, 1, 1, 1, 1, 1, 1, 1)",1229707512
5,12,9,"(12, 9, 5)",col_strict,"(1, 1, 1, 1, 1, 1, 1, 1, 1, 1, 1, 1, 1, 1, 1, 1, 1, 1, 1, 1, 1, 1, 1, 1, 1, 1)",1912224600
5,12,9,"(12, 9, 5)",two_part,"(24, 2)",0
5,12,9,"(12, 9, 5)",two_part,"(23, 3)",0
5,12,9,"(12, 9, 5)",two_part,"(22, 4)",0
5,12,9,"(12, 9, 5)",two_part,"(21, 5)",0
5,12,9,"(12, 9, 5)",two_part,"(20, 6)",0
5,12,9,"(12, 9, 5)",two_part,"(19, 7)",0
5,12,9,"(12, 9, 5)",two_part,"(18, 8)",0
5,12,9,"(12, 9, 5)",two_part,"(17, 9)",0
5,12,9,"(12, 9, 5)",two_part,"(16, 10)",0
5,12,9,"(12, 9, 5)",two_part,"(15, 11)",0
5,12,9,"(12, 9, 5)",two_part,"(14, 12)",0
5,12,9,"(12, 9, 5)",two_part,"(13, 13)",0
5,12,9,"(12, 9, 5)",hook_A,"(22, 2, 2)",0
5,12,9,"(12, 9, 5)",hook_A,"(20, 2, 2, 2)",0
5,12,9,"(12, 9, 5)",hook_A,"(18, 2, 2, 2, 2)",0
5,12,9,"(12, 9, 5)",hook_A,"(16, 2, 2, 2, 2, 2)",0
5,12,9,"(12, 9, 5)",hook_A,"(14, 2, 2, 2, 2, 2, 2)",0
5,12,9,"(12, 9, 5)",hook_A,"(12, 2, 2, 2, 2, 2, 2, 2)",105
5,12,9,"(12, 9, 5)",hook_A,"(10, 2, 2, 2, 2, 2, 2, 2, 2)",4900
5,12,9,"(12, 9, 5)",hook_A,"(8, 2, 2, 2, 2, 2, 2, 2, 2, 2)",65052
5,12,9,"(12, 9, 5)",hook_A,"(6, 2, 2, 2, 2, 2, 2, 2, 2, 2, 2)",472590
5,12,9,"(12, 9, 5)",hook_A,"(4, 2, 2, 2, 2, 2, 2, 2, 2, 2, 2, 2)",2185095
5,12,9,"(12, 9, 5)",hook_A,"(2, 2, 2, 2, 2, 2, 2, 2, 2, 2, 2, 2, 2)",6141564
5,12,11,"(12, 11, 5)",col_strict,"(28,)",0
5,12,11,"(12, 11, 5)",col_strict,"(27, 1)",0
5,12,11,"(12, 11, 5)",col_strict,"(26, 1, 1)",0
5,12,11,"(12, 11, 5)",col_strict,"(25, 1, 1, 1)",0
5,12,11,"(12, 11, 5)",col_strict,"(24, 1, 1, 1, 1)",0
5,12,11,"(12, 11, 5)",col_strict,"(23, 1, 1, 1, 1, 1)",0
5,12,11,"(12, 11, 5)",col_strict,"(22, 1, 1, 1, 1, 1, 1)",0
5,12,11,"(12, 11, 5)",col_strict,"(21, 1, 1, 1, 1, 1, 1, 1)",0
5,12,11,"(12, 11, 5)",col_strict,"(20, 1, 1, 1, 1, 1, 1, 1, 1)",0
5,12,11,"(12, 11, 5)",col_strict,"(19, 1, 1, 1, 1, 1, 1, 1, 1, 1)",0
5,12,11,"(12, 11, 5)",col_strict,"(18, 1, 1, 1, 1, 1, 1, 1, 1, 1, 1)",0
5,12,11,"(12, 11, 5)",col_strict,"(17, 1, 1, 1, 1, 1, 1, 1, 1, 1, 1, 1)",0
5,12,11,"(12, 11, 5)",col_strict,"(16, 1, 1, 1, 1, 1, 1, 1, 1, 1, 1, 1, 1)",0
5,12,11,"(12, 11, 5)",col_strict,"(15, 1, 1, 1, 1, 1, 1, 1, 1, 1, 1, 1, 1, 1)",0
5,12,11,"(12, 11, 5)",col_strict,"(14, 1, 1, 1, 1, 1, 1, 1, 1, 1, 1, 1, 1, 1, 1)",0
5,12,11,"(12, 11, 5)",col_strict,"(13, 1, 1, 1, 1, 1, 1, 1, 1, 1, 1, 1, 1, 1, 1, 1)",0
5,12,11,"(12, 11, 5)",col_strict,"(12, 1, 1, 1, 1, 1, 1, 1, 1, 1, 1, 1, 1, 1, 1, 1, 1)",2548
5,12,11,"(12, 11, 5)",col_strict,"(11, 1, 1, 1, 1, 1, 1, 1, 1, 1, 1, 1, 1, 1, 1, 1, 1, 1)",43316
5,12,11,"(12, 11, 5)",col_strict,"(10, 1, 1, 1, 1, 1, 1, 1, 1, 1, 1, 1, 1, 1, 1, 1, 1, 1, 1)",384336
5,12,11,"(12, 11, 5)",col_strict,"(9, 1, 1, 1, 1, 1, 1, 1, 1, 1, 1, 1, 1, 1, 1, 1, 1, 1, 1, 1)",2364360
5,12,11,"(12, 11, 5)",col_strict,"(8, 1, 1, 1, 1, 1, 1, 1, 1, 1, 1, 1, 1, 1, 1, 1, 1, 1, 1, 1, 1)",11298540
5,12,11,"(12, 11, 5)",col_strict,"(7, 1, 1, 1, 1, 1, 1, 1, 1, 1, 1, 1, 1, 1, 1, 1, 1, 1, 1, 1, 1, 1)",44523612
5,12,11,"(12, 11, 5)",col_strict,"(6, 1, 1, 1, 1, 1, 1, 1, 1, 1, 1, 1, 1, 1, 1, 1, 1, 1, 1, 1, 1, 1, 1)",149822904
5,12,11,"(12, 11, 5)",col_strict,"(5, 1, 1, 1, 1, 1, 1, 1, 1, 1, 1, 1, 1, 1, 1, 1, 1, 1, 1, 1, 1, 1, 1, 1)",439321344
5,12,11,"(12, 11, 5)",col_strict,"(4, 1, 1, 1, 1, 1, 1, 1, 1, 1, 1, 1, 1, 1, 1, 1, 1, 1, 1, 1, 1, 1, 1, 1, 1)",1132625340
5,12,11,"(12, 11, 5)",col_strict,"(3, 1, 1, 1, 1, 1, 1, 1, 1, 1, 1, 1, 1, 1, 1, 1, 1, 1, 1, 1, 1, 1, 1, 1, 1, 1)",2558547600
5,12,11,"(12, 11, 5)",col_strict,"(2, 1, 1, 1, 1, 1, 1, 1, 1, 1, 1, 1, 1, 1, 1, 1, 1, 1, 1, 1, 1, 1, 1, 1, 1, 1, 1)",4948605480
5,12,11,"(12, 11, 5)",col_strict,"(1, 1, 1, 1, 1, 1, 1, 1, 1, 1, 1, 1, 1, 1, 1, 1, 1, 1, 1, 1, 1, 1, 1, 1, 1, 1, 1, 1)",7666282260
5,12,11,"(12, 11, 5)",two_part,"(26, 2)",0
5,12,11,"(12, 11, 5)",two_part,"(25, 3)",0
5,12,11,"(12, 11, 5)",two_part,"(24, 4)",0
5,12,11,"(12, 11, 5)",two_part,"(23, 5)",0
5,12,11,"(12, 11, 5)",two_part,"(22, 6)",0
5,12,11,"(12, 11, 5)",two_part,"(21, 7)",0
5,12,11,"(12, 11, 5)",two_part,"(20, 8)",0
5,12,11,"(12, 11, 5)",two_part,"(19, 9)",0
5,12,11,"(12, 11, 5)",two_part,"(18, 10)",0
5,12,11,"(12, 11, 5)",two_part,"(17, 11)",0
5,12,11,"(12, 11, 5)",two_part,"(16, 12)",0
5,12,11,"(12, 11, 5)",two_part,"(15, 13)",0
5,12,11,"(12, 11, 5)",two_part,"(14, 14)",0
5,12,11,"(12, 11, 5)",hook_A,"(24, 2, 2)",0
5,12,11,"(12, 11, 5)",hook_A,"(22, 2, 2, 2)",0
5,12,11,"(12, 11, 5)",hook_A,"(20, 2, 2, 2, 2)",0
5,12,11,"(12, 11, 5)",hook_A,"(18, 2, 2, 2, 2, 2)",0
5,12,11,"(12, 11, 5)",hook_A,"(16, 2, 2, 2, 2, 2, 2)",0
5,12,11,"(12, 11, 5)",hook_A,"(14, 2, 2, 2, 2, 2, 2, 2)",0
5,12,11,"(12, 11, 5)",hook_A,"(12, 2, 2, 2, 2, 2, 2, 2, 2)",238
5,12,11,"(12, 11, 5)",hook_A,"(10, 2, 2, 2, 2, 2, 2, 2, 2, 2)",13266
5,12,11,"(12, 11, 5)",hook_A,"(8, 2, 2, 2, 2, 2, 2, 2, 2, 2, 2)",185310
5,12,11,"(12, 11, 5)",hook_A,"(6, 2, 2, 2, 2, 2, 2, 2, 2, 2, 2, 2)",1346994
5,12,11,"(12, 11, 5)",hook_A,"(4, 2, 2, 2, 2, 2, 2, 2, 2, 2, 2, 2, 2)",6116715
5,12,11,"(12, 11, 5)",hook_A,"(2, 2, 2, 2, 2, 2, 2, 2, 2, 2, 2, 2, 2, 2)",16921632
5,13,6,"(13, 6, 5)",col_strict,"(24,)",0
5,13,6,"(13, 6, 5)",col_strict,"(23, 1)",0
5,13,6,"(13, 6, 5)",col_strict,"(22, 1, 1)",0
5,13,6,"(13, 6, 5)",col_strict,"(21, 1, 1, 1)",0
5,13,6,"(13, 6, 5)",col_strict,"(20, 1, 1, 1, 1)",0
5,13,6,"(13, 6, 5)",col_strict,"(19, 1, 1, 1, 1, 1)",0
5,13,6,"(13, 6, 5)",col_strict,"(18, 1, 1, 1, 1, 1, 1)",0
5,13,6,"(13, 6, 5)",col_strict,"(17, 1, 1, 1, 1, 1, 1, 1)",0
5,13,6,"(13, 6, 5)",col_strict,"(16, 1, 1, 1, 1, 1, 1, 1, 1)",0
5,13,6,"(13, 6, 5)",col_strict,"(15, 1, 1, 1, 1, 1, 1, 1, 1, 1)",0
5,13,6,"(13, 6, 5)",col_strict,"(14, 1, 1, 1, 1, 1, 1, 1, 1, 1, 1)",0
5,13,6,"(13, 6, 5)",col_strict,"(13, 1, 1, 1, 1, 1, 1, 1, 1, 1, 1, 1)",132
5,13,6,"(13, 6, 5)",col_strict,"(12, 1, 1, 1, 1, 1, 1, 1, 1, 1, 1, 1, 1)",1584
5,13,6,"(13, 6, 5)",col_strict,"(11, 1, 1, 1, 1, 1, 1, 1, 1, 1, 1, 1, 1, 1)",10296
5,13,6,"(13, 6, 5)",col_strict,"(10, 1, 1, 1, 1, 1, 1, 1, 1, 1, 1, 1, 1, 1, 1)",48048
5,13,6,"(13, 6, 5)",col_strict,"(9, 1, 1, 1, 1, 1, 1, 1, 1, 1, 1, 1, 1, 1, 1, 1)",180180
5,13,6,"(13, 6, 5)",col_strict,"(8, 1, 1, 1, 1, 1, 1, 1, 1, 1, 1, 1, 1, 1, 1, 1, 1)",576576
5,13,6,"(13, 6, 5)",col_strict,"(7, 1, 1, 1, 1, 1, 1, 1, 1, 1, 1, 1, 1, 1, 1, 1, 1, 1)",1633632
5,13,6,"(13, 6, 5)",col_strict,"(6, 1, 1, 1, 1, 1, 1, 1, 1, 1, 1, 1, 1, 1, 1, 1, 1, 1, 1)",4200768
5,13,6,"(13, 6, 5)",col_strict,"(5, 1, 1, 1, 1, 1, 1, 1, 1, 1, 1, 1, 1, 1, 1, 1, 1, 1, 1, 1)",9969072
5,13,6,"(13, 6, 5)",col_strict,"(4, 1, 1, 1, 1, 1, 1, 1, 1, 1, 1, 1, 1, 1, 1, 1, 1, 1, 1, 1, 1)",22015680
5,13,6,"(13, 6, 5)",col_strict,"(3, 1, 1, 1, 1, 1, 1, 1, 1, 1, 1, 1, 1, 1, 1, 1, 1, 1, 1, 1, 1, 1)",44992608
5,13,6,"(13, 6, 5)",col_strict,"(2, 1, 1, 1, 1, 1, 1, 1, 1, 1, 1, 1, 1, 1, 1, 1, 1, 1, 1, 1, 1, 1, 1)",82543296
5,13,6,"(13, 6, 5)",col_strict,"(1, 1, 1, 1, 1, 1, 1, 1, 1, 1, 1, 1, 1, 1, 1, 1, 1, 1, 1, 1, 1, 1, 1, 1)",125520384
5,13,6,"(13, 6, 5)",two_part,"(22, 2)",0
5,13,6,"(13, 6, 5)",two_part,"(21, 3)",0
5,13,6,"(13, 6, 5)",two_part,"(20, 4)",0
5,13,6,"(13, 6, 5)",two_part,"(19, 5)",0
5,13,6,"(13, 6, 5)",two_part,"(18, 6)",0
5,13,6,"(13, 6, 5)",two_part,"(17, 7)",0
5,13,6,"(13, 6, 5)",two_part,"(16, 8)",0
5,13,6,"(13, 6, 5)",two_part,"(15, 9)",0
5,13,6,"(13, 6, 5)",two_part,"(14, 10)",0
5,13,6,"(13, 6, 5)",two_part,"(13, 11)",0
5,13,6,"(13, 6, 5)",two_part,"(12, 12)",0
5,13,6,"(13, 6, 5)",hook_A,"(20, 2, 2)",0
5,13,6,"(13, 6, 5)",hook_A,"(18, 2, 2, 2)",0
5,13,6,"(13, 6, 5)",hook_A,"(16, 2, 2, 2, 2)",0
5,13,6,"(13, 6, 5)",hook_A,"(14, 2, 2, 2, 2, 2)",0
5,13,6,"(13, 6, 5)",hook_A,"(12, 2, 2, 2, 2, 2, 2)",126
5,13,6,"(13, 6, 5)",hook_A,"(10, 2, 2, 2, 2, 2, 2, 2)",1932
5,13,6,"(13, 6, 5)",hook_A,"(8, 2, 2, 2, 2, 2, 2, 2, 2)",14336
5,13,6,"(13, 6, 5)",hook_A,"(6, 2, 2, 2, 2, 2, 2, 2, 2, 2)",72288
5,13,6,"(13, 6, 5)",hook_A,"(4, 2, 2, 2, 2, 2, 2, 2, 2, 2, 2)",276780
5,13,6,"(13, 6, 5)",hook_A,"(2, 2, 2, 2, 2, 2, 2, 2, 2, 2, 2, 2)",733392
5,13,8,"(13, 8, 5)",col_strict,"(26,)",0
5,13,8,"(13, 8, 5)",col_strict,"(25, 1)",0
5,13,8,"(13, 8, 5)",col_strict,"(24, 1, 1)",0
5,13,8,"(13, 8, 5)",col_strict,"(23, 1, 1, 1)",0
5,13,8,"(13, 8, 5)",col_strict,"(22, 1, 1, 1, 1)",0
5,13,8,"(13, 8, 5)",col_strict,"(21, 1, 1, 1, 1, 1)",0
5,13,8,"(13, 8, 5)",col_strict,"(20, 1, 1, 1, 1, 1, 1)",0
5,13,8,"(13, 8, 5)",col_strict,"(19, 1, 1, 1, 1, 1, 1, 1)",0
5,13,8,"(13, 8, 5)",col_strict,"(18, 1, 1, 1, 1, 1, 1, 1, 1)",0
5,13,8,"(13, 8, 5)",col_strict,"(17, 1, 1, 1, 1, 1, 1, 1, 1, 1)",0
5,13,8,"(13, 8, 5)",col_strict,"(16, 1, 1, 1, 1, 1, 1, 1, 1, 1, 1)",0
5,13,8,"(13, 8, 5)",col_strict,"(15, 1, 1, 1, 1, 1, 1, 1, 1, 1, 1, 1)",0
5,13,8,"(13, 8, 5)",col_strict,"(14, 1, 1, 1, 1, 1, 1, 1, 1, 1, 1, 1, 1)",0
5,13,8,"(13, 8, 5)",col_strict,"(13, 1, 1, 1, 1, 1, 1, 1, 1, 1, 1, 1, 1, 1)",572
5,13,8,"(13, 8, 5)",col_strict,"(12, 1, 1, 1, 1, 1, 1, 1, 1, 1, 1, 1, 1, 1, 1)",8008
5,13,8,"(13, 8, 5)",col_strict,"(11, 1, 1, 1, 1, 1, 1, 1, 1, 1, 1, 1, 1, 1, 1, 1)",60060
5,13,8,"(13, 8, 5)",col_strict,"(10, 1, 1, 1, 1, 1, 1, 1, 1, 1, 1, 1, 1, 1, 1, 1, 1)",320320
5,13,8,"(13, 8, 5)",col_strict,"(9, 1, 1, 1, 1, 1, 1, 1, 1, 1, 1, 1, 1, 1, 1, 1, 1, 1)",1361360
5,13,8,"(13, 8, 5)",col_strict,"(8, 1, 1, 1, 1, 1, 1, 1, 1, 1, 1, 1, 1, 1, 1, 1, 1, 1, 1)",4900896
5,13,8,"(13, 8, 5)",col_strict,"(7, 1, 1, 1, 1, 1, 1, 1, 1, 1, 1, 1, 1, 1, 1, 1, 1, 1, 1, 1)",15511752
5,13,8,"(13, 8, 5)",col_strict,"(6, 1, 1, 1, 1, 1, 1, 1, 1, 1, 1, 1, 1, 1, 1, 1, 1, 1, 1, 1, 1)",44186400
5,13,8,"(13, 8, 5)",col_strict,"(5, 1, 1, 1, 1, 1, 1, 1, 1, 1, 1, 1, 1, 1, 1, 1, 1, 1, 1, 1, 1, 1)",114768360
5,13,8,"(13, 8, 5)",col_strict,"(4, 1, 1, 1, 1, 1, 1, 1, 1, 1, 1, 1, 1, 1, 1, 1, 1, 1, 1, 1, 1, 1, 1)",272586160
5,13,8,"(13, 8, 5)",col_strict,"(3, 1, 1, 1, 1, 1, 1, 1, 1, 1, 1, 1, 1, 1, 1, 1, 1, 1, 1, 1, 1, 1, 1, 1)",586088668
5,13,8,"(13, 8, 5)",col_strict,"(2, 1, 1, 1, 1, 1, 1, 1, 1, 1, 1, 1, 1, 1, 1, 1, 1, 1, 1, 1, 1, 1, 1, 1, 1)",1106148384
5,13,8,"(13, 8, 5)",col_strict,"(1, 1, 1, 1, 1, 1, 1, 1, 1, 1, 1, 1, 1, 1, 1, 1, 1, 1, 1, 1, 1, 1, 1, 1, 1, 1)",1699755200
5,13,8,"(13, 8, 5)",two_part,"(24, 2)",0
5,13,8,"(13, 8, 5)",two_part,"(23, 3)",0
5,13,8,"(13, 8, 5)",two_part,"(22, 4)",0
5,13,8,"(13, 8, 5)",two_part,"(21, 5)",0
5,13,8,"(13, 8, 5)",two_part,"(20, 6)",0
5,13,8,"(13, 8, 5)",two_part,"(19, 7)",0
5,13,8,"(13, 8, 5)",two_part,"(18, 8)",0
5,13,8,"(13, 8, 5)",two_part,"(17, 9)",0
5,13,8,"(13, 8, 5)",two_part,"(16, 10)",0
5,13,8,"(13, 8, 5)",two_part,"(15, 11)",0
5,13,8,"(13, 8, 5)",two_part,"(14, 12)",0
5,13,8,"(13, 8, 5)",two_part,"(13, 13)",0
5,13,8,"(13, 8, 5)",hook_A,"(22, 2, 2)",0
5,13,8,"(13, 8, 5)",hook_A,"(20, 2, 2, 2)",0
5,13,8,"(13, 8, 5)",hook_A,"(18, 2, 2, 2, 2)",0
5,13,8,"(13, 8, 5)",hook_A,"(16, 2, 2, 2, 2, 2)",0
5,13,8,"(13, 8, 5)",hook_A,"(14, 2, 2, 2, 2, 2, 2)",0
5,13,8,"(13, 8, 5)",hook_A,"(12, 2, 2, 2, 2, 2, 2, 2)",532
5,13,8,"(13, 8, 5)",hook_A,"(10, 2, 2, 2, 2, 2, 2, 2, 2)",10192
5,13,8,"(13, 8, 5)",hook_A,"(8, 2, 2, 2, 2, 2, 2, 2, 2, 2)",91224
5,13,8,"(13, 8, 5)",hook_A,"(6, 2, 2, 2, 2, 2, 2, 2, 2, 2, 2)",535020
5,13,8,"(13, 8, 5)",hook_A,"(4, 2, 2, 2, 2, 2, 2, 2, 2, 2, 2, 2)",2232230
5,13,8,"(13, 8, 5)",hook_A,"(2, 2, 2, 2, 2, 2, 2, 2, 2, 2, 2, 2, 2)",6060912
5,13,10,"(13, 10, 5)",col_strict,"(28,)",0
5,13,10,"(13, 10, 5)",col_strict,"(27, 1)",0
5,13,10,"(13, 10, 5)",col_strict,"(26, 1, 1)",0
5,13,10,"(13, 10, 5)",col_strict,"(25, 1, 1, 1)",0
5,13,10,"(13, 10, 5)",col_strict,"(24, 1, 1, 1, 1)",0
5,13,10,"(13, 10, 5)",col_strict,"(23, 1, 1, 1, 1, 1)",0
5,13,10,"(13, 10, 5)",col_strict,"(22, 1, 1, 1, 1, 1, 1)",0
5,13,10,"(13, 10, 5)",col_strict,"(21, 1, 1, 1, 1, 1, 1, 1)",0
5,13,10,"(13, 10, 5)",col_strict,"(20, 1, 1, 1, 1, 1, 1, 1, 1)",0
5,13,10,"(13, 10, 5)",col_strict,"(19, 1, 1, 1, 1, 1, 1, 1, 1, 1)",0
5,13,10,"(13, 10, 5)",col_strict,"(18, 1, 1, 1, 1, 1, 1, 1, 1, 1, 1)",0
5,13,10,"(13, 10, 5)",col_strict,"(17, 1, 1, 1, 1, 1, 1, 1, 1, 1, 1, 1)",0
5,13,10,"(13, 10, 5)",col_strict,"(16, 1, 1, 1, 1, 1, 1, 1, 1, 1, 1, 1, 1)",0
5,13,10,"(13, 10, 5)",col_strict,"(15, 1, 1, 1, 1, 1, 1, 1, 1, 1, 1, 1, 1, 1)",0
5,13,10,"(13, 10, 5)",col_strict,"(14, 1, 1, 1, 1, 1, 1, 1, 1, 1, 1, 1, 1, 1, 1)",0
5,13,10,"(13, 10, 5)",col_strict,"(13, 1, 1, 1, 1, 1, 1, 1, 1, 1, 1, 1, 1, 1, 1, 1)",1638
5,13,10,"(13, 10, 5)",col_strict,"(12, 1, 1, 1, 1, 1, 1, 1, 1, 1, 1, 1, 1, 1, 1, 1, 1)",26208
5,13,10,"(13, 10, 5)",col_strict,"(11, 1, 1, 1, 1, 1, 1, 1, 1, 1, 1, 1, 1, 1, 1, 1, 1, 1)",222768
5,13,10,"(13, 10, 5)",col_strict,"(10, 1, 1, 1, 1, 1, 1, 1, 1, 1, 1, 1, 1, 1, 1, 1, 1, 1, 1)",1336608
5,13,10,"(13, 10, 5)",col_strict,"(9, 1, 1, 1, 1, 1, 1, 1, 1, 1, 1, 1, 1, 1, 1, 1, 1, 1, 1, 1)",6341136
5,13,10,"(13, 10, 5)",col_strict,"(8, 1, 1, 1, 1, 1, 1, 1, 1, 1, 1, 1, 1, 1, 1, 1, 1, 1, 1, 1, 1)",25240512
5,13,10,"(13, 10, 5)",col_strict,"(7, 1, 1, 1, 1, 1, 1, 1, 1, 1, 1, 1, 1, 1, 1, 1, 1, 1, 1, 1, 1, 1)",87256512
5,13,10,"(13, 10, 5)",col_strict,"(6, 1, 1, 1, 1, 1, 1, 1, 1, 1, 1, 1, 1, 1, 1, 1, 1, 1, 1, 1, 1, 1, 1)",267412992
5,13,10,"(13, 10, 5)",col_strict,"(5, 1, 1, 1, 1, 1, 1, 1, 1, 1, 1, 1, 1, 1, 1, 1, 1, 1, 1, 1, 1, 1, 1, 1)",734490372
5,13,10,"(13, 10, 5)",col_strict,"(4, 1, 1, 1, 1, 1, 1, 1, 1, 1, 1, 1, 1, 1, 1, 1, 1, 1, 1, 1, 1, 1, 1, 1, 1)",1812200544
5,13,10,"(13, 10, 5)",col_strict,"(3, 1, 1, 1, 1, 1, 1, 1, 1, 1, 1, 1, 1, 1, 1, 1, 1, 1, 1, 1, 1, 1, 1, 1, 1, 1)",3982538320
5,13,10,"(13, 10, 5)",col_strict,"(2, 1, 1, 1, 1, 1, 1, 1, 1, 1, 1, 1, 1, 1, 1, 1, 1, 1, 1, 1, 1, 1, 1, 1, 1, 1, 1)",7587089120
5,13,10,"(13, 10, 5)",col_strict,"(1, 1, 1, 1, 1, 1, 1, 1, 1, 1, 1, 1, 1, 1, 1, 1, 1, 1, 1, 1, 1, 1, 1, 1, 1, 1, 1, 1)",11681953920
5,13,10,"(13, 10, 5)",two_part,"(26, 2)",0
5,13,10,"(13, 10, 5)",two_part,"(25, 3)",0
5,13,10,"(13, 10, 5)",two_part,"(24, 4)",0
5,13,10,"(13, 10, 5)",two_part,"(23, 5)",0
5,13,10,"(13, 10, 5)",two_part,"(22, 6)",0
5,13,10,"(13, 10, 5)",two_part,"(21, 7)",0
5,13,10,"(13, 10, 5)",two_part,"(20, 8)",0
5,13,10,"(13, 10, 5)",two_part,"(19, 9)",0
5,13,10,"(13, 10, 5)",two_part,"(18, 10)",0
5,13,10,"(13, 10, 5)",two_part,"(17, 11)",0
5,13,10,"(13, 10, 5)",two_part,"(16, 12)",0
5,13,10,"(13, 10, 5)",two_part,"(15, 13)",0
5,13,10,"(13, 10, 5)",two_part,"(14, 14)",0
5,13,10,"(13, 10, 5)",hook_A,"(24, 2, 2)",0
5,13,10,"(13, 10, 5)",hook_A,"(22, 2, 2, 2)",0
5,13,10,"(13, 10, 5)",hook_A,"(20, 2, 2, 2, 2)",0
5,13,10,"(13, 10, 5)",hook_A,"(18, 2, 2, 2, 2, 2)",0
5,13,10,"(13, 10, 5)",hook_A,"(16, 2, 2, 2, 2, 2, 2)",0
5,13,10,"(13, 10, 5)",hook_A,"(14, 2, 2, 2, 2, 2, 2, 2)",0
5,13,10,"(13, 10, 5)",hook_A,"(12, 2, 2, 2, 2, 2, 2, 2, 2)",1512
5,13,10,"(13, 10, 5)",hook_A,"(10, 2, 2, 2, 2, 2, 2, 2, 2, 2)",35280
5,13,10,"(13, 10, 5)",hook_A,"(8, 2, 2, 2, 2, 2, 2, 2, 2, 2, 2)",366204
5,13,10,"(13, 10, 5)",hook_A,"(6, 2, 2, 2, 2, 2, 2, 2, 2, 2, 2, 2)",2337984
5,13,10,"(13, 10, 5)",hook_A,"(4, 2, 2, 2, 2, 2, 2, 2, 2, 2, 2, 2, 2)",10048632
5,13,10,"(13, 10, 5)",hook_A,"(2, 2, 2, 2, 2, 2, 2, 2, 2, 2, 2, 2, 2, 2)",27311648
5,13,12,"(13, 12, 5)",col_strict,"(30,)",0
5,13,12,"(13, 12, 5)",col_strict,"(29, 1)",0
5,13,12,"(13, 12, 5)",col_strict,"(28, 1, 1)",0
5,13,12,"(13, 12, 5)",col_strict,"(27, 1, 1, 1)",0
5,13,12,"(13, 12, 5)",col_strict,"(26, 1, 1, 1, 1)",0
5,13,12,"(13, 12, 5)",col_strict,"(25, 1, 1, 1, 1, 1)",0
5,13,12,"(13, 12, 5)",col_strict,"(24, 1, 1, 1, 1, 1, 1)",0
5,13,12,"(13, 12, 5)",col_strict,"(23, 1, 1, 1, 1, 1, 1, 1)",0
5,13,12,"(13, 12, 5)",col_strict,"(22, 1, 1, 1, 1, 1, 1, 1, 1)",0
5,13,12,"(13, 12, 5)",col_strict,"(21, 1, 1, 1, 1, 1, 1, 1, 1, 1)",0
5,13,12,"(13, 12, 5)",col_strict,"(20, 1, 1, 1, 1, 1, 1, 1, 1, 1, 1)",0
5,13,12,"(13, 12, 5)",col_strict,"(19, 1, 1, 1, 1, 1, 1, 1, 1, 1, 1, 1)",0
5,13,12,"(13, 12, 5)",col_strict,"(18, 1, 1, 1, 1, 1, 1, 1, 1, 1, 1, 1, 1)",0
5,13,12,"(13, 12, 5)",col_strict,"(17, 1, 1, 1, 1, 1, 1, 1, 1, 1, 1, 1, 1, 1)",0
5,13,12,"(13, 12, 5)",col_strict,"(16, 1, 1, 1, 1, 1, 1, 1, 1, 1, 1, 1, 1, 1, 1)",0
5,13,12,"(13, 12, 5)",col_strict,"(15, 1, 1, 1, 1, 1, 1, 1, 1, 1, 1, 1, 1, 1, 1, 1)",0
5,13,12,"(13, 12, 5)",col_strict,"(14, 1, 1, 1, 1, 1, 1, 1, 1, 1, 1, 1, 1, 1, 1, 1, 1)",0
5,13,12,"(13, 12, 5)",col_strict,"(13, 1, 1, 1, 1, 1, 1, 1, 1, 1, 1, 1, 1, 1, 1, 1, 1, 1)",3808
5,13,12,"(13, 12, 5)",col_strict,"(12, 1, 1, 1, 1, 1, 1, 1, 1, 1, 1, 1, 1, 1, 1, 1, 1, 1, 1)",68544
5,13,12,"(13, 12, 5)",col_strict,"(11, 1, 1, 1, 1, 1, 1, 1, 1, 1, 1, 1, 1, 1, 1, 1, 1, 1, 1, 1)",643416
5,13,12,"(13, 12, 5)",col_strict,"(10, 1, 1, 1, 1, 1, 1, 1, 1, 1, 1, 1, 1, 1, 1, 1, 1, 1, 1, 1, 1)",4186080
5,13,12,"(13, 12, 5)",col_strict,"(9, 1, 1, 1, 1, 1, 1, 1, 1, 1, 1, 1, 1, 1, 1, 1, 1, 1, 1, 1, 1, 1)",21162960
5,13,12,"(13, 12, 5)",col_strict,"(8, 1, 1, 1, 1, 1, 1, 1, 1, 1, 1, 1, 1, 1, 1, 1, 1, 1, 1, 1, 1, 1, 1)",88341792
5,13,12,"(13, 12, 5)",col_strict,"(7, 1, 1, 1, 1, 1, 1, 1, 1, 1, 1, 1, 1, 1, 1, 1, 1, 1, 1, 1, 1, 1, 1, 1)",315762216
5,13,12,"(13, 12, 5)",col_strict,"(6, 1, 1, 1, 1, 1, 1, 1, 1, 1, 1, 1, 1, 1, 1, 1, 1, 1, 1, 1, 1, 1, 1, 1, 1)",988473024
5,13,12,"(13, 12, 5)",col_strict,"(5, 1, 1, 1, 1, 1, 1, 1, 1, 1, 1, 1, 1, 1, 1, 1, 1, 1, 1, 1, 1, 1, 1, 1, 1, 1)",2745758400
5,13,12,"(13, 12, 5)",col_strict,"(4, 1, 1, 1, 1, 1, 1, 1, 1, 1, 1, 1, 1, 1, 1, 1, 1, 1, 1, 1, 1, 1, 1, 1, 1, 1, 1)",6799020800
5,13,12,"(13, 12, 5)",col_strict,"(3, 1, 1, 1, 1, 1, 1, 1, 1, 1, 1, 1, 1, 1, 1, 1, 1, 1, 1, 1, 1, 1, 1, 1, 1, 1, 1, 1)",14918026320
5,13,12,"(13, 12, 5)",col_strict,"(2, 1, 1, 1, 1, 1, 1, 1, 1, 1, 1, 1, 1, 1, 1, 1, 1, 1, 1, 1, 1, 1, 1, 1, 1, 1, 1, 1, 1)",28306272960
5,13,12,"(13, 12, 5)",col_strict,"(1, 1, 1, 1, 1, 1, 1, 1, 1, 1, 1, 1, 1, 1, 1, 1, 1, 1, 1, 1, 1, 1, 1, 1, 1, 1, 1, 1, 1, 1)",43432905600
5,13,12,"(13, 12, 5)",two_part,"(28, 2)",0
5,13,12,"(13, 12, 5)",two_part,"(27, 3)",0
5,13,12,"(13, 12, 5)",two_part,"(26, 4)",0
5,13,12,"(13, 12, 5)",two_part,"(25, 5)",0
5,13,12,"(13, 12, 5)",two_part,"(24, 6)",0
5,13,12,"(13, 12, 5)",two_part,"(23, 7)",0
5,13,12,"(13, 12, 5)",two_part,"(22, 8)",0
5,13,12,"(13, 12, 5)",two_part,"(21, 9)",0
5,13,12,"(13, 12, 5)",two_part,"(20, 10)",0
5,13,12,"(13, 12, 5)",two_part,"(19, 11)",0
5,13,12,"(13, 12, 5)",two_part,"(18, 12)",0
5,13,12,"(13, 12, 5)",two_part,"(17, 13)",0
5,13,12,"(13, 12, 5)",two_part,"(16, 14)",0
5,13,12,"(13, 12, 5)",two_part,"(15, 15)",0
5,13,12,"(13, 12, 5)",hook_A,"(26, 2, 2)",0
5,13,12,"(13, 12, 5)",hook_A,"(24, 2, 2, 2)",0
5,13,12,"(13, 12, 5)",hook_A,"(22, 2, 2, 2, 2)",0
5,13,12,"(13, 12, 5)",hook_A,"(20, 2, 2, 2, 2, 2)",0
5,13,12,"(13, 12, 5)",hook_A,"(18, 2, 2, 2, 2, 2, 2)",0
5,13,12,"(13, 12, 5)",hook_A,"(16, 2, 2, 2, 2, 2, 2, 2)",0
5,13,12,"(13, 12, 5)",hook_A,"(14, 2, 2, 2, 2, 2, 2, 2, 2)",0
5,13,12,"(13, 12, 5)",hook_A,"(12, 2, 2, 2, 2, 2, 2, 2, 2, 2)",3528
5,13,12,"(13, 12, 5)",hook_A,"(10, 2, 2, 2, 2, 2, 2, 2, 2, 2, 2)",91020
5,13,12,"(13, 12, 5)",hook_A,"(8, 2, 2, 2, 2, 2, 2, 2, 2, 2, 2, 2)",973764
5,13,12,"(13, 12, 5)",hook_A,"(6, 2, 2, 2, 2, 2, 2, 2, 2, 2, 2, 2, 2)",6201360
5,13,12,"(13, 12, 5)",hook_A,"(4, 2, 2, 2, 2, 2, 2, 2, 2, 2, 2, 2, 2, 2)",26241072
5,13,12,"(13, 12, 5)",hook_A,"(2, 2, 2, 2, 2, 2, 2, 2, 2, 2, 2, 2, 2, 2, 2)",70336280
5,14,5,"(14, 5, 5)",col_strict,"(24,)",0
5,14,5,"(14, 5, 5)",col_strict,"(23, 1)",0
5,14,5,"(14, 5, 5)",col_strict,"(22, 1, 1)",0
5,14,5,"(14, 5, 5)",col_strict,"(21, 1, 1, 1)",0
5,14,5,"(14, 5, 5)",col_strict,"(20, 1, 1, 1, 1)",0
5,14,5,"(14, 5, 5)",col_strict,"(19, 1, 1, 1, 1, 1)",0
5,14,5,"(14, 5, 5)",col_strict,"(18, 1, 1, 1, 1, 1, 1)",0
5,14,5,"(14, 5, 5)",col_strict,"(17, 1, 1, 1, 1, 1, 1, 1)",0
5,14,5,"(14, 5, 5)",col_strict,"(16, 1, 1, 1, 1, 1, 1, 1, 1)",0
5,14,5,"(14, 5, 5)",col_strict,"(15, 1, 1, 1, 1, 1, 1, 1, 1, 1)",0
5,14,5,"(14, 5, 5)",col_strict,"(14, 1, 1, 1, 1, 1, 1, 1, 1, 1, 1)",42
5,14,5,"(14, 5, 5)",col_strict,"(13, 1, 1, 1, 1, 1, 1, 1, 1, 1, 1, 1)",462
5,14,5,"(14, 5, 5)",col_strict,"(12, 1, 1, 1, 1, 1, 1, 1, 1, 1, 1, 1, 1)",2772
5,14,5,"(14, 5, 5)",col_strict,"(11, 1, 1, 1, 1, 1, 1, 1, 1, 1, 1, 1, 1, 1)",12012
5,14,5,"(14, 5, 5)",col_strict,"(10, 1, 1, 1, 1, 1, 1, 1, 1, 1, 1, 1, 1, 1, 1)",42042
5,14,5,"(14, 5, 5)",col_strict,"(9, 1, 1, 1, 1, 1, 1, 1, 1, 1, 1, 1, 1, 1, 1, 1)",126126
5,14,5,"(14, 5, 5)",col_strict,"(8, 1, 1, 1, 1, 1, 1, 1, 1, 1, 1, 1, 1, 1, 1, 1, 1)",336336
5,14,5,"(14, 5, 5)",col_strict,"(7, 1, 1, 1, 1, 1, 1, 1, 1, 1, 1, 1, 1, 1, 1, 1, 1, 1)",816816
5,14,5,"(14, 5, 5)",col_strict,"(6, 1, 1, 1, 1, 1, 1, 1, 1, 1, 1, 1, 1, 1, 1, 1, 1, 1, 1)",1837836
5,14,5,"(14, 5, 5)",col_strict,"(5, 1, 1, 1, 1, 1, 1, 1, 1, 1, 1, 1, 1, 1, 1, 1, 1, 1, 1, 1)",3879876
5,14,5,"(14, 5, 5)",col_strict,"(4, 1, 1, 1, 1, 1, 1, 1, 1, 1, 1, 1, 1, 1, 1, 1, 1, 1, 1, 1, 1)",7749093
5,14,5,"(14, 5, 5)",col_strict,"(3, 1, 1, 1, 1, 1, 1, 1, 1, 1, 1, 1, 1, 1, 1, 1, 1, 1, 1, 1, 1, 1)",14624148
5,14,5,"(14, 5, 5)",col_strict,"(2, 1, 1, 1, 1, 1, 1, 1, 1, 1, 1, 1, 1, 1, 1, 1, 1, 1, 1, 1, 1, 1, 1)",25443033
5,14,5,"(14, 5, 5)",col_strict,"(1, 1, 1, 1, 1, 1, 1, 1, 1, 1, 1, 1, 1, 1, 1, 1, 1, 1, 1, 1, 1, 1, 1, 1)",37754178
5,14,5,"(14, 5, 5)",two_part,"(22, 2)",0
5,14,5,"(14, 5, 5)",two_part,"(21, 3)",0
5,14,5,"(14, 5, 5)",two_part,"(20, 4)",0
5,14,5,"(14, 5, 5)",two_part,"(19, 5)",0
5,14,5,"(14, 5, 5)",two_part,"(18, 6)",0
5,14,5,"(14, 5, 5)",two_part,"(17, 7)",0
5,14,5,"(14, 5, 5)",two_part,"(16, 8)",0
5,14,5,"(14, 5, 5)",two_part,"(15, 9)",0
5,14,5,"(14, 5, 5)",two_part,"(14, 10)",0
5,14,5,"(14, 5, 5)",two_part,"(13, 11)",0
5,14,5,"(14, 5, 5)",two_part,"(12, 12)",0
5,14,5,"(14, 5, 5)",hook_A,"(20, 2, 2)",0
5,14,5,"(14, 5, 5)",hook_A,"(18, 2, 2, 2)",0
5,14,5,"(14, 5, 5)",hook_A,"(16, 2, 2, 2, 2)",0
5,14,5,"(14, 5, 5)",hook_A,"(14, 2, 2, 2, 2, 2)",6
5,14,5,"(14, 5, 5)",hook_A,"(12, 2, 2, 2, 2, 2, 2)",171
5,14,5,"(14, 5, 5)",hook_A,"(10, 2, 2, 2, 2, 2, 2, 2)",1526
5,14,5,"(14, 5, 5)",hook_A,"(8, 2, 2, 2, 2, 2, 2, 2, 2)",8288
5,14,5,"(14, 5, 5)",hook_A,"(6, 2, 2, 2, 2, 2, 2, 2, 2, 2)",33516
5,14,5,"(14, 5, 5)",hook_A,"(4, 2, 2, 2, 2, 2, 2, 2, 2, 2, 2)",110127
5,14,5,"(14, 5, 5)",hook_A,"(2, 2, 2, 2, 2, 2, 2, 2, 2, 2, 2, 2)",272547
5,14,7,"(14, 7, 5)",col_strict,"(26,)",0
5,14,7,"(14, 7, 5)",col_strict,"(25, 1)",0
5,14,7,"(14, 7, 5)",col_strict,"(24, 1, 1)",0
5,14,7,"(14, 7, 5)",col_strict,"(23, 1, 1, 1)",0
5,14,7,"(14, 7, 5)",col_strict,"(22, 1, 1, 1, 1)",0
5,14,7,"(14, 7, 5)",col_strict,"(21, 1, 1, 1, 1, 1)",0
5,14,7,"(14, 7, 5)",col_strict,"(20, 1, 1, 1, 1, 1, 1)",0
5,14,7,"(14, 7, 5)",col_strict,"(19, 1, 1, 1, 1, 1, 1, 1)",0
5,14,7,"(14, 7, 5)",col_strict,"(18, 1, 1, 1, 1, 1, 1, 1, 1)",0
5,14,7,"(14, 7, 5)",col_strict,"(17, 1, 1, 1, 1, 1, 1, 1, 1, 1)",0
5,14,7,"(14, 7, 5)",col_strict,"(16, 1, 1, 1, 1, 1, 1, 1, 1, 1, 1)",0
5,14,7,"(14, 7, 5)",col_strict,"(15, 1, 1, 1, 1, 1, 1, 1, 1, 1, 1, 1)",0
5,14,7,"(14, 7, 5)",col_strict,"(14, 1, 1, 1, 1, 1, 1, 1, 1, 1, 1, 1, 1)",297
5,14,7,"(14, 7, 5)",col_strict,"(13, 1, 1, 1, 1, 1, 1, 1, 1, 1, 1, 1, 1, 1)",3861
5,14,7,"(14, 7, 5)",col_strict,"(12, 1, 1, 1, 1, 1, 1, 1, 1, 1, 1, 1, 1, 1, 1)",27027
5,14,7,"(14, 7, 5)",col_strict,"(11, 1, 1, 1, 1, 1, 1, 1, 1, 1, 1, 1, 1, 1, 1, 1)",135135
5,14,7,"(14, 7, 5)",col_strict,"(10, 1, 1, 1, 1, 1, 1, 1, 1, 1, 1, 1, 1, 1, 1, 1, 1)",540540
5,14,7,"(14, 7, 5)",col_strict,"(9, 1, 1, 1, 1, 1, 1, 1, 1, 1, 1, 1, 1, 1, 1, 1, 1, 1)",1837836
5,14,7,"(14, 7, 5)",col_strict,"(8, 1, 1, 1, 1, 1, 1, 1, 1, 1, 1, 1, 1, 1, 1, 1, 1, 1, 1)",5513508
5,14,7,"(14, 7, 5)",col_strict,"(7, 1, 1, 1, 1, 1, 1, 1, 1, 1, 1, 1, 1, 1, 1, 1, 1, 1, 1, 1)",14965236
5,14,7,"(14, 7, 5)",col_strict,"(6, 1, 1, 1, 1, 1, 1, 1, 1, 1, 1, 1, 1, 1, 1, 1, 1, 1, 1, 1, 1)",37402431
5,14,7,"(14, 7, 5)",col_strict,"(5, 1, 1, 1, 1, 1, 1, 1, 1, 1, 1, 1, 1, 1, 1, 1, 1, 1, 1, 1, 1, 1)",87073371
5,14,7,"(14, 7, 5)",col_strict,"(4, 1, 1, 1, 1, 1, 1, 1, 1, 1, 1, 1, 1, 1, 1, 1, 1, 1, 1, 1, 1, 1, 1)",189591633
5,14,7,"(14, 7, 5)",col_strict,"(3, 1, 1, 1, 1, 1, 1, 1, 1, 1, 1, 1, 1, 1, 1, 1, 1, 1, 1, 1, 1, 1, 1, 1)",382935234
5,14,7,"(14, 7, 5)",col_strict,"(2, 1, 1, 1, 1, 1, 1, 1, 1, 1, 1, 1, 1, 1, 1, 1, 1, 1, 1, 1, 1, 1, 1, 1, 1)",695755566
5,14,7,"(14, 7, 5)",col_strict,"(1, 1, 1, 1, 1, 1, 1, 1, 1, 1, 1, 1, 1, 1, 1, 1, 1, 1, 1, 1, 1, 1, 1, 1, 1, 1)",1051723530
5,14,7,"(14, 7, 5)",two_part,"(24, 2)",0
5,14,7,"(14, 7, 5)",two_part,"(23, 3)",0
5,14,7,"(14, 7, 5)",two_part,"(22, 4)",0
5,14,7,"(14, 7, 5)",two_part,"(21, 5)",0
5,14,7,"(14, 7, 5)",two_part,"(20, 6)",0
5,14,7,"(14, 7, 5)",two_part,"(19, 7)",0
5,14,7,"(14, 7, 5)",two_part,"(18, 8)",0
5,14,7,"(14, 7, 5)",two_part,"(17, 9)",0
5,14,7,"(14, 7, 5)",two_part,"(16, 10)",0
5,14,7,"(14, 7, 5)",two_part,"(15, 11)",0
5,14,7,"(14, 7, 5)",two_part,"(14, 12)",0
5,14,7,"(14, 7, 5)",two_part,"(13, 13)",0
5,14,7,"(14, 7, 5)",hook_A,"(22, 2, 2)",0
5,14,7,"(14, 7, 5)",hook_A,"(20, 2, 2, 2)",0
5,14,7,"(14, 7, 5)",hook_A,"(18, 2, 2, 2, 2)",0
5,14,7,"(14, 7, 5)",hook_A,"(16, 2, 2, 2, 2, 2)",0
5,14,7,"(14, 7, 5)",hook_A,"(14, 2, 2, 2, 2, 2, 2)",36
5,14,7,"(14, 7, 5)",hook_A,"(12, 2, 2, 2, 2, 2, 2, 2)",1323
5,14,7,"(14, 7, 5)",hook_A,"(10, 2, 2, 2, 2, 2, 2, 2, 2)",14616
5,14,7,"(14, 7, 5)",hook_A,"(8, 2, 2, 2, 2, 2, 2, 2, 2, 2)",95508
5,14,7,"(14, 7, 5)",hook_A,"(6, 2, 2, 2, 2, 2, 2, 2, 2, 2, 2)",454248
5,14,7,"(14, 7, 5)",hook_A,"(4, 2, 2, 2, 2, 2, 2, 2, 2, 2, 2, 2)",1677522
5,14,7,"(14, 7, 5)",hook_A,"(2, 2, 2, 2, 2, 2, 2, 2, 2, 2, 2, 2, 2)",4347486
5,14,9,"(14, 9, 5)",col_strict,"(28,)",0
5,14,9,"(14, 9, 5)",col_strict,"(27, 1)",0
5,14,9,"(14, 9, 5)",col_strict,"(26, 1, 1)",0
5,14,9,"(14, 9, 5)",col_strict,"(25, 1, 1, 1)",0
5,14,9,"(14, 9, 5)",col_strict,"(24, 1, 1, 1, 1)",0
5,14,9,"(14, 9, 5)",col_strict,"(23, 1, 1, 1, 1, 1)",0
5,14,9,"(14, 9, 5)",col_strict,"(22, 1, 1, 1, 1, 1, 1)",0
5,14,9,"(14, 9, 5)",col_strict,"(21, 1, 1, 1, 1, 1, 1, 1)",0
5,14,9,"(14, 9, 5)",col_strict,"(20, 1, 1, 1, 1, 1, 1, 1, 1)",0
5,14,9,"(14, 9, 5)",col_strict,"(19, 1, 1, 1, 1, 1, 1, 1, 1, 1)",0
5,14,9,"(14, 9, 5)",col_strict,"(18, 1, 1, 1, 1, 1, 1, 1, 1, 1, 1)",0
5,14,9,"(14, 9, 5)",col_strict,"(17, 1, 1, 1, 1, 1, 1, 1, 1, 1, 1, 1)",0
5,14,9,"(14, 9, 5)",col_strict,"(16, 1, 1, 1, 1, 1, 1, 1, 1, 1, 1, 1, 1)",0
5,14,9,"(14, 9, 5)",col_strict,"(15, 1, 1, 1, 1, 1, 1, 1, 1, 1, 1, 1, 1, 1)",0
5,14,9,"(14, 9, 5)",col_strict,"(14, 1, 1, 1, 1, 1, 1, 1, 1, 1, 1, 1, 1, 1, 1)",1001
5,14,9,"(14, 9, 5)",col_strict,"(13, 1, 1, 1, 1, 1, 1, 1, 1, 1, 1, 1, 1, 1, 1, 1)",15015
5,14,9,"(14, 9, 5)",col_strict,"(12, 1, 1, 1, 1, 1, 1, 1, 1, 1, 1, 1, 1, 1, 1, 1, 1)",120120
5,14,9,"(14, 9, 5)",col_strict,"(11, 1, 1, 1, 1, 1, 1, 1, 1, 1, 1, 1, 1, 1, 1, 1, 1, 1)",680680
5,14,9,"(14, 9, 5)",col_strict,"(10, 1, 1, 1, 1, 1, 1, 1, 1, 1, 1, 1, 1, 1, 1, 1, 1, 1, 1)",3063060
5,14,9,"(14, 9, 5)",col_strict,"(9, 1, 1, 1, 1, 1, 1, 1, 1, 1, 1, 1, 1, 1, 1, 1, 1, 1, 1, 1)",11639628
5,14,9,"(14, 9, 5)",col_strict,"(8, 1, 1, 1, 1, 1, 1, 1, 1, 1, 1, 1, 1, 1, 1, 1, 1, 1, 1, 1, 1)",38788101
5,14,9,"(14, 9, 5)",col_strict,"(7, 1, 1, 1, 1, 1, 1, 1, 1, 1, 1, 1, 1, 1, 1, 1, 1, 1, 1, 1, 1, 1)",116172441
5,14,9,"(14, 9, 5)",col_strict,"(6, 1, 1, 1, 1, 1, 1, 1, 1, 1, 1, 1, 1, 1, 1, 1, 1, 1, 1, 1, 1, 1, 1)",317627541
5,14,9,"(14, 9, 5)",col_strict,"(5, 1, 1, 1, 1, 1, 1, 1, 1, 1, 1, 1, 1, 1, 1, 1, 1, 1, 1, 1, 1, 1, 1, 1)",799130101
5,14,9,"(14, 9, 5)",col_strict,"(4, 1, 1, 1, 1, 1, 1, 1, 1, 1, 1, 1, 1, 1, 1, 1, 1, 1, 1, 1, 1, 1, 1, 1, 1)",1849954722
5,14,9,"(14, 9, 5)",col_strict,"(3, 1, 1, 1, 1, 1, 1, 1, 1, 1, 1, 1, 1, 1, 1, 1, 1, 1, 1, 1, 1, 1, 1, 1, 1, 1)",3896770515
5,14,9,"(14, 9, 5)",col_strict,"(2, 1, 1, 1, 1, 1, 1, 1, 1, 1, 1, 1, 1, 1, 1, 1, 1, 1, 1, 1, 1, 1, 1, 1, 1, 1, 1)",7245206540
5,14,9,"(14, 9, 5)",col_strict,"(1, 1, 1, 1, 1, 1, 1, 1, 1, 1, 1, 1, 1, 1, 1, 1, 1, 1, 1, 1, 1, 1, 1, 1, 1, 1, 1, 1)",11043097065
5,14,9,"(14, 9, 5)",two_part,"(26, 2)",0
5,14,9,"(14, 9, 5)",two_part,"(25, 3)",0
5,14,9,"(14, 9, 5)",two_part,"(24, 4)",0
5,14,9,"(14, 9, 5)",two_part,"(23, 5)",0
5,14,9,"(14, 9, 5)",two_part,"(22, 6)",0
5,14,9,"(14, 9, 5)",two_part,"(21, 7)",0
5,14,9,"(14, 9, 5)",two_part,"(20, 8)",0
5,14,9,"(14, 9, 5)",two_part,"(19, 9)",0
5,14,9,"(14, 9, 5)",two_part,"(18, 10)",0
5,14,9,"(14, 9, 5)",two_part,"(17, 11)",0
5,14,9,"(14, 9, 5)",two_part,"(16, 12)",0
5,14,9,"(14, 9, 5)",two_part,"(15, 13)",0
5,14,9,"(14, 9, 5)",two_part,"(14, 14)",0
5,14,9,"(14, 9, 5)",hook_A,"(24, 2, 2)",0
5,14,9,"(14, 9, 5)",hook_A,"(22, 2, 2, 2)",0
5,14,9,"(14, 9, 5)",hook_A,"(20, 2, 2, 2, 2)",0
5,14,9,"(14, 9, 5)",hook_A,"(18, 2, 2, 2, 2, 2)",0
5,14,9,"(14, 9, 5)",hook_A,"(16, 2, 2, 2, 2, 2, 2)",0
5,14,9,"(14, 9, 5)",hook_A,"(14, 2, 2, 2, 2, 2, 2, 2)",105
5,14,9,"(14, 9, 5)",hook_A,"(12, 2, 2, 2, 2, 2, 2, 2, 2)",4900
5,14,9,"(14, 9, 5)",hook_A,"(10, 2, 2, 2, 2, 2, 2, 2, 2, 2)",65520
5,14,9,"(14, 9, 5)",hook_A,"(8, 2, 2, 2, 2, 2, 2, 2, 2, 2, 2)",504423
5,14,9,"(14, 9, 5)",hook_A,"(6, 2, 2, 2, 2, 2, 2, 2, 2, 2, 2, 2)",2721543
5,14,9,"(14, 9, 5)",hook_A,"(4, 2, 2, 2, 2, 2, 2, 2, 2, 2, 2, 2, 2)",10766019
5,14,9,"(14, 9, 5)",hook_A,"(2, 2, 2, 2, 2, 2, 2, 2, 2, 2, 2, 2, 2, 2)",28429401
5,14,11,"(14, 11, 5)",col_strict,"(30,)",0
5,14,11,"(14, 11, 5)",col_strict,"(29, 1)",0
5,14,11,"(14, 11, 5)",col_strict,"(28, 1, 1)",0
5,14,11,"(14, 11, 5)",col_strict,"(27, 1, 1, 1)",0
5,14,11,"(14, 11, 5)",col_strict,"(26, 1, 1, 1, 1)",0
5,14,11,"(14, 11, 5)",col_strict,"(25, 1, 1, 1, 1, 1)",0
5,14,11,"(14, 11, 5)",col_strict,"(24, 1, 1, 1, 1, 1, 1)",0
5,14,11,"(14, 11, 5)",col_strict,"(23, 1, 1, 1, 1, 1, 1, 1)",0
5,14,11,"(14, 11, 5)",col_strict,"(22, 1, 1, 1, 1, 1, 1, 1, 1)",0
5,14,11,"(14, 11, 5)",col_strict,"(21, 1, 1, 1, 1, 1, 1, 1, 1, 1)",0
5,14,11,"(14, 11, 5)",col_strict,"(20, 1, 1, 1, 1, 1, 1, 1, 1, 1, 1)",0
5,14,11,"(14, 11, 5)",col_strict,"(19, 1, 1, 1, 1, 1, 1, 1, 1, 1, 1, 1)",0
5,14,11,"(14, 11, 5)",col_strict,"(18, 1, 1, 1, 1, 1, 1, 1, 1, 1, 1, 1, 1)",0
5,14,11,"(14, 11, 5)",col_strict,"(17, 1, 1, 1, 1, 1, 1, 1, 1, 1, 1, 1, 1, 1)",0
5,14,11,"(14, 11, 5)",col_strict,"(16, 1, 1, 1, 1, 1, 1, 1, 1, 1, 1, 1, 1, 1, 1)",0
5,14,11,"(14, 11, 5)",col_strict,"(15, 1, 1, 1, 1, 1, 1, 1, 1, 1, 1, 1, 1, 1, 1, 1)",0
5,14,11,"(14, 11, 5)",col_strict,"(14, 1, 1, 1, 1, 1, 1, 1, 1, 1, 1, 1, 1, 1, 1, 1, 1)",2548
5,14,11,"(14, 11, 5)",col_strict,"(13, 1, 1, 1, 1, 1, 1, 1, 1, 1, 1, 1, 1, 1, 1, 1, 1, 1)",43316
5,14,11,"(14, 11, 5)",col_strict,"(12, 1, 1, 1, 1, 1, 1, 1, 1, 1, 1, 1, 1, 1, 1, 1, 1, 1, 1)",389844
5,14,11,"(14, 11, 5)",col_strict,"(11, 1, 1, 1, 1, 1, 1, 1, 1, 1, 1, 1, 1, 1, 1, 1, 1, 1, 1, 1)",2469012
5,14,11,"(14, 11, 5)",col_strict,"(10, 1, 1, 1, 1, 1, 1, 1, 1, 1, 1, 1, 1, 1, 1, 1, 1, 1, 1, 1, 1)",12334401
5,14,11,"(14, 11, 5)",col_strict,"(9, 1, 1, 1, 1, 1, 1, 1, 1, 1, 1, 1, 1, 1, 1, 1, 1, 1, 1, 1, 1, 1)",51625413
5,14,11,"(14, 11, 5)",col_strict,"(8, 1, 1, 1, 1, 1, 1, 1, 1, 1, 1, 1, 1, 1, 1, 1, 1, 1, 1, 1, 1, 1, 1)",187651695
5,14,11,"(14, 11, 5)",col_strict,"(7, 1, 1, 1, 1, 1, 1, 1, 1, 1, 1, 1, 1, 1, 1, 1, 1, 1, 1, 1, 1, 1, 1, 1)",605782947
5,14,11,"(14, 11, 5)",col_strict,"(6, 1, 1, 1, 1, 1, 1, 1, 1, 1, 1, 1, 1, 1, 1, 1, 1, 1, 1, 1, 1, 1, 1, 1, 1)",1760717574
5,14,11,"(14, 11, 5)",col_strict,"(5, 1, 1, 1, 1, 1, 1, 1, 1, 1, 1, 1, 1, 1, 1, 1, 1, 1, 1, 1, 1, 1, 1, 1, 1, 1)",4639187630
5,14,11,"(14, 11, 5)",col_strict,"(4, 1, 1, 1, 1, 1, 1, 1, 1, 1, 1, 1, 1, 1, 1, 1, 1, 1, 1, 1, 1, 1, 1, 1, 1, 1, 1)",11080279210
5,14,11,"(14, 11, 5)",col_strict,"(3, 1, 1, 1, 1, 1, 1, 1, 1, 1, 1, 1, 1, 1, 1, 1, 1, 1, 1, 1, 1, 1, 1, 1, 1, 1, 1, 1)",23759390655
5,14,11,"(14, 11, 5)",col_strict,"(2, 1, 1, 1, 1, 1, 1, 1, 1, 1, 1, 1, 1, 1, 1, 1, 1, 1, 1, 1, 1, 1, 1, 1, 1, 1, 1, 1, 1)",44507027565
5,14,11,"(14, 11, 5)",col_strict,"(1, 1, 1, 1, 1, 1, 1, 1, 1, 1, 1, 1, 1, 1, 1, 1, 1, 1, 1, 1, 1, 1, 1, 1, 1, 1, 1, 1, 1, 1)",67931778915
5,14,11,"(14, 11, 5)",two_part,"(28, 2)",0
5,14,11,"(14, 11, 5)",two_part,"(27, 3)",0
5,14,11,"(14, 11, 5)",two_part,"(26, 4)",0
5,14,11,"(14, 11, 5)",two_part,"(25, 5)",0
5,14,11,"(14, 11, 5)",two_part,"(24, 6)",0
5,14,11,"(14, 11, 5)",two_part,"(23, 7)",0
5,14,11,"(14, 11, 5)",two_part,"(22, 8)",0
5,14,11,"(14, 11, 5)",two_part,"(21, 9)",0
5,14,11,"(14, 11, 5)",two_part,"(20, 10)",0
5,14,11,"(14, 11, 5)",two_part,"(19, 11)",0
5,14,11,"(14, 11, 5)",two_part,"(18, 12)",0
5,14,11,"(14, 11, 5)",two_part,"(17, 13)",0
5,14,11,"(14, 11, 5)",two_part,"(16, 14)",0
5,14,11,"(14, 11, 5)",two_part,"(15, 15)",0
5,14,11,"(14, 11, 5)",hook_A,"(26, 2, 2)",0
5,14,11,"(14, 11, 5)",hook_A,"(24, 2, 2, 2)",0
5,14,11,"(14, 11, 5)",hook_A,"(22, 2, 2, 2, 2)",0
5,14,11,"(14, 11, 5)",hook_A,"(20, 2, 2, 2, 2, 2)",0
5,14,11,"(14, 11, 5)",hook_A,"(18, 2, 2, 2, 2, 2, 2)",0
5,14,11,"(14, 11, 5)",hook_A,"(16, 2, 2, 2, 2, 2, 2, 2)",0
5,14,11,"(14, 11, 5)",hook_A,"(14, 2, 2, 2, 2, 2, 2, 2, 2)",238
5,14,11,"(14, 11, 5)",hook_A,"(12, 2, 2, 2, 2, 2, 2, 2, 2, 2)",13734
5,14,11,"(14, 11, 5)",hook_A,"(10, 2, 2, 2, 2, 2, 2, 2, 2, 2, 2)",217143
5,14,11,"(14, 11, 5)",hook_A,"(8, 2, 2, 2, 2, 2, 2, 2, 2, 2, 2, 2)",1883442
5,14,11,"(14, 11, 5)",hook_A,"(6, 2, 2, 2, 2, 2, 2, 2, 2, 2, 2, 2, 2)",10857726
5,14,11,"(14, 11, 5)",hook_A,"(4, 2, 2, 2, 2, 2, 2, 2, 2, 2, 2, 2, 2, 2)",43943900
5,14,11,"(14, 11, 5)",hook_A,"(2, 2, 2, 2, 2, 2, 2, 2, 2, 2, 2, 2, 2, 2, 2)",116040925
5,14,13,"(14, 13, 5)",col_strict,"(32,)",0
5,14,13,"(14, 13, 5)",col_strict,"(31, 1)",0
5,14,13,"(14, 13, 5)",col_strict,"(30, 1, 1)",0
5,14,13,"(14, 13, 5)",col_strict,"(29, 1, 1, 1)",0
5,14,13,"(14, 13, 5)",col_strict,"(28, 1, 1, 1, 1)",0
5,14,13,"(14, 13, 5)",col_strict,"(27, 1, 1, 1, 1, 1)",0
5,14,13,"(14, 13, 5)",col_strict,"(26, 1, 1, 1, 1, 1, 1)",0
5,14,13,"(14, 13, 5)",col_strict,"(25, 1, 1, 1, 1, 1, 1, 1)",0
5,14,13,"(14, 13, 5)",col_strict,"(24, 1, 1, 1, 1, 1, 1, 1, 1)",0
5,14,13,"(14, 13, 5)",col_strict,"(23, 1, 1, 1, 1, 1, 1, 1, 1, 1)",0
5,14,13,"(14, 13, 5)",col_strict,"(22, 1, 1, 1, 1, 1, 1, 1, 1, 1, 1)",0
5,14,13,"(14, 13, 5)",col_strict,"(21, 1, 1, 1, 1, 1, 1, 1, 1, 1, 1, 1)",0
5,14,13,"(14, 13, 5)",col_strict,"(20, 1, 1, 1, 1, 1, 1, 1, 1, 1, 1, 1, 1)",0
5,14,13,"(14, 13, 5)",col_strict,"(19, 1, 1, 1, 1, 1, 1, 1, 1, 1, 1, 1, 1, 1)",0
5,14,13,"(14, 13, 5)",col_strict,"(18, 1, 1, 1, 1, 1, 1, 1, 1, 1, 1, 1, 1, 1, 1)",0
5,14,13,"(14, 13, 5)",col_strict,"(17, 1, 1, 1, 1, 1, 1, 1, 1, 1, 1, 1, 1, 1, 1, 1)",0
5,14,13,"(14, 13, 5)",col_strict,"(16, 1, 1, 1, 1, 1, 1, 1, 1, 1, 1, 1, 1, 1, 1, 1, 1)",0
5,14,13,"(14, 13, 5)",col_strict,"(15, 1, 1, 1, 1, 1, 1, 1, 1, 1, 1, 1, 1, 1, 1, 1, 1, 1)",0
5,14,13,"(14, 13, 5)",col_strict,"(14, 1, 1, 1, 1, 1, 1, 1, 1, 1, 1, 1, 1, 1, 1, 1, 1, 1, 1)",5508
5,14,13,"(14, 13, 5)",col_strict,"(13, 1, 1, 1, 1, 1, 1, 1, 1, 1, 1, 1, 1, 1, 1, 1, 1, 1, 1, 1)",104652
5,14,13,"(14, 13, 5)",col_strict,"(12, 1, 1, 1, 1, 1, 1, 1, 1, 1, 1, 1, 1, 1, 1, 1, 1, 1, 1, 1, 1)",1035861
5,14,13,"(14, 13, 5)",col_strict,"(11, 1, 1, 1, 1, 1, 1, 1, 1, 1, 1, 1, 1, 1, 1, 1, 1, 1, 1, 1, 1, 1)",7101801
5,14,13,"(14, 13, 5)",col_strict,"(10, 1, 1, 1, 1, 1, 1, 1, 1, 1, 1, 1, 1, 1, 1, 1, 1, 1, 1, 1, 1, 1, 1)",37828791
5,14,13,"(14, 13, 5)",col_strict,"(9, 1, 1, 1, 1, 1, 1, 1, 1, 1, 1, 1, 1, 1, 1, 1, 1, 1, 1, 1, 1, 1, 1, 1)",166461603
5,14,13,"(14, 13, 5)",col_strict,"(8, 1, 1, 1, 1, 1, 1, 1, 1, 1, 1, 1, 1, 1, 1, 1, 1, 1, 1, 1, 1, 1, 1, 1, 1)",628092234
5,14,13,"(14, 13, 5)",col_strict,"(7, 1, 1, 1, 1, 1, 1, 1, 1, 1, 1, 1, 1, 1, 1, 1, 1, 1, 1, 1, 1, 1, 1, 1, 1, 1)",2081382930
5,14,13,"(14, 13, 5)",col_strict,"(6, 1, 1, 1, 1, 1, 1, 1, 1, 1, 1, 1, 1, 1, 1, 1, 1, 1, 1, 1, 1, 1, 1, 1, 1, 1, 1)",6150989130
5,14,13,"(14, 13, 5)",col_strict,"(5, 1, 1, 1, 1, 1, 1, 1, 1, 1, 1, 1, 1, 1, 1, 1, 1, 1, 1, 1, 1, 1, 1, 1, 1, 1, 1, 1)",16349520330
5,14,13,"(14, 13, 5)",col_strict,"(4, 1, 1, 1, 1, 1, 1, 1, 1, 1, 1, 1, 1, 1, 1, 1, 1, 1, 1, 1, 1, 1, 1, 1, 1, 1, 1, 1, 1)",39152798685
5,14,13,"(14, 13, 5)",col_strict,"(3, 1, 1, 1, 1, 1, 1, 1, 1, 1, 1, 1, 1, 1, 1, 1, 1, 1, 1, 1, 1, 1, 1, 1, 1, 1, 1, 1, 1, 1)",83821629870
5,14,13,"(14, 13, 5)",col_strict,"(2, 1, 1, 1, 1, 1, 1, 1, 1, 1, 1, 1, 1, 1, 1, 1, 1, 1, 1, 1, 1, 1, 1, 1, 1, 1, 1, 1, 1, 1, 1)",156445713765
5,14,13,"(14, 13, 5)",col_strict,"(1, 1, 1, 1, 1, 1, 1, 1, 1, 1, 1, 1, 1, 1, 1, 1, 1, 1, 1, 1, 1, 1, 1, 1, 1, 1, 1, 1, 1, 1, 1, 1)",238027834440
5,14,13,"(14, 13, 5)",two_part,"(30, 2)",0
5,14,13,"(14, 13, 5)",two_part,"(29, 3)",0
5,14,13,"(14, 13, 5)",two_part,"(28, 4)",0
5,14,13,"(14, 13, 5)",two_part,"(27, 5)",0
5,14,13,"(14, 13, 5)",two_part,"(26, 6)",0
5,14,13,"(14, 13, 5)",two_part,"(25, 7)",0
5,14,13,"(14, 13, 5)",two_part,"(24, 8)",0
5,14,13,"(14, 13, 5)",two_part,"(23, 9)",0
5,14,13,"(14, 13, 5)",two_part,"(22, 10)",0
5,14,13,"(14, 13, 5)",two_part,"(21, 11)",0
5,14,13,"(14, 13, 5)",two_part,"(20, 12)",0
5,14,13,"(14, 13, 5)",two_part,"(19, 13)",0
5,14,13,"(14, 13, 5)",two_part,"(18, 14)",0
5,14,13,"(14, 13, 5)",two_part,"(17, 15)",0
5,14,13,"(14, 13, 5)",two_part,"(16, 16)",0
5,14,13,"(14, 13, 5)",hook_A,"(28, 2, 2)",0
5,14,13,"(14, 13, 5)",hook_A,"(26, 2, 2, 2)",0
5,14,13,"(14, 13, 5)",hook_A,"(24, 2, 2, 2, 2)",0
5,14,13,"(14, 13, 5)",hook_A,"(22, 2, 2, 2, 2, 2)",0
5,14,13,"(14, 13, 5)",hook_A,"(20, 2, 2, 2, 2, 2, 2)",0
5,14,13,"(14, 13, 5)",hook_A,"(18, 2, 2, 2, 2, 2, 2, 2)",0
5,14,13,"(14, 13, 5)",hook_A,"(16, 2, 2, 2, 2, 2, 2, 2, 2)",0
5,14,13,"(14, 13, 5)",hook_A,"(14, 2, 2, 2, 2, 2, 2, 2, 2, 2)",468
5,14,13,"(14, 13, 5)",hook_A,"(12, 2, 2, 2, 2, 2, 2, 2, 2, 2, 2)",31833
5,14,13,"(14, 13, 5)",hook_A,"(10, 2, 2, 2, 2, 2, 2, 2, 2, 2, 2, 2)",536448
5,14,13,"(14, 13, 5)",hook_A,"(8, 2, 2, 2, 2, 2, 2, 2, 2, 2, 2, 2, 2)",4741011
5,14,13,"(14, 13, 5)",hook_A,"(6, 2, 2, 2, 2, 2, 2, 2, 2, 2, 2, 2, 2, 2)",27223911
5,14,13,"(14, 13, 5)",hook_A,"(4, 2, 2, 2, 2, 2, 2, 2, 2, 2, 2, 2, 2, 2, 2)",108693585
5,14,13,"(14, 13, 5)",hook_A,"(2, 2, 2, 2, 2, 2, 2, 2, 2, 2, 2, 2, 2, 2, 2, 2)",283514220
5,15,6,"(15, 6, 5)",col_strict,"(26,)",0
5,15,6,"(15, 6, 5)",col_strict,"(25, 1)",0
5,15,6,"(15, 6, 5)",col_strict,"(24, 1, 1)",0
5,15,6,"(15, 6, 5)",col_strict,"(23, 1, 1, 1)",0
5,15,6,"(15, 6, 5)",col_strict,"(22, 1, 1, 1, 1)",0
5,15,6,"(15, 6, 5)",col_strict,"(21, 1, 1, 1, 1, 1)",0
5,15,6,"(15, 6, 5)",col_strict,"(20, 1, 1, 1, 1, 1, 1)",0
5,15,6,"(15, 6, 5)",col_strict,"(19, 1, 1, 1, 1, 1, 1, 1)",0
5,15,6,"(15, 6, 5)",col_strict,"(18, 1, 1, 1, 1, 1, 1, 1, 1)",0
5,15,6,"(15, 6, 5)",col_strict,"(17, 1, 1, 1, 1, 1, 1, 1, 1, 1)",0
5,15,6,"(15, 6, 5)",col_strict,"(16, 1, 1, 1, 1, 1, 1, 1, 1, 1, 1)",0
5,15,6,"(15, 6, 5)",col_strict,"(15, 1, 1, 1, 1, 1, 1, 1, 1, 1, 1, 1)",132
5,15,6,"(15, 6, 5)",col_strict,"(14, 1, 1, 1, 1, 1, 1, 1, 1, 1, 1, 1, 1)",1584
5,15,6,"(15, 6, 5)",col_strict,"(13, 1, 1, 1, 1, 1, 1, 1, 1, 1, 1, 1, 1, 1)",10296
5,15,6,"(15, 6, 5)",col_strict,"(12, 1, 1, 1, 1, 1, 1, 1, 1, 1, 1, 1, 1, 1, 1)",48048
5,15,6,"(15, 6, 5)",col_strict,"(11, 1, 1, 1, 1, 1, 1, 1, 1, 1, 1, 1, 1, 1, 1, 1)",180180
5,15,6,"(15, 6, 5)",col_strict,"(10, 1, 1, 1, 1, 1, 1, 1, 1, 1, 1, 1, 1, 1, 1, 1, 1)",576576
5,15,6,"(15, 6, 5)",col_strict,"(9, 1, 1, 1, 1, 1, 1, 1, 1, 1, 1, 1, 1, 1, 1, 1, 1, 1)",1633632
5,15,6,"(15, 6, 5)",col_strict,"(8, 1, 1, 1, 1, 1, 1, 1, 1, 1, 1, 1, 1, 1, 1, 1, 1, 1, 1)",4200768
5,15,6,"(15, 6, 5)",col_strict,"(7, 1, 1, 1, 1, 1, 1, 1, 1, 1, 1, 1, 1, 1, 1, 1, 1, 1, 1, 1)",9976824
5,15,6,"(15, 6, 5)",col_strict,"(6, 1, 1, 1, 1, 1, 1, 1, 1, 1, 1, 1, 1, 1, 1, 1, 1, 1, 1, 1, 1)",22170720
5,15,6,"(15, 6, 5)",col_strict,"(5, 1, 1, 1, 1, 1, 1, 1, 1, 1, 1, 1, 1, 1, 1, 1, 1, 1, 1, 1, 1, 1)",46544148
5,15,6,"(15, 6, 5)",col_strict,"(4, 1, 1, 1, 1, 1, 1, 1, 1, 1, 1, 1, 1, 1, 1, 1, 1, 1, 1, 1, 1, 1, 1)",92801016
5,15,6,"(15, 6, 5)",col_strict,"(3, 1, 1, 1, 1, 1, 1, 1, 1, 1, 1, 1, 1, 1, 1, 1, 1, 1, 1, 1, 1, 1, 1, 1)",174984414
5,15,6,"(15, 6, 5)",col_strict,"(2, 1, 1, 1, 1, 1, 1, 1, 1, 1, 1, 1, 1, 1, 1, 1, 1, 1, 1, 1, 1, 1, 1, 1, 1)",303879312
5,15,6,"(15, 6, 5)",col_strict,"(1, 1, 1, 1, 1, 1, 1, 1, 1, 1, 1, 1, 1, 1, 1, 1, 1, 1, 1, 1, 1, 1, 1, 1, 1, 1)",449935200
5,15,6,"(15, 6, 5)",two_part,"(24, 2)",0
5,15,6,"(15, 6, 5)",two_part,"(23, 3)",0
5,15,6,"(15, 6, 5)",two_part,"(22, 4)",0
5,15,6,"(15, 6, 5)",two_part,"(21, 5)",0
5,15,6,"(15, 6, 5)",two_part,"(20, 6)",0
5,15,6,"(15, 6, 5)",two_part,"(19, 7)",0
5,15,6,"(15, 6, 5)",two_part,"(18, 8)",0
5,15,6,"(15, 6, 5)",two_part,"(17, 9)",0
5,15,6,"(15, 6, 5)",two_part,"(16, 10)",0
5,15,6,"(15, 6, 5)",two_part,"(15, 11)",0
5,15,6,"(15, 6, 5)",two_part,"(14, 12)",0
5,15,6,"(15, 6, 5)",two_part,"(13, 13)",0
5,15,6,"(15, 6, 5)",hook_A,"(22, 2, 2)",0
5,15,6,"(15, 6, 5)",hook_A,"(20, 2, 2, 2)",0
5,15,6,"(15, 6, 5)",hook_A,"(18, 2, 2, 2, 2)",0
5,15,6,"(15, 6, 5)",hook_A,"(16, 2, 2, 2, 2, 2)",0
5,15,6,"(15, 6, 5)",hook_A,"(14, 2, 2, 2, 2, 2, 2)",126
5,15,6,"(15, 6, 5)",hook_A,"(12, 2, 2, 2, 2, 2, 2, 2)",1932
5,15,6,"(15, 6, 5)",hook_A,"(10, 2, 2, 2, 2, 2, 2, 2, 2)",14336
5,15,6,"(15, 6, 5)",hook_A,"(8, 2, 2, 2, 2, 2, 2, 2, 2, 2)",72288
5,15,6,"(15, 6, 5)",hook_A,"(6, 2, 2, 2, 2, 2, 2, 2, 2, 2, 2)",284040
5,15,6,"(15, 6, 5)",hook_A,"(4, 2, 2, 2, 2, 2, 2, 2, 2, 2, 2, 2)",921162
5,15,6,"(15, 6, 5)",hook_A,"(2, 2, 2, 2, 2, 2, 2, 2, 2, 2, 2, 2, 2)",2254824
5,15,8,"(15, 8, 5)",col_strict,"(28,)",0
5,15,8,"(15, 8, 5)",col_strict,"(27, 1)",0
5,15,8,"(15, 8, 5)",col_strict,"(26, 1, 1)",0
5,15,8,"(15, 8, 5)",col_strict,"(25, 1, 1, 1)",0
5,15,8,"(15, 8, 5)",col_strict,"(24, 1, 1, 1, 1)",0
5,15,8,"(15, 8, 5)",col_strict,"(23, 1, 1, 1, 1, 1)",0
5,15,8,"(15, 8, 5)",col_strict,"(22, 1, 1, 1, 1, 1, 1)",0
5,15,8,"(15, 8, 5)",col_strict,"(21, 1, 1, 1, 1, 1, 1, 1)",0
5,15,8,"(15, 8, 5)",col_strict,"(20, 1, 1, 1, 1, 1, 1, 1, 1)",0
5,15,8,"(15, 8, 5)",col_strict,"(19, 1, 1, 1, 1, 1, 1, 1, 1, 1)",0
5,15,8,"(15, 8, 5)",col_strict,"(18, 1, 1, 1, 1, 1, 1, 1, 1, 1, 1)",0
5,15,8,"(15, 8, 5)",col_strict,"(17, 1, 1, 1, 1, 1, 1, 1, 1, 1, 1, 1)",0
5,15,8,"(15, 8, 5)",col_strict,"(16, 1, 1, 1, 1, 1, 1, 1, 1, 1, 1, 1, 1)",0
5,15,8,"(15, 8, 5)",col_strict,"(15, 1, 1, 1, 1, 1, 1, 1, 1, 1, 1, 1, 1, 1)",572
5,15,8,"(15, 8, 5)",col_strict,"(14, 1, 1, 1, 1, 1, 1, 1, 1, 1, 1, 1, 1, 1, 1)",8008
5,15,8,"(15, 8, 5)",col_strict,"(13, 1, 1, 1, 1, 1, 1, 1, 1, 1, 1, 1, 1, 1, 1, 1)",60060
5,15,8,"(15, 8, 5)",col_strict,"(12, 1, 1, 1, 1, 1, 1, 1, 1, 1, 1, 1, 1, 1, 1, 1, 1)",320320
5,15,8,"(15, 8, 5)",col_strict,"(11, 1, 1, 1, 1, 1, 1, 1, 1, 1, 1, 1, 1, 1, 1, 1, 1, 1)",1361360
5,15,8,"(15, 8, 5)",col_strict,"(10, 1, 1, 1, 1, 1, 1, 1, 1, 1, 1, 1, 1, 1, 1, 1, 1, 1, 1)",4900896
5,15,8,"(15, 8, 5)",col_strict,"(9, 1, 1, 1, 1, 1, 1, 1, 1, 1, 1, 1, 1, 1, 1, 1, 1, 1, 1, 1)",15519504
5,15,8,"(15, 8, 5)",col_strict,"(8, 1, 1, 1, 1, 1, 1, 1, 1, 1, 1, 1, 1, 1, 1, 1, 1, 1, 1, 1, 1)",44341440
5,15,8,"(15, 8, 5)",col_strict,"(7, 1, 1, 1, 1, 1, 1, 1, 1, 1, 1, 1, 1, 1, 1, 1, 1, 1, 1, 1, 1, 1)",116381916
5,15,8,"(15, 8, 5)",col_strict,"(6, 1, 1, 1, 1, 1, 1, 1, 1, 1, 1, 1, 1, 1, 1, 1, 1, 1, 1, 1, 1, 1, 1)",284208232
5,15,8,"(15, 8, 5)",col_strict,"(5, 1, 1, 1, 1, 1, 1, 1, 1, 1, 1, 1, 1, 1, 1, 1, 1, 1, 1, 1, 1, 1, 1, 1)",650771660
5,15,8,"(15, 8, 5)",col_strict,"(4, 1, 1, 1, 1, 1, 1, 1, 1, 1, 1, 1, 1, 1, 1, 1, 1, 1, 1, 1, 1, 1, 1, 1, 1)",1398721632
5,15,8,"(15, 8, 5)",col_strict,"(3, 1, 1, 1, 1, 1, 1, 1, 1, 1, 1, 1, 1, 1, 1, 1, 1, 1, 1, 1, 1, 1, 1, 1, 1, 1)",2793828400
5,15,8,"(15, 8, 5)",col_strict,"(2, 1, 1, 1, 1, 1, 1, 1, 1, 1, 1, 1, 1, 1, 1, 1, 1, 1, 1, 1, 1, 1, 1, 1, 1, 1, 1)",5029275680
5,15,8,"(15, 8, 5)",col_strict,"(1, 1, 1, 1, 1, 1, 1, 1, 1, 1, 1, 1, 1, 1, 1, 1, 1, 1, 1, 1, 1, 1, 1, 1, 1, 1, 1, 1)",7558911360
5,15,8,"(15, 8, 5)",two_part,"(26, 2)",0
5,15,8,"(15, 8, 5)",two_part,"(25, 3)",0
5,15,8,"(15, 8, 5)",two_part,"(24, 4)",0
5,15,8,"(15, 8, 5)",two_part,"(23, 5)",0
5,15,8,"(15, 8, 5)",two_part,"(22, 6)",0
5,15,8,"(15, 8, 5)",two_part,"(21, 7)",0
5,15,8,"(15, 8, 5)",two_part,"(20, 8)",0
5,15,8,"(15, 8, 5)",two_part,"(19, 9)",0
5,15,8,"(15, 8, 5)",two_part,"(18, 10)",0
5,15,8,"(15, 8, 5)",two_part,"(17, 11)",0
5,15,8,"(15, 8, 5)",two_part,"(16, 12)",0
5,15,8,"(15, 8, 5)",two_part,"(15, 13)",0
5,15,8,"(15, 8, 5)",two_part,"(14, 14)",0
5,15,8,"(15, 8, 5)",hook_A,"(24, 2, 2)",0
5,15,8,"(15, 8, 5)",hook_A,"(22, 2, 2, 2)",0
5,15,8,"(15, 8, 5)",hook_A,"(20, 2, 2, 2, 2)",0
5,15,8,"(15, 8, 5)",hook_A,"(18, 2, 2, 2, 2, 2)",0
5,15,8,"(15, 8, 5)",hook_A,"(16, 2, 2, 2, 2, 2, 2)",0
5,15,8,"(15, 8, 5)",hook_A,"(14, 2, 2, 2, 2, 2, 2, 2)",532
5,15,8,"(15, 8, 5)",hook_A,"(12, 2, 2, 2, 2, 2, 2, 2, 2)",10192
5,15,8,"(15, 8, 5)",hook_A,"(10, 2, 2, 2, 2, 2, 2, 2, 2, 2)",91224
5,15,8,"(15, 8, 5)",hook_A,"(8, 2, 2, 2, 2, 2, 2, 2, 2, 2, 2)",542280
5,15,8,"(15, 8, 5)",hook_A,"(6, 2, 2, 2, 2, 2, 2, 2, 2, 2, 2, 2)",2456168
5,15,8,"(15, 8, 5)",hook_A,"(4, 2, 2, 2, 2, 2, 2, 2, 2, 2, 2, 2, 2)",8779584
5,15,8,"(15, 8, 5)",hook_A,"(2, 2, 2, 2, 2, 2, 2, 2, 2, 2, 2, 2, 2, 2)",22294272
5,15,10,"(15, 10, 5)",col_strict,"(30,)",0
5,15,10,"(15, 10, 5)",col_strict,"(29, 1)",0
5,15,10,"(15, 10, 5)",col_strict,"(28, 1, 1)",0
5,15,10,"(15, 10, 5)",col_strict,"(27, 1, 1, 1)",0
5,15,10,"(15, 10, 5)",col_strict,"(26, 1, 1, 1, 1)",0
5,15,10,"(15, 10, 5)",col_strict,"(25, 1, 1, 1, 1, 1)",0
5,15,10,"(15, 10, 5)",col_strict,"(24, 1, 1, 1, 1, 1, 1)",0
5,15,10,"(15, 10, 5)",col_strict,"(23, 1, 1, 1, 1, 1, 1, 1)",0
5,15,10,"(15, 10, 5)",col_strict,"(22, 1, 1, 1, 1, 1, 1, 1, 1)",0
5,15,10,"(15, 10, 5)",col_strict,"(21, 1, 1, 1, 1, 1, 1, 1, 1, 1)",0
5,15,10,"(15, 10, 5)",col_strict,"(20, 1, 1, 1, 1, 1, 1, 1, 1, 1, 1)",0
5,15,10,"(15, 10, 5)",col_strict,"(19, 1, 1, 1, 1, 1, 1, 1, 1, 1, 1, 1)",0
5,15,10,"(15, 10, 5)",col_strict,"(18, 1, 1, 1, 1, 1, 1, 1, 1, 1, 1, 1, 1)",0
5,15,10,"(15, 10, 5)",col_strict,"(17, 1, 1, 1, 1, 1, 1, 1, 1, 1, 1, 1, 1, 1)",0
5,15,10,"(15, 10, 5)",col_strict,"(16, 1, 1, 1, 1, 1, 1, 1, 1, 1, 1, 1, 1, 1, 1)",0
5,15,10,"(15, 10, 5)",col_strict,"(15, 1, 1, 1, 1, 1, 1, 1, 1, 1, 1, 1, 1, 1, 1, 1)",1638
5,15,10,"(15, 10, 5)",col_strict,"(14, 1, 1, 1, 1, 1, 1, 1, 1, 1, 1, 1, 1, 1, 1, 1, 1)",26208
5,15,10,"(15, 10, 5)",col_strict,"(13, 1, 1, 1, 1, 1, 1, 1, 1, 1, 1, 1, 1, 1, 1, 1, 1, 1)",222768
5,15,10,"(15, 10, 5)",col_strict,"(12, 1, 1, 1, 1, 1, 1, 1, 1, 1, 1, 1, 1, 1, 1, 1, 1, 1, 1)",1336608
5,15,10,"(15, 10, 5)",col_strict,"(11, 1, 1, 1, 1, 1, 1, 1, 1, 1, 1, 1, 1, 1, 1, 1, 1, 1, 1, 1)",6348888
5,15,10,"(15, 10, 5)",col_strict,"(10, 1, 1, 1, 1, 1, 1, 1, 1, 1, 1, 1, 1, 1, 1, 1, 1, 1, 1, 1, 1)",25395552
5,15,10,"(15, 10, 5)",col_strict,"(9, 1, 1, 1, 1, 1, 1, 1, 1, 1, 1, 1, 1, 1, 1, 1, 1, 1, 1, 1, 1, 1)",88870068
5,15,10,"(15, 10, 5)",col_strict,"(8, 1, 1, 1, 1, 1, 1, 1, 1, 1, 1, 1, 1, 1, 1, 1, 1, 1, 1, 1, 1, 1, 1)",279035064
5,15,10,"(15, 10, 5)",col_strict,"(7, 1, 1, 1, 1, 1, 1, 1, 1, 1, 1, 1, 1, 1, 1, 1, 1, 1, 1, 1, 1, 1, 1, 1)",799500240
5,15,10,"(15, 10, 5)",col_strict,"(6, 1, 1, 1, 1, 1, 1, 1, 1, 1, 1, 1, 1, 1, 1, 1, 1, 1, 1, 1, 1, 1, 1, 1, 1)",2112618816
5,15,10,"(15, 10, 5)",col_strict,"(5, 1, 1, 1, 1, 1, 1, 1, 1, 1, 1, 1, 1, 1, 1, 1, 1, 1, 1, 1, 1, 1, 1, 1, 1, 1)",5172524280
5,15,10,"(15, 10, 5)",col_strict,"(4, 1, 1, 1, 1, 1, 1, 1, 1, 1, 1, 1, 1, 1, 1, 1, 1, 1, 1, 1, 1, 1, 1, 1, 1, 1, 1)",11710586160
5,15,10,"(15, 10, 5)",col_strict,"(3, 1, 1, 1, 1, 1, 1, 1, 1, 1, 1, 1, 1, 1, 1, 1, 1, 1, 1, 1, 1, 1, 1, 1, 1, 1, 1, 1)",24227476650
5,15,10,"(15, 10, 5)",col_strict,"(2, 1, 1, 1, 1, 1, 1, 1, 1, 1, 1, 1, 1, 1, 1, 1, 1, 1, 1, 1, 1, 1, 1, 1, 1, 1, 1, 1, 1)",44451552600
5,15,10,"(15, 10, 5)",col_strict,"(1, 1, 1, 1, 1, 1, 1, 1, 1, 1, 1, 1, 1, 1, 1, 1, 1, 1, 1, 1, 1, 1, 1, 1, 1, 1, 1, 1, 1, 1)",67257131760
5,15,10,"(15, 10, 5)",two_part,"(28, 2)",0
5,15,10,"(15, 10, 5)",two_part,"(27, 3)",0
5,15,10,"(15, 10, 5)",two_part,"(26, 4)",0
5,15,10,"(15, 10, 5)",two_part,"(25, 5)",0
5,15,10,"(15, 10, 5)",two_part,"(24, 6)",0
5,15,10,"(15, 10, 5)",two_part,"(23, 7)",0
5,15,10,"(15, 10, 5)",two_part,"(22, 8)",0
5,15,10,"(15, 10, 5)",two_part,"(21, 9)",0
5,15,10,"(15, 10, 5)",two_part,"(20, 10)",0
5,15,10,"(15, 10, 5)",two_part,"(19, 11)",0
5,15,10,"(15, 10, 5)",two_part,"(18, 12)",0
5,15,10,"(15, 10, 5)",two_part,"(17, 13)",0
5,15,10,"(15, 10, 5)",two_part,"(16, 14)",0
5,15,10,"(15, 10, 5)",two_part,"(15, 15)",0
5,15,10,"(15, 10, 5)",hook_A,"(26, 2, 2)",0
5,15,10,"(15, 10, 5)",hook_A,"(24, 2, 2, 2)",0
5,15,10,"(15, 10, 5)",hook_A,"(22, 2, 2, 2, 2)",0
5,15,10,"(15, 10, 5)",hook_A,"(20, 2, 2, 2, 2, 2)",0
5,15,10,"(15, 10, 5)",hook_A,"(18, 2, 2, 2, 2, 2, 2)",0
5,15,10,"(15, 10, 5)",hook_A,"(16, 2, 2, 2, 2, 2, 2, 2)",0
5,15,10,"(15, 10, 5)",hook_A,"(14, 2, 2, 2, 2, 2, 2, 2, 2)",1512
5,15,10,"(15, 10, 5)",hook_A,"(12, 2, 2, 2, 2, 2, 2, 2, 2, 2)",35280
5,15,10,"(15, 10, 5)",hook_A,"(10, 2, 2, 2, 2, 2, 2, 2, 2, 2, 2)",373464
5,15,10,"(15, 10, 5)",hook_A,"(8, 2, 2, 2, 2, 2, 2, 2, 2, 2, 2, 2)",2561922
5,15,10,"(15, 10, 5)",hook_A,"(6, 2, 2, 2, 2, 2, 2, 2, 2, 2, 2, 2, 2)",12897060
5,15,10,"(15, 10, 5)",hook_A,"(4, 2, 2, 2, 2, 2, 2, 2, 2, 2, 2, 2, 2, 2)",48750624
5,15,10,"(15, 10, 5)",hook_A,"(2, 2, 2, 2, 2, 2, 2, 2, 2, 2, 2, 2, 2, 2, 2)",125626410
5,15,12,"(15, 12, 5)",col_strict,"(32,)",0
5,15,12,"(15, 12, 5)",col_strict,"(31, 1)",0
5,15,12,"(15, 12, 5)",col_strict,"(30, 1, 1)",0
5,15,12,"(15, 12, 5)",col_strict,"(29, 1, 1, 1)",0
5,15,12,"(15, 12, 5)",col_strict,"(28, 1, 1, 1, 1)",0
5,15,12,"(15, 12, 5)",col_strict,"(27, 1, 1, 1, 1, 1)",0
5,15,12,"(15, 12, 5)",col_strict,"(26, 1, 1, 1, 1, 1, 1)",0
5,15,12,"(15, 12, 5)",col_strict,"(25, 1, 1, 1, 1, 1, 1, 1)",0
5,15,12,"(15, 12, 5)",col_strict,"(24, 1, 1, 1, 1, 1, 1, 1, 1)",0
5,15,12,"(15, 12, 5)",col_strict,"(23, 1, 1, 1, 1, 1, 1, 1, 1, 1)",0
5,15,12,"(15, 12, 5)",col_strict,"(22, 1, 1, 1, 1, 1, 1, 1, 1, 1, 1)",0
5,15,12,"(15, 12, 5)",col_strict,"(21, 1, 1, 1, 1, 1, 1, 1, 1, 1, 1, 1)",0
5,15,12,"(15, 12, 5)",col_strict,"(20, 1, 1, 1, 1, 1, 1, 1, 1, 1, 1, 1, 1)",0
5,15,12,"(15, 12, 5)",col_strict,"(19, 1, 1, 1, 1, 1, 1, 1, 1, 1, 1, 1, 1, 1)",0
5,15,12,"(15, 12, 5)",col_strict,"(18, 1, 1, 1, 1, 1, 1, 1, 1, 1, 1, 1, 1, 1, 1)",0
5,15,12,"(15, 12, 5)",col_strict,"(17, 1, 1, 1, 1, 1, 1, 1, 1, 1, 1, 1, 1, 1, 1, 1)",0
5,15,12,"(15, 12, 5)",col_strict,"(16, 1, 1, 1, 1, 1, 1, 1, 1, 1, 1, 1, 1, 1, 1, 1, 1)",0
5,15,12,"(15, 12, 5)",col_strict,"(15, 1, 1, 1, 1, 1, 1, 1, 1, 1, 1, 1, 1, 1, 1, 1, 1, 1)",3808
5,15,12,"(15, 12, 5)",col_strict,"(14, 1, 1, 1, 1, 1, 1, 1, 1, 1, 1, 1, 1, 1, 1, 1, 1, 1, 1)",68544
5,15,12,"(15, 12, 5)",col_strict,"(13, 1, 1, 1, 1, 1, 1, 1, 1, 1, 1, 1, 1, 1, 1, 1, 1, 1, 1, 1)",651168
5,15,12,"(15, 12, 5)",col_strict,"(12, 1, 1, 1, 1, 1, 1, 1, 1, 1, 1, 1, 1, 1, 1, 1, 1, 1, 1, 1, 1)",4341120
5,15,12,"(15, 12, 5)",col_strict,"(11, 1, 1, 1, 1, 1, 1, 1, 1, 1, 1, 1, 1, 1, 1, 1, 1, 1, 1, 1, 1, 1)",22776516
5,15,12,"(15, 12, 5)",col_strict,"(10, 1, 1, 1, 1, 1, 1, 1, 1, 1, 1, 1, 1, 1, 1, 1, 1, 1, 1, 1, 1, 1, 1)",99963864
5,15,12,"(15, 12, 5)",col_strict,"(9, 1, 1, 1, 1, 1, 1, 1, 1, 1, 1, 1, 1, 1, 1, 1, 1, 1, 1, 1, 1, 1, 1, 1)",380772084
5,15,12,"(15, 12, 5)",col_strict,"(8, 1, 1, 1, 1, 1, 1, 1, 1, 1, 1, 1, 1, 1, 1, 1, 1, 1, 1, 1, 1, 1, 1, 1, 1)",1288891296
5,15,12,"(15, 12, 5)",col_strict,"(7, 1, 1, 1, 1, 1, 1, 1, 1, 1, 1, 1, 1, 1, 1, 1, 1, 1, 1, 1, 1, 1, 1, 1, 1, 1)",3936933000
5,15,12,"(15, 12, 5)",col_strict,"(6, 1, 1, 1, 1, 1, 1, 1, 1, 1, 1, 1, 1, 1, 1, 1, 1, 1, 1, 1, 1, 1, 1, 1, 1, 1, 1)",10953422480
5,15,12,"(15, 12, 5)",col_strict,"(5, 1, 1, 1, 1, 1, 1, 1, 1, 1, 1, 1, 1, 1, 1, 1, 1, 1, 1, 1, 1, 1, 1, 1, 1, 1, 1, 1)",27873485640
5,15,12,"(15, 12, 5)",col_strict,"(4, 1, 1, 1, 1, 1, 1, 1, 1, 1, 1, 1, 1, 1, 1, 1, 1, 1, 1, 1, 1, 1, 1, 1, 1, 1, 1, 1, 1)",64766126880
5,15,12,"(15, 12, 5)",col_strict,"(3, 1, 1, 1, 1, 1, 1, 1, 1, 1, 1, 1, 1, 1, 1, 1, 1, 1, 1, 1, 1, 1, 1, 1, 1, 1, 1, 1, 1, 1)",135983317680
5,15,12,"(15, 12, 5)",col_strict,"(2, 1, 1, 1, 1, 1, 1, 1, 1, 1, 1, 1, 1, 1, 1, 1, 1, 1, 1, 1, 1, 1, 1, 1, 1, 1, 1, 1, 1, 1, 1)",251016645600
5,15,12,"(15, 12, 5)",col_strict,"(1, 1, 1, 1, 1, 1, 1, 1, 1, 1, 1, 1, 1, 1, 1, 1, 1, 1, 1, 1, 1, 1, 1, 1, 1, 1, 1, 1, 1, 1, 1, 1)",380165667840
5,15,12,"(15, 12, 5)",two_part,"(30, 2)",0
5,15,12,"(15, 12, 5)",two_part,"(29, 3)",0
5,15,12,"(15, 12, 5)",two_part,"(28, 4)",0
5,15,12,"(15, 12, 5)",two_part,"(27, 5)",0
5,15,12,"(15, 12, 5)",two_part,"(26, 6)",0
5,15,12,"(15, 12, 5)",two_part,"(25, 7)",0
5,15,12,"(15, 12, 5)",two_part,"(24, 8)",0
5,15,12,"(15, 12, 5)",two_part,"(23, 9)",0
5,15,12,"(15, 12, 5)",two_part,"(22, 10)",0
5,15,12,"(15, 12, 5)",two_part,"(21, 11)",0
5,15,12,"(15, 12, 5)",two_part,"(20, 12)",0
5,15,12,"(15, 12, 5)",two_part,"(19, 13)",0
5,15,12,"(15, 12, 5)",two_part,"(18, 14)",0
5,15,12,"(15, 12, 5)",two_part,"(17, 15)",0
5,15,12,"(15, 12, 5)",two_part,"(16, 16)",0
5,15,12,"(15, 12, 5)",hook_A,"(28, 2, 2)",0
5,15,12,"(15, 12, 5)",hook_A,"(26, 2, 2, 2)",0
5,15,12,"(15, 12, 5)",hook_A,"(24, 2, 2, 2, 2)",0
5,15,12,"(15, 12, 5)",hook_A,"(22, 2, 2, 2, 2, 2)",0
5,15,12,"(15, 12, 5)",hook_A,"(20, 2, 2, 2, 2, 2, 2)",0
5,15,12,"(15, 12, 5)",hook_A,"(18, 2, 2, 2, 2, 2, 2, 2)",0
5,15,12,"(15, 12, 5)",hook_A,"(16, 2, 2, 2, 2, 2, 2, 2, 2)",0
5,15,12,"(15, 12, 5)",hook_A,"(14, 2, 2, 2, 2, 2, 2, 2, 2, 2)",3528
5,15,12,"(15, 12, 5)",hook_A,"(12, 2, 2, 2, 2, 2, 2, 2, 2, 2, 2)",98280
5,15,12,"(15, 12, 5)",hook_A,"(10, 2, 2, 2, 2, 2, 2, 2, 2, 2, 2, 2)",1197702
5,15,12,"(15, 12, 5)",hook_A,"(8, 2, 2, 2, 2, 2, 2, 2, 2, 2, 2, 2, 2)",9049788
5,15,12,"(15, 12, 5)",hook_A,"(6, 2, 2, 2, 2, 2, 2, 2, 2, 2, 2, 2, 2, 2)",48022260
5,15,12,"(15, 12, 5)",hook_A,"(4, 2, 2, 2, 2, 2, 2, 2, 2, 2, 2, 2, 2, 2, 2)",184807532
5,15,12,"(15, 12, 5)",hook_A,"(2, 2, 2, 2, 2, 2, 2, 2, 2, 2, 2, 2, 2, 2, 2, 2)",475930560
5,15,14,"(15, 14, 5)",col_strict,"(34,)",0
5,15,14,"(15, 14, 5)",col_strict,"(33, 1)",0
5,15,14,"(15, 14, 5)",col_strict,"(32, 1, 1)",0
5,15,14,"(15, 14, 5)",col_strict,"(31, 1, 1, 1)",0
5,15,14,"(15, 14, 5)",col_strict,"(30, 1, 1, 1, 1)",0
5,15,14,"(15, 14, 5)",col_strict,"(29, 1, 1, 1, 1, 1)",0
5,15,14,"(15, 14, 5)",col_strict,"(28, 1, 1, 1, 1, 1, 1)",0
5,15,14,"(15, 14, 5)",col_strict,"(27, 1, 1, 1, 1, 1, 1, 1)",0
5,15,14,"(15, 14, 5)",col_strict,"(26, 1, 1, 1, 1, 1, 1, 1, 1)",0
5,15,14,"(15, 14, 5)",col_strict,"(25, 1, 1, 1, 1, 1, 1, 1, 1, 1)",0
5,15,14,"(15, 14, 5)",col_strict,"(24, 1, 1, 1, 1, 1, 1, 1, 1, 1, 1)",0
5,15,14,"(15, 14, 5)",col_strict,"(23, 1, 1, 1, 1, 1, 1, 1, 1, 1, 1, 1)",0
5,15,14,"(15, 14, 5)",col_strict,"(22, 1, 1, 1, 1, 1, 1, 1, 1, 1, 1, 1, 1)",0
5,15,14,"(15, 14, 5)",col_strict,"(21, 1, 1, 1, 1, 1, 1, 1, 1, 1, 1, 1, 1, 1)",0
5,15,14,"(15, 14, 5)",col_strict,"(20, 1, 1, 1, 1, 1, 1, 1, 1, 1, 1, 1, 1, 1, 1)",0
5,15,14,"(15, 14, 5)",col_strict,"(19, 1, 1, 1, 1, 1, 1, 1, 1, 1, 1, 1, 1, 1, 1, 1)",0
5,15,14,"(15, 14, 5)",col_strict,"(18, 1, 1, 1, 1, 1, 1, 1, 1, 1, 1, 1, 1, 1, 1, 1, 1)",0
5,15,14,"(15, 14, 5)",col_strict,"(17, 1, 1, 1, 1, 1, 1, 1, 1, 1, 1, 1, 1, 1, 1, 1, 1, 1)",0
5,15,14,"(15, 14, 5)",col_strict,"(16, 1, 1, 1, 1, 1, 1, 1, 1, 1, 1, 1, 1, 1, 1, 1, 1, 1, 1)",0
5,15,14,"(15, 14, 5)",col_strict,"(15, 1, 1, 1, 1, 1, 1, 1, 1, 1, 1, 1, 1, 1, 1, 1, 1, 1, 1, 1)",7752
5,15,14,"(15, 14, 5)",col_strict,"(14, 1, 1, 1, 1, 1, 1, 1, 1, 1, 1, 1, 1, 1, 1, 1, 1, 1, 1, 1, 1)",155040
5,15,14,"(15, 14, 5)",col_strict,"(13, 1, 1, 1, 1, 1, 1, 1, 1, 1, 1, 1, 1, 1, 1, 1, 1, 1, 1, 1, 1, 1)",1613556
5,15,14,"(15, 14, 5)",col_strict,"(12, 1, 1, 1, 1, 1, 1, 1, 1, 1, 1, 1, 1, 1, 1, 1, 1, 1, 1, 1, 1, 1, 1)",11622072
5,15,14,"(15, 14, 5)",col_strict,"(11, 1, 1, 1, 1, 1, 1, 1, 1, 1, 1, 1, 1, 1, 1, 1, 1, 1, 1, 1, 1, 1, 1, 1)",65009868
5,15,14,"(15, 14, 5)",col_strict,"(10, 1, 1, 1, 1, 1, 1, 1, 1, 1, 1, 1, 1, 1, 1, 1, 1, 1, 1, 1, 1, 1, 1, 1, 1)",300418272
5,15,14,"(15, 14, 5)",col_strict,"(9, 1, 1, 1, 1, 1, 1, 1, 1, 1, 1, 1, 1, 1, 1, 1, 1, 1, 1, 1, 1, 1, 1, 1, 1, 1)",1191174600
5,15,14,"(15, 14, 5)",col_strict,"(8, 1, 1, 1, 1, 1, 1, 1, 1, 1, 1, 1, 1, 1, 1, 1, 1, 1, 1, 1, 1, 1, 1, 1, 1, 1, 1)",4154401680
5,15,14,"(15, 14, 5)",col_strict,"(7, 1, 1, 1, 1, 1, 1, 1, 1, 1, 1, 1, 1, 1, 1, 1, 1, 1, 1, 1, 1, 1, 1, 1, 1, 1, 1, 1)",12958133760
5,15,14,"(15, 14, 5)",col_strict,"(6, 1, 1, 1, 1, 1, 1, 1, 1, 1, 1, 1, 1, 1, 1, 1, 1, 1, 1, 1, 1, 1, 1, 1, 1, 1, 1, 1, 1)",36534738240
5,15,14,"(15, 14, 5)",col_strict,"(5, 1, 1, 1, 1, 1, 1, 1, 1, 1, 1, 1, 1, 1, 1, 1, 1, 1, 1, 1, 1, 1, 1, 1, 1, 1, 1, 1, 1, 1)",93620266740
5,15,14,"(15, 14, 5)",col_strict,"(4, 1, 1, 1, 1, 1, 1, 1, 1, 1, 1, 1, 1, 1, 1, 1, 1, 1, 1, 1, 1, 1, 1, 1, 1, 1, 1, 1, 1, 1, 1)",217962927000
5,15,14,"(15, 14, 5)",col_strict,"(3, 1, 1, 1, 1, 1, 1, 1, 1, 1, 1, 1, 1, 1, 1, 1, 1, 1, 1, 1, 1, 1, 1, 1, 1, 1, 1, 1, 1, 1, 1, 1)",456927169410
5,15,14,"(15, 14, 5)",col_strict,"(2, 1, 1, 1, 1, 1, 1, 1, 1, 1, 1, 1, 1, 1, 1, 1, 1, 1, 1, 1, 1, 1, 1, 1, 1, 1, 1, 1, 1, 1, 1, 1, 1)",840663961920
5,15,14,"(15, 14, 5)",col_strict,"(1, 1, 1, 1, 1, 1, 1, 1, 1, 1, 1, 1, 1, 1, 1, 1, 1, 1, 1, 1, 1, 1, 1, 1, 1, 1, 1, 1, 1, 1, 1, 1, 1, 1)",1269481783680
5,15,14,"(15, 14, 5)",two_part,"(32, 2)",0
5,15,14,"(15, 14, 5)",two_part,"(31, 3)",0
5,15,14,"(15, 14, 5)",two_part,"(30, 4)",0
5,15,14,"(15, 14, 5)",two_part,"(29, 5)",0
5,15,14,"(15, 14, 5)",two_part,"(28, 6)",0
5,15,14,"(15, 14, 5)",two_part,"(27, 7)",0
5,15,14,"(15, 14, 5)",two_part,"(26, 8)",0
5,15,14,"(15, 14, 5)",two_part,"(25, 9)",0
5,15,14,"(15, 14, 5)",two_part,"(24, 10)",0
5,15,14,"(15, 14, 5)",two_part,"(23, 11)",0
5,15,14,"(15, 14, 5)",two_part,"(22, 12)",0
5,15,14,"(15, 14, 5)",two_part,"(21, 13)",0
5,15,14,"(15, 14, 5)",two_part,"(20, 14)",0
5,15,14,"(15, 14, 5)",two_part,"(19, 15)",0
5,15,14,"(15, 14, 5)",two_part,"(18, 16)",0
5,15,14,"(15, 14, 5)",two_part,"(17, 17)",0
5,15,14,"(15, 14, 5)",hook_A,"(30, 2, 2)",0
5,15,14,"(15, 14, 5)",hook_A,"(28, 2, 2, 2)",0
5,15,14,"(15, 14, 5)",hook_A,"(26, 2, 2, 2, 2)",0
5,15,14,"(15, 14, 5)",hook_A,"(24, 2, 2, 2, 2, 2)",0
5,15,14,"(15, 14, 5)",hook_A,"(22, 2, 2, 2, 2, 2, 2)",0
5,15,14,"(15, 14, 5)",hook_A,"(20, 2, 2, 2, 2, 2, 2, 2)",0
5,15,14,"(15, 14, 5)",hook_A,"(18, 2, 2, 2, 2, 2, 2, 2, 2)",0
5,15,14,"(15, 14, 5)",hook_A,"(16, 2, 2, 2, 2, 2, 2, 2, 2, 2)",0
5,15,14,"(15, 14, 5)",hook_A,"(14, 2, 2, 2, 2, 2, 2, 2, 2, 2, 2)",7260
5,15,14,"(15, 14, 5)",hook_A,"(12, 2, 2, 2, 2, 2, 2, 2, 2, 2, 2, 2)",223938
5,15,14,"(15, 14, 5)",hook_A,"(10, 2, 2, 2, 2, 2, 2, 2, 2, 2, 2, 2, 2)",2848428
5,15,14,"(15, 14, 5)",hook_A,"(8, 2, 2, 2, 2, 2, 2, 2, 2, 2, 2, 2, 2, 2)",21781188
5,15,14,"(15, 14, 5)",hook_A,"(6, 2, 2, 2, 2, 2, 2, 2, 2, 2, 2, 2, 2, 2, 2)",115056942
5,15,14,"(15, 14, 5)",hook_A,"(4, 2, 2, 2, 2, 2, 2, 2, 2, 2, 2, 2, 2, 2, 2, 2)",437517990
5,15,14,"(15, 14, 5)",hook_A,"(2, 2, 2, 2, 2, 2, 2, 2, 2, 2, 2, 2, 2, 2, 2, 2, 2)",1114468592
5,16,5,"(16, 5, 5)",col_strict,"(26,)",0
5,16,5,"(16, 5, 5)",col_strict,"(25, 1)",0
5,16,5,"(16, 5, 5)",col_strict,"(24, 1, 1)",0
5,16,5,"(16, 5, 5)",col_strict,"(23, 1, 1, 1)",0
5,16,5,"(16, 5, 5)",col_strict,"(22, 1, 1, 1, 1)",0
5,16,5,"(16, 5, 5)",col_strict,"(21, 1, 1, 1, 1, 1)",0
5,16,5,"(16, 5, 5)",col_strict,"(20, 1, 1, 1, 1, 1, 1)",0
5,16,5,"(16, 5, 5)",col_strict,"(19, 1, 1, 1, 1, 1, 1, 1)",0
5,16,5,"(16, 5, 5)",col_strict,"(18, 1, 1, 1, 1, 1, 1, 1, 1)",0
5,16,5,"(16, 5, 5)",col_strict,"(17, 1, 1, 1, 1, 1, 1, 1, 1, 1)",0
5,16,5,"(16, 5, 5)",col_strict,"(16, 1, 1, 1, 1, 1, 1, 1, 1, 1, 1)",42
5,16,5,"(16, 5, 5)",col_strict,"(15, 1, 1, 1, 1, 1, 1, 1, 1, 1, 1, 1)",462
5,16,5,"(16, 5, 5)",col_strict,"(14, 1, 1, 1, 1, 1, 1, 1, 1, 1, 1, 1, 1)",2772
5,16,5,"(16, 5, 5)",col_strict,"(13, 1, 1, 1, 1, 1, 1, 1, 1, 1, 1, 1, 1, 1)",12012
5,16,5,"(16, 5, 5)",col_strict,"(12, 1, 1, 1, 1, 1, 1, 1, 1, 1, 1, 1, 1, 1, 1)",42042
5,16,5,"(16, 5, 5)",col_strict,"(11, 1, 1, 1, 1, 1, 1, 1, 1, 1, 1, 1, 1, 1, 1, 1)",126126
5,16,5,"(16, 5, 5)",col_strict,"(10, 1, 1, 1, 1, 1, 1, 1, 1, 1, 1, 1, 1, 1, 1, 1, 1)",336336
5,16,5,"(16, 5, 5)",col_strict,"(9, 1, 1, 1, 1, 1, 1, 1, 1, 1, 1, 1, 1, 1, 1, 1, 1, 1)",816816
5,16,5,"(16, 5, 5)",col_strict,"(8, 1, 1, 1, 1, 1, 1, 1, 1, 1, 1, 1, 1, 1, 1, 1, 1, 1, 1)",1837836
5,16,5,"(16, 5, 5)",col_strict,"(7, 1, 1, 1, 1, 1, 1, 1, 1, 1, 1, 1, 1, 1, 1, 1, 1, 1, 1, 1)",3879876
5,16,5,"(16, 5, 5)",col_strict,"(6, 1, 1, 1, 1, 1, 1, 1, 1, 1, 1, 1, 1, 1, 1, 1, 1, 1, 1, 1, 1)",7759752
5,16,5,"(16, 5, 5)",col_strict,"(5, 1, 1, 1, 1, 1, 1, 1, 1, 1, 1, 1, 1, 1, 1, 1, 1, 1, 1, 1, 1, 1)",14814072
5,16,5,"(16, 5, 5)",col_strict,"(4, 1, 1, 1, 1, 1, 1, 1, 1, 1, 1, 1, 1, 1, 1, 1, 1, 1, 1, 1, 1, 1, 1)",27140113
5,16,5,"(16, 5, 5)",col_strict,"(3, 1, 1, 1, 1, 1, 1, 1, 1, 1, 1, 1, 1, 1, 1, 1, 1, 1, 1, 1, 1, 1, 1, 1)",47680633
5,16,5,"(16, 5, 5)",col_strict,"(2, 1, 1, 1, 1, 1, 1, 1, 1, 1, 1, 1, 1, 1, 1, 1, 1, 1, 1, 1, 1, 1, 1, 1, 1)",78738660
5,16,5,"(16, 5, 5)",col_strict,"(1, 1, 1, 1, 1, 1, 1, 1, 1, 1, 1, 1, 1, 1, 1, 1, 1, 1, 1, 1, 1, 1, 1, 1, 1, 1)",113733620
5,16,5,"(16, 5, 5)",two_part,"(24, 2)",0
5,16,5,"(16, 5, 5)",two_part,"(23, 3)",0
5,16,5,"(16, 5, 5)",two_part,"(22, 4)",0
5,16,5,"(16, 5, 5)",two_part,"(21, 5)",0
5,16,5,"(16, 5, 5)",two_part,"(20, 6)",0
5,16,5,"(16, 5, 5)",two_part,"(19, 7)",0
5,16,5,"(16, 5, 5)",two_part,"(18, 8)",0
5,16,5,"(16, 5, 5)",two_part,"(17, 9)",0
5,16,5,"(16, 5, 5)",two_part,"(16, 10)",0
5,16,5,"(16, 5, 5)",two_part,"(15, 11)",0
5,16,5,"(16, 5, 5)",two_part,"(14, 12)",0
5,16,5,"(16, 5, 5)",two_part,"(13, 13)",0
5,16,5,"(16, 5, 5)",hook_A,"(22, 2, 2)",0
5,16,5,"(16, 5, 5)",hook_A,"(20, 2, 2, 2)",0
5,16,5,"(16, 5, 5)",hook_A,"(18, 2, 2, 2, 2)",0
5,16,5,"(16, 5, 5)",hook_A,"(16, 2, 2, 2, 2, 2)",6
5,16,5,"(16, 5, 5)",hook_A,"(14, 2, 2, 2, 2, 2, 2)",171
5,16,5,"(16, 5, 5)",hook_A,"(12, 2, 2, 2, 2, 2, 2, 2)",1526
5,16,5,"(16, 5, 5)",hook_A,"(10, 2, 2, 2, 2, 2, 2, 2, 2)",8288
5,16,5,"(16, 5, 5)",hook_A,"(8, 2, 2, 2, 2, 2, 2, 2, 2, 2)",33516
5,16,5,"(16, 5, 5)",hook_A,"(6, 2, 2, 2, 2, 2, 2, 2, 2, 2, 2)",110964
5,16,5,"(16, 5, 5)",hook_A,"(4, 2, 2, 2, 2, 2, 2, 2, 2, 2, 2, 2)",315997
5,16,5,"(16, 5, 5)",hook_A,"(2, 2, 2, 2, 2, 2, 2, 2, 2, 2, 2, 2, 2)",724152
5,16,7,"(16, 7, 5)",col_strict,"(28,)",0
5,16,7,"(16, 7, 5)",col_strict,"(27, 1)",0
5,16,7,"(16, 7, 5)",col_strict,"(26, 1, 1)",0
5,16,7,"(16, 7, 5)",col_strict,"(25, 1, 1, 1)",0
5,16,7,"(16, 7, 5)",col_strict,"(24, 1, 1, 1, 1)",0
5,16,7,"(16, 7, 5)",col_strict,"(23, 1, 1, 1, 1, 1)",0
5,16,7,"(16, 7, 5)",col_strict,"(22, 1, 1, 1, 1, 1, 1)",0
5,16,7,"(16, 7, 5)",col_strict,"(21, 1, 1, 1, 1, 1, 1, 1)",0
5,16,7,"(16, 7, 5)",col_strict,"(20, 1, 1, 1, 1, 1, 1, 1, 1)",0
5,16,7,"(16, 7, 5)",col_strict,"(19, 1, 1, 1, 1, 1, 1, 1, 1, 1)",0
5,16,7,"(16, 7, 5)",col_strict,"(18, 1, 1, 1, 1, 1, 1, 1, 1, 1, 1)",0
5,16,7,"(16, 7, 5)",col_strict,"(17, 1, 1, 1, 1, 1, 1, 1, 1, 1, 1, 1)",0
5,16,7,"(16, 7, 5)",col_strict,"(16, 1, 1, 1, 1, 1, 1, 1, 1, 1, 1, 1, 1)",297
5,16,7,"(16, 7, 5)",col_strict,"(15, 1, 1, 1, 1, 1, 1, 1, 1, 1, 1, 1, 1, 1)",3861
5,16,7,"(16, 7, 5)",col_strict,"(14, 1, 1, 1, 1, 1, 1, 1, 1, 1, 1, 1, 1, 1, 1)",27027
5,16,7,"(16, 7, 5)",col_strict,"(13, 1, 1, 1, 1, 1, 1, 1, 1, 1, 1, 1, 1, 1, 1, 1)",135135
5,16,7,"(16, 7, 5)",col_strict,"(12, 1, 1, 1, 1, 1, 1, 1, 1, 1, 1, 1, 1, 1, 1, 1, 1)",540540
5,16,7,"(16, 7, 5)",col_strict,"(11, 1, 1, 1, 1, 1, 1, 1, 1, 1, 1, 1, 1, 1, 1, 1, 1, 1)",1837836
5,16,7,"(16, 7, 5)",col_strict,"(10, 1, 1, 1, 1, 1, 1, 1, 1, 1, 1, 1, 1, 1, 1, 1, 1, 1, 1)",5513508
5,16,7,"(16, 7, 5)",col_strict,"(9, 1, 1, 1, 1, 1, 1, 1, 1, 1, 1, 1, 1, 1, 1, 1, 1, 1, 1, 1)",14965236
5,16,7,"(16, 7, 5)",col_strict,"(8, 1, 1, 1, 1, 1, 1, 1, 1, 1, 1, 1, 1, 1, 1, 1, 1, 1, 1, 1, 1)",37413090
5,16,7,"(16, 7, 5)",col_strict,"(7, 1, 1, 1, 1, 1, 1, 1, 1, 1, 1, 1, 1, 1, 1, 1, 1, 1, 1, 1, 1, 1)",87297210
5,16,7,"(16, 7, 5)",col_strict,"(6, 1, 1, 1, 1, 1, 1, 1, 1, 1, 1, 1, 1, 1, 1, 1, 1, 1, 1, 1, 1, 1, 1)",192034843
5,16,7,"(16, 7, 5)",col_strict,"(5, 1, 1, 1, 1, 1, 1, 1, 1, 1, 1, 1, 1, 1, 1, 1, 1, 1, 1, 1, 1, 1, 1, 1)",401129729
5,16,7,"(16, 7, 5)",col_strict,"(4, 1, 1, 1, 1, 1, 1, 1, 1, 1, 1, 1, 1, 1, 1, 1, 1, 1, 1, 1, 1, 1, 1, 1, 1)",797885088
5,16,7,"(16, 7, 5)",col_strict,"(3, 1, 1, 1, 1, 1, 1, 1, 1, 1, 1, 1, 1, 1, 1, 1, 1, 1, 1, 1, 1, 1, 1, 1, 1, 1)",1501346275
5,16,7,"(16, 7, 5)",col_strict,"(2, 1, 1, 1, 1, 1, 1, 1, 1, 1, 1, 1, 1, 1, 1, 1, 1, 1, 1, 1, 1, 1, 1, 1, 1, 1, 1)",2599625600
5,16,7,"(16, 7, 5)",col_strict,"(1, 1, 1, 1, 1, 1, 1, 1, 1, 1, 1, 1, 1, 1, 1, 1, 1, 1, 1, 1, 1, 1, 1, 1, 1, 1, 1, 1)",3838509675
5,16,7,"(16, 7, 5)",two_part,"(26, 2)",0
5,16,7,"(16, 7, 5)",two_part,"(25, 3)",0
5,16,7,"(16, 7, 5)",two_part,"(24, 4)",0
5,16,7,"(16, 7, 5)",two_part,"(23, 5)",0
5,16,7,"(16, 7, 5)",two_part,"(22, 6)",0
5,16,7,"(16, 7, 5)",two_part,"(21, 7)",0
5,16,7,"(16, 7, 5)",two_part,"(20, 8)",0
5,16,7,"(16, 7, 5)",two_part,"(19, 9)",0
5,16,7,"(16, 7, 5)",two_part,"(18, 10)",0
5,16,7,"(16, 7, 5)",two_part,"(17, 11)",0
5,16,7,"(16, 7, 5)",two_part,"(16, 12)",0
5,16,7,"(16, 7, 5)",two_part,"(15, 13)",0
5,16,7,"(16, 7, 5)",two_part,"(14, 14)",0
5,16,7,"(16, 7, 5)",hook_A,"(24, 2, 2)",0
5,16,7,"(16, 7, 5)",hook_A,"(22, 2, 2, 2)",0
5,16,7,"(16, 7, 5)",hook_A,"(20, 2, 2, 2, 2)",0
5,16,7,"(16, 7, 5)",hook_A,"(18, 2, 2, 2, 2, 2)",0
5,16,7,"(16, 7, 5)",hook_A,"(16, 2, 2, 2, 2, 2, 2)",36
5,16,7,"(16, 7, 5)",hook_A,"(14, 2, 2, 2, 2, 2, 2, 2)",1323
5,16,7,"(16, 7, 5)",hook_A,"(12, 2, 2, 2, 2, 2, 2, 2, 2)",14616
5,16,7,"(16, 7, 5)",hook_A,"(10, 2, 2, 2, 2, 2, 2, 2, 2, 2)",95508
5,16,7,"(16, 7, 5)",hook_A,"(8, 2, 2, 2, 2, 2, 2, 2, 2, 2, 2)",455085
5,16,7,"(16, 7, 5)",hook_A,"(6, 2, 2, 2, 2, 2, 2, 2, 2, 2, 2, 2)",1745557
5,16,7,"(16, 7, 5)",hook_A,"(4, 2, 2, 2, 2, 2, 2, 2, 2, 2, 2, 2, 2)",5583831
5,16,7,"(16, 7, 5)",hook_A,"(2, 2, 2, 2, 2, 2, 2, 2, 2, 2, 2, 2, 2, 2)",13510497
5,16,9,"(16, 9, 5)",col_strict,"(30,)",0
5,16,9,"(16, 9, 5)",col_strict,"(29, 1)",0
5,16,9,"(16, 9, 5)",col_strict,"(28, 1, 1)",0
5,16,9,"(16, 9, 5)",col_strict,"(27, 1, 1, 1)",0
5,16,9,"(16, 9, 5)",col_strict,"(26, 1, 1, 1, 1)",0
5,16,9,"(16, 9, 5)",col_strict,"(25, 1, 1, 1, 1, 1)",0
5,16,9,"(16, 9, 5)",col_strict,"(24, 1, 1, 1, 1, 1, 1)",0
5,16,9,"(16, 9, 5)",col_strict,"(23, 1, 1, 1, 1, 1, 1, 1)",0
5,16,9,"(16, 9, 5)",col_strict,"(22, 1, 1, 1, 1, 1, 1, 1, 1)",0
5,16,9,"(16, 9, 5)",col_strict,"(21, 1, 1, 1, 1, 1, 1, 1, 1, 1)",0
5,16,9,"(16, 9, 5)",col_strict,"(20, 1, 1, 1, 1, 1, 1, 1, 1, 1, 1)",0
5,16,9,"(16, 9, 5)",col_strict,"(19, 1, 1, 1, 1, 1, 1, 1, 1, 1, 1, 1)",0
5,16,9,"(16, 9, 5)",col_strict,"(18, 1, 1, 1, 1, 1, 1, 1, 1, 1, 1, 1, 1)",0
5,16,9,"(16, 9, 5)",col_strict,"(17, 1, 1, 1, 1, 1, 1, 1, 1, 1, 1, 1, 1, 1)",0
5,16,9,"(16, 9, 5)",col_strict,"(16, 1, 1, 1, 1, 1, 1, 1, 1, 1, 1, 1, 1, 1, 1)",1001
5,16,9,"(16, 9, 5)",col_strict,"(15, 1, 1, 1, 1, 1, 1, 1, 1, 1, 1, 1, 1, 1, 1, 1)",15015
5,16,9,"(16, 9, 5)",col_strict,"(14, 1, 1, 1, 1, 1, 1, 1, 1, 1, 1, 1, 1, 1, 1, 1, 1)",120120
5,16,9,"(16, 9, 5)",col_strict,"(13, 1, 1, 1, 1, 1, 1, 1, 1, 1, 1, 1, 1, 1, 1, 1, 1, 1)",680680
5,16,9,"(16, 9, 5)",col_strict,"(12, 1, 1, 1, 1, 1, 1, 1, 1, 1, 1, 1, 1, 1, 1, 1, 1, 1, 1)",3063060
5,16,9,"(16, 9, 5)",col_strict,"(11, 1, 1, 1, 1, 1, 1, 1, 1, 1, 1, 1, 1, 1, 1, 1, 1, 1, 1, 1)",11639628
5,16,9,"(16, 9, 5)",col_strict,"(10, 1, 1, 1, 1, 1, 1, 1, 1, 1, 1, 1, 1, 1, 1, 1, 1, 1, 1, 1, 1)",38798760
5,16,9,"(16, 9, 5)",col_strict,"(9, 1, 1, 1, 1, 1, 1, 1, 1, 1, 1, 1, 1, 1, 1, 1, 1, 1, 1, 1, 1, 1)",116396280
5,16,9,"(16, 9, 5)",col_strict,"(8, 1, 1, 1, 1, 1, 1, 1, 1, 1, 1, 1, 1, 1, 1, 1, 1, 1, 1, 1, 1, 1, 1)",320070751
5,16,9,"(16, 9, 5)",col_strict,"(7, 1, 1, 1, 1, 1, 1, 1, 1, 1, 1, 1, 1, 1, 1, 1, 1, 1, 1, 1, 1, 1, 1, 1)",817569753
5,16,9,"(16, 9, 5)",col_strict,"(6, 1, 1, 1, 1, 1, 1, 1, 1, 1, 1, 1, 1, 1, 1, 1, 1, 1, 1, 1, 1, 1, 1, 1, 1)",1957968012
5,16,9,"(16, 9, 5)",col_strict,"(5, 1, 1, 1, 1, 1, 1, 1, 1, 1, 1, 1, 1, 1, 1, 1, 1, 1, 1, 1, 1, 1, 1, 1, 1, 1)",4418113700
5,16,9,"(16, 9, 5)",col_strict,"(4, 1, 1, 1, 1, 1, 1, 1, 1, 1, 1, 1, 1, 1, 1, 1, 1, 1, 1, 1, 1, 1, 1, 1, 1, 1, 1)",9383023650
5,16,9,"(16, 9, 5)",col_strict,"(3, 1, 1, 1, 1, 1, 1, 1, 1, 1, 1, 1, 1, 1, 1, 1, 1, 1, 1, 1, 1, 1, 1, 1, 1, 1, 1, 1)",18546703890
5,16,9,"(16, 9, 5)",col_strict,"(2, 1, 1, 1, 1, 1, 1, 1, 1, 1, 1, 1, 1, 1, 1, 1, 1, 1, 1, 1, 1, 1, 1, 1, 1, 1, 1, 1, 1)",33096483420
5,16,9,"(16, 9, 5)",col_strict,"(1, 1, 1, 1, 1, 1, 1, 1, 1, 1, 1, 1, 1, 1, 1, 1, 1, 1, 1, 1, 1, 1, 1, 1, 1, 1, 1, 1, 1, 1)",49474124700
5,16,9,"(16, 9, 5)",two_part,"(28, 2)",0
5,16,9,"(16, 9, 5)",two_part,"(27, 3)",0
5,16,9,"(16, 9, 5)",two_part,"(26, 4)",0
5,16,9,"(16, 9, 5)",two_part,"(25, 5)",0
5,16,9,"(16, 9, 5)",two_part,"(24, 6)",0
5,16,9,"(16, 9, 5)",two_part,"(23, 7)",0
5,16,9,"(16, 9, 5)",two_part,"(22, 8)",0
5,16,9,"(16, 9, 5)",two_part,"(21, 9)",0
5,16,9,"(16, 9, 5)",two_part,"(20, 10)",0
5,16,9,"(16, 9, 5)",two_part,"(19, 11)",0
5,16,9,"(16, 9, 5)",two_part,"(18, 12)",0
5,16,9,"(16, 9, 5)",two_part,"(17, 13)",0
5,16,9,"(16, 9, 5)",two_part,"(16, 14)",0
5,16,9,"(16, 9, 5)",two_part,"(15, 15)",0
5,16,9,"(16, 9, 5)",hook_A,"(26, 2, 2)",0
5,16,9,"(16, 9, 5)",hook_A,"(24, 2, 2, 2)",0
5,16,9,"(16, 9, 5)",hook_A,"(22, 2, 2, 2, 2)",0
5,16,9,"(16, 9, 5)",hook_A,"(20, 2, 2, 2, 2, 2)",0
5,16,9,"(16, 9, 5)",hook_A,"(18, 2, 2, 2, 2, 2, 2)",0
5,16,9,"(16, 9, 5)",hook_A,"(16, 2, 2, 2, 2, 2, 2, 2)",105
5,16,9,"(16, 9, 5)",hook_A,"(14, 2, 2, 2, 2, 2, 2, 2, 2)",4900
5,16,9,"(16, 9, 5)",hook_A,"(12, 2, 2, 2, 2, 2, 2, 2, 2, 2)",65520
5,16,9,"(16, 9, 5)",hook_A,"(10, 2, 2, 2, 2, 2, 2, 2, 2, 2, 2)",505260
5,16,9,"(16, 9, 5)",hook_A,"(8, 2, 2, 2, 2, 2, 2, 2, 2, 2, 2, 2)",2789578
5,16,9,"(16, 9, 5)",hook_A,"(6, 2, 2, 2, 2, 2, 2, 2, 2, 2, 2, 2, 2)",12115620
5,16,9,"(16, 9, 5)",hook_A,"(4, 2, 2, 2, 2, 2, 2, 2, 2, 2, 2, 2, 2, 2)",42051724
5,16,9,"(16, 9, 5)",hook_A,"(2, 2, 2, 2, 2, 2, 2, 2, 2, 2, 2, 2, 2, 2, 2)",104814710
5,16,11,"(16, 11, 5)",col_strict,"(32,)",0
5,16,11,"(16, 11, 5)",col_strict,"(31, 1)",0
5,16,11,"(16, 11, 5)",col_strict,"(30, 1, 1)",0
5,16,11,"(16, 11, 5)",col_strict,"(29, 1, 1, 1)",0
5,16,11,"(16, 11, 5)",col_strict,"(28, 1, 1, 1, 1)",0
5,16,11,"(16, 11, 5)",col_strict,"(27, 1, 1, 1, 1, 1)",0
5,16,11,"(16, 11, 5)",col_strict,"(26, 1, 1, 1, 1, 1, 1)",0
5,16,11,"(16, 11, 5)",col_strict,"(25, 1, 1, 1, 1, 1, 1, 1)",0
5,16,11,"(16, 11, 5)",col_strict,"(24, 1, 1, 1, 1, 1, 1, 1, 1)",0
5,16,11,"(16, 11, 5)",col_strict,"(23, 1, 1, 1, 1, 1, 1, 1, 1, 1)",0
5,16,11,"(16, 11, 5)",col_strict,"(22, 1, 1, 1, 1, 1, 1, 1, 1, 1, 1)",0
5,16,11,"(16, 11, 5)",col_strict,"(21, 1, 1, 1, 1, 1, 1, 1, 1, 1, 1, 1)",0
5,16,11,"(16, 11, 5)",col_strict,"(20, 1, 1, 1, 1, 1, 1, 1, 1, 1, 1, 1, 1)",0
5,16,11,"(16, 11, 5)",col_strict,"(19, 1, 1, 1, 1, 1, 1, 1, 1, 1, 1, 1, 1, 1)",0
5,16,11,"(16, 11, 5)",col_strict,"(18, 1, 1, 1, 1, 1, 1, 1, 1, 1, 1, 1, 1, 1, 1)",0
5,16,11,"(16, 11, 5)",col_strict,"(17, 1, 1, 1, 1, 1, 1, 1, 1, 1, 1, 1, 1, 1, 1, 1)",0
5,16,11,"(16, 11, 5)",col_strict,"(16, 1, 1, 1, 1, 1, 1, 1, 1, 1, 1, 1, 1, 1, 1, 1, 1)",2548
5,16,11,"(16, 11, 5)",col_strict,"(15, 1, 1, 1, 1, 1, 1, 1, 1, 1, 1, 1, 1, 1, 1, 1, 1, 1)",43316
5,16,11,"(16, 11, 5)",col_strict,"(14, 1, 1, 1, 1, 1, 1, 1, 1, 1, 1, 1, 1, 1, 1, 1, 1, 1, 1)",389844
5,16,11,"(16, 11, 5)",col_strict,"(13, 1, 1, 1, 1, 1, 1, 1, 1, 1, 1, 1, 1, 1, 1, 1, 1, 1, 1, 1)",2469012
5,16,11,"(16, 11, 5)",col_strict,"(12, 1, 1, 1, 1, 1, 1, 1, 1, 1, 1, 1, 1, 1, 1, 1, 1, 1, 1, 1, 1)",12345060
5,16,11,"(16, 11, 5)",col_strict,"(11, 1, 1, 1, 1, 1, 1, 1, 1, 1, 1, 1, 1, 1, 1, 1, 1, 1, 1, 1, 1, 1)",51849252
5,16,11,"(16, 11, 5)",col_strict,"(10, 1, 1, 1, 1, 1, 1, 1, 1, 1, 1, 1, 1, 1, 1, 1, 1, 1, 1, 1, 1, 1, 1)",190094905
5,16,11,"(16, 11, 5)",col_strict,"(9, 1, 1, 1, 1, 1, 1, 1, 1, 1, 1, 1, 1, 1, 1, 1, 1, 1, 1, 1, 1, 1, 1, 1)",624222599
5,16,11,"(16, 11, 5)",col_strict,"(8, 1, 1, 1, 1, 1, 1, 1, 1, 1, 1, 1, 1, 1, 1, 1, 1, 1, 1, 1, 1, 1, 1, 1, 1)",1868730864
5,16,11,"(16, 11, 5)",col_strict,"(7, 1, 1, 1, 1, 1, 1, 1, 1, 1, 1, 1, 1, 1, 1, 1, 1, 1, 1, 1, 1, 1, 1, 1, 1, 1)",5161756600
5,16,11,"(16, 11, 5)",col_strict,"(6, 1, 1, 1, 1, 1, 1, 1, 1, 1, 1, 1, 1, 1, 1, 1, 1, 1, 1, 1, 1, 1, 1, 1, 1, 1, 1)",13249966730
5,16,11,"(16, 11, 5)",col_strict,"(5, 1, 1, 1, 1, 1, 1, 1, 1, 1, 1, 1, 1, 1, 1, 1, 1, 1, 1, 1, 1, 1, 1, 1, 1, 1, 1, 1)",31685152590
5,16,11,"(16, 11, 5)",col_strict,"(4, 1, 1, 1, 1, 1, 1, 1, 1, 1, 1, 1, 1, 1, 1, 1, 1, 1, 1, 1, 1, 1, 1, 1, 1, 1, 1, 1, 1)",70349413680
5,16,11,"(16, 11, 5)",col_strict,"(3, 1, 1, 1, 1, 1, 1, 1, 1, 1, 1, 1, 1, 1, 1, 1, 1, 1, 1, 1, 1, 1, 1, 1, 1, 1, 1, 1, 1, 1)",143250079245
5,16,11,"(16, 11, 5)",col_strict,"(2, 1, 1, 1, 1, 1, 1, 1, 1, 1, 1, 1, 1, 1, 1, 1, 1, 1, 1, 1, 1, 1, 1, 1, 1, 1, 1, 1, 1, 1, 1)",259739154675
5,16,11,"(16, 11, 5)",col_strict,"(1, 1, 1, 1, 1, 1, 1, 1, 1, 1, 1, 1, 1, 1, 1, 1, 1, 1, 1, 1, 1, 1, 1, 1, 1, 1, 1, 1, 1, 1, 1, 1)",390395820360
5,16,11,"(16, 11, 5)",two_part,"(30, 2)",0
5,16,11,"(16, 11, 5)",two_part,"(29, 3)",0
5,16,11,"(16, 11, 5)",two_part,"(28, 4)",0
5,16,11,"(16, 11, 5)",two_part,"(27, 5)",0
5,16,11,"(16, 11, 5)",two_part,"(26, 6)",0
5,16,11,"(16, 11, 5)",two_part,"(25, 7)",0
5,16,11,"(16, 11, 5)",two_part,"(24, 8)",0
5,16,11,"(16, 11, 5)",two_part,"(23, 9)",0
5,16,11,"(16, 11, 5)",two_part,"(22, 10)",0
5,16,11,"(16, 11, 5)",two_part,"(21, 11)",0
5,16,11,"(16, 11, 5)",two_part,"(20, 12)",0
5,16,11,"(16, 11, 5)",two_part,"(19, 13)",0
5,16,11,"(16, 11, 5)",two_part,"(18, 14)",0
5,16,11,"(16, 11, 5)",two_part,"(17, 15)",0
5,16,11,"(16, 11, 5)",two_part,"(16, 16)",0
5,16,11,"(16, 11, 5)",hook_A,"(28, 2, 2)",0
5,16,11,"(16, 11, 5)",hook_A,"(26, 2, 2, 2)",0
5,16,11,"(16, 11, 5)",hook_A,"(24, 2, 2, 2, 2)",0
5,16,11,"(16, 11, 5)",hook_A,"(22, 2, 2, 2, 2, 2)",0
5,16,11,"(16, 11, 5)",hook_A,"(20, 2, 2, 2, 2, 2, 2)",0
5,16,11,"(16, 11, 5)",hook_A,"(18, 2, 2, 2, 2, 2, 2, 2)",0
5,16,11,"(16, 11, 5)",hook_A,"(16, 2, 2, 2, 2, 2, 2, 2, 2)",238
5,16,11,"(16, 11, 5)",hook_A,"(14, 2, 2, 2, 2, 2, 2, 2, 2, 2)",13734
5,16,11,"(16, 11, 5)",hook_A,"(12, 2, 2, 2, 2, 2, 2, 2, 2, 2, 2)",217980
5,16,11,"(16, 11, 5)",hook_A,"(10, 2, 2, 2, 2, 2, 2, 2, 2, 2, 2, 2)",1951477
5,16,11,"(16, 11, 5)",hook_A,"(8, 2, 2, 2, 2, 2, 2, 2, 2, 2, 2, 2, 2)",12207327
5,16,11,"(16, 11, 5)",hook_A,"(6, 2, 2, 2, 2, 2, 2, 2, 2, 2, 2, 2, 2, 2)",57955755
5,16,11,"(16, 11, 5)",hook_A,"(4, 2, 2, 2, 2, 2, 2, 2, 2, 2, 2, 2, 2, 2, 2)",210636244
5,16,11,"(16, 11, 5)",hook_A,"(2, 2, 2, 2, 2, 2, 2, 2, 2, 2, 2, 2, 2, 2, 2, 2)",531197940
5,16,13,"(16, 13, 5)",col_strict,"(34,)",0
5,16,13,"(16, 13, 5)",col_strict,"(33, 1)",0
5,16,13,"(16, 13, 5)",col_strict,"(32, 1, 1)",0
5,16,13,"(16, 13, 5)",col_strict,"(31, 1, 1, 1)",0
5,16,13,"(16, 13, 5)",col_strict,"(30, 1, 1, 1, 1)",0
5,16,13,"(16, 13, 5)",col_strict,"(29, 1, 1, 1, 1, 1)",0
5,16,13,"(16, 13, 5)",col_strict,"(28, 1, 1, 1, 1, 1, 1)",0
5,16,13,"(16, 13, 5)",col_strict,"(27, 1, 1, 1, 1, 1, 1, 1)",0
5,16,13,"(16, 13, 5)",col_strict,"(26, 1, 1, 1, 1, 1, 1, 1, 1)",0
5,16,13,"(16, 13, 5)",col_strict,"(25, 1, 1, 1, 1, 1, 1, 1, 1, 1)",0
5,16,13,"(16, 13, 5)",col_strict,"(24, 1, 1, 1, 1, 1, 1, 1, 1, 1, 1)",0
5,16,13,"(16, 13, 5)",col_strict,"(23, 1, 1, 1, 1, 1, 1, 1, 1, 1, 1, 1)",0
5,16,13,"(16, 13, 5)",col_strict,"(22, 1, 1, 1, 1, 1, 1, 1, 1, 1, 1, 1, 1)",0
5,16,13,"(16, 13, 5)",col_strict,"(21, 1, 1, 1, 1, 1, 1, 1, 1, 1, 1, 1, 1, 1)",0
5,16,13,"(16, 13, 5)",col_strict,"(20, 1, 1, 1, 1, 1, 1, 1, 1, 1, 1, 1, 1, 1, 1)",0
5,16,13,"(16, 13, 5)",col_strict,"(19, 1, 1, 1, 1, 1, 1, 1, 1, 1, 1, 1, 1, 1, 1, 1)",0
5,16,13,"(16, 13, 5)",col_strict,"(18, 1, 1, 1, 1, 1, 1, 1, 1, 1, 1, 1, 1, 1, 1, 1, 1)",0
5,16,13,"(16, 13, 5)",col_strict,"(17, 1, 1, 1, 1, 1, 1, 1, 1, 1, 1, 1, 1, 1, 1, 1, 1, 1)",0
5,16,13,"(16, 13, 5)",col_strict,"(16, 1, 1, 1, 1, 1, 1, 1, 1, 1, 1, 1, 1, 1, 1, 1, 1, 1, 1)",5508
5,16,13,"(16, 13, 5)",col_strict,"(15, 1, 1, 1, 1, 1, 1, 1, 1, 1, 1, 1, 1, 1, 1, 1, 1, 1, 1, 1)",104652
5,16,13,"(16, 13, 5)",col_strict,"(14, 1, 1, 1, 1, 1, 1, 1, 1, 1, 1, 1, 1, 1, 1, 1, 1, 1, 1, 1, 1)",1046520
5,16,13,"(16, 13, 5)",col_strict,"(13, 1, 1, 1, 1, 1, 1, 1, 1, 1, 1, 1, 1, 1, 1, 1, 1, 1, 1, 1, 1, 1)",7325640
5,16,13,"(16, 13, 5)",col_strict,"(12, 1, 1, 1, 1, 1, 1, 1, 1, 1, 1, 1, 1, 1, 1, 1, 1, 1, 1, 1, 1, 1, 1)",40272001
5,16,13,"(16, 13, 5)",col_strict,"(11, 1, 1, 1, 1, 1, 1, 1, 1, 1, 1, 1, 1, 1, 1, 1, 1, 1, 1, 1, 1, 1, 1, 1)",184901255
5,16,13,"(16, 13, 5)",col_strict,"(10, 1, 1, 1, 1, 1, 1, 1, 1, 1, 1, 1, 1, 1, 1, 1, 1, 1, 1, 1, 1, 1, 1, 1, 1)",736105524
5,16,13,"(16, 13, 5)",col_strict,"(9, 1, 1, 1, 1, 1, 1, 1, 1, 1, 1, 1, 1, 1, 1, 1, 1, 1, 1, 1, 1, 1, 1, 1, 1, 1)",2603951900
5,16,13,"(16, 13, 5)",col_strict,"(8, 1, 1, 1, 1, 1, 1, 1, 1, 1, 1, 1, 1, 1, 1, 1, 1, 1, 1, 1, 1, 1, 1, 1, 1, 1, 1)",8320676650
5,16,13,"(16, 13, 5)",col_strict,"(7, 1, 1, 1, 1, 1, 1, 1, 1, 1, 1, 1, 1, 1, 1, 1, 1, 1, 1, 1, 1, 1, 1, 1, 1, 1, 1, 1)",24279628230
5,16,13,"(16, 13, 5)",col_strict,"(6, 1, 1, 1, 1, 1, 1, 1, 1, 1, 1, 1, 1, 1, 1, 1, 1, 1, 1, 1, 1, 1, 1, 1, 1, 1, 1, 1, 1)",65116871820
5,16,13,"(16, 13, 5)",col_strict,"(5, 1, 1, 1, 1, 1, 1, 1, 1, 1, 1, 1, 1, 1, 1, 1, 1, 1, 1, 1, 1, 1, 1, 1, 1, 1, 1, 1, 1, 1)",160877398500
5,16,13,"(16, 13, 5)",col_strict,"(4, 1, 1, 1, 1, 1, 1, 1, 1, 1, 1, 1, 1, 1, 1, 1, 1, 1, 1, 1, 1, 1, 1, 1, 1, 1, 1, 1, 1, 1, 1)",365087902725
5,16,13,"(16, 13, 5)",col_strict,"(3, 1, 1, 1, 1, 1, 1, 1, 1, 1, 1, 1, 1, 1, 1, 1, 1, 1, 1, 1, 1, 1, 1, 1, 1, 1, 1, 1, 1, 1, 1, 1)",752676400125
5,16,13,"(16, 13, 5)",col_strict,"(2, 1, 1, 1, 1, 1, 1, 1, 1, 1, 1, 1, 1, 1, 1, 1, 1, 1, 1, 1, 1, 1, 1, 1, 1, 1, 1, 1, 1, 1, 1, 1, 1)",1371594734640
5,16,13,"(16, 13, 5)",col_strict,"(1, 1, 1, 1, 1, 1, 1, 1, 1, 1, 1, 1, 1, 1, 1, 1, 1, 1, 1, 1, 1, 1, 1, 1, 1, 1, 1, 1, 1, 1, 1, 1, 1, 1)",2062907898480
5,16,13,"(16, 13, 5)",two_part,"(32, 2)",0
5,16,13,"(16, 13, 5)",two_part,"(31, 3)",0
5,16,13,"(16, 13, 5)",two_part,"(30, 4)",0
5,16,13,"(16, 13, 5)",two_part,"(29, 5)",0
5,16,13,"(16, 13, 5)",two_part,"(28, 6)",0
5,16,13,"(16, 13, 5)",two_part,"(27, 7)",0
5,16,13,"(16, 13, 5)",two_part,"(26, 8)",0
5,16,13,"(16, 13, 5)",two_part,"(25, 9)",0
5,16,13,"(16, 13, 5)",two_part,"(24, 10)",0
5,16,13,"(16, 13, 5)",two_part,"(23, 11)",0
5,16,13,"(16, 13, 5)",two_part,"(22, 12)",0
5,16,13,"(16, 13, 5)",two_part,"(21, 13)",0
5,16,13,"(16, 13, 5)",two_part,"(20, 14)",0
5,16,13,"(16, 13, 5)",two_part,"(19, 15)",0
5,16,13,"(16, 13, 5)",two_part,"(18, 16)",0
5,16,13,"(16, 13, 5)",two_part,"(17, 17)",0
5,16,13,"(16, 13, 5)",hook_A,"(30, 2, 2)",0
5,16,13,"(16, 13, 5)",hook_A,"(28, 2, 2, 2)",0
5,16,13,"(16, 13, 5)",hook_A,"(26, 2, 2, 2, 2)",0
5,16,13,"(16, 13, 5)",hook_A,"(24, 2, 2, 2, 2, 2)",0
5,16,13,"(16, 13, 5)",hook_A,"(22, 2, 2, 2, 2, 2, 2)",0
5,16,13,"(16, 13, 5)",hook_A,"(20, 2, 2, 2, 2, 2, 2, 2)",0
5,16,13,"(16, 13, 5)",hook_A,"(18, 2, 2, 2, 2, 2, 2, 2, 2)",0
5,16,13,"(16, 13, 5)",hook_A,"(16, 2, 2, 2, 2, 2, 2, 2, 2, 2)",468
5,16,13,"(16, 13, 5)",hook_A,"(14, 2, 2, 2, 2, 2, 2, 2, 2, 2, 2)",32670
5,16,13,"(16, 13, 5)",hook_A,"(12, 2, 2, 2, 2, 2, 2, 2, 2, 2, 2, 2)",604483
5,16,13,"(16, 13, 5)",hook_A,"(10, 2, 2, 2, 2, 2, 2, 2, 2, 2, 2, 2, 2)",6090612
5,16,13,"(16, 13, 5)",hook_A,"(8, 2, 2, 2, 2, 2, 2, 2, 2, 2, 2, 2, 2, 2)",41235766
5,16,13,"(16, 13, 5)",hook_A,"(6, 2, 2, 2, 2, 2, 2, 2, 2, 2, 2, 2, 2, 2, 2)",204294090
5,16,13,"(16, 13, 5)",hook_A,"(4, 2, 2, 2, 2, 2, 2, 2, 2, 2, 2, 2, 2, 2, 2, 2)",753205635
5,16,13,"(16, 13, 5)",hook_A,"(2, 2, 2, 2, 2, 2, 2, 2, 2, 2, 2, 2, 2, 2, 2, 2, 2)",1897523680
5,16,15,"(16, 15, 5)",col_strict,"(36,)",0
5,16,15,"(16, 15, 5)",col_strict,"(35, 1)",0
5,16,15,"(16, 15, 5)",col_strict,"(34, 1, 1)",0
5,16,15,"(16, 15, 5)",col_strict,"(33, 1, 1, 1)",0
5,16,15,"(16, 15, 5)",col_strict,"(32, 1, 1, 1, 1)",0
5,16,15,"(16, 15, 5)",col_strict,"(31, 1, 1, 1, 1, 1)",0
5,16,15,"(16, 15, 5)",col_strict,"(30, 1, 1, 1, 1, 1, 1)",0
5,16,15,"(16, 15, 5)",col_strict,"(29, 1, 1, 1, 1, 1, 1, 1)",0
5,16,15,"(16, 15, 5)",col_strict,"(28, 1, 1, 1, 1, 1, 1, 1, 1)",0
5,16,15,"(16, 15, 5)",col_strict,"(27, 1, 1, 1, 1, 1, 1, 1, 1, 1)",0
5,16,15,"(16, 15, 5)",col_strict,"(26, 1, 1, 1, 1, 1, 1, 1, 1, 1, 1)",0
5,16,15,"(16, 15, 5)",col_strict,"(25, 1, 1, 1, 1, 1, 1, 1, 1, 1, 1, 1)",0
5,16,15,"(16, 15, 5)",col_strict,"(24, 1, 1, 1, 1, 1, 1, 1, 1, 1, 1, 1, 1)",0
5,16,15,"(16, 15, 5)",col_strict,"(23, 1, 1, 1, 1, 1, 1, 1, 1, 1, 1, 1, 1, 1)",0
5,16,15,"(16, 15, 5)",col_strict,"(22, 1, 1, 1, 1, 1, 1, 1, 1, 1, 1, 1, 1, 1, 1)",0
5,16,15,"(16, 15, 5)",col_strict,"(21, 1, 1, 1, 1, 1, 1, 1, 1, 1, 1, 1, 1, 1, 1, 1)",0
5,16,15,"(16, 15, 5)",col_strict,"(20, 1, 1, 1, 1, 1, 1, 1, 1, 1, 1, 1, 1, 1, 1, 1, 1)",0
5,16,15,"(16, 15, 5)",col_strict,"(19, 1, 1, 1, 1, 1, 1, 1, 1, 1, 1, 1, 1, 1, 1, 1, 1, 1)",0
5,16,15,"(16, 15, 5)",col_strict,"(18, 1, 1, 1, 1, 1, 1, 1, 1, 1, 1, 1, 1, 1, 1, 1, 1, 1, 1)",0
5,16,15,"(16, 15, 5)",col_strict,"(17, 1, 1, 1, 1, 1, 1, 1, 1, 1, 1, 1, 1, 1, 1, 1, 1, 1, 1, 1)",0
5,16,15,"(16, 15, 5)",col_strict,"(16, 1, 1, 1, 1, 1, 1, 1, 1, 1, 1, 1, 1, 1, 1, 1, 1, 1, 1, 1, 1)",10659
5,16,15,"(16, 15, 5)",col_strict,"(15, 1, 1, 1, 1, 1, 1, 1, 1, 1, 1, 1, 1, 1, 1, 1, 1, 1, 1, 1, 1, 1)",223839
5,16,15,"(16, 15, 5)",col_strict,"(14, 1, 1, 1, 1, 1, 1, 1, 1, 1, 1, 1, 1, 1, 1, 1, 1, 1, 1, 1, 1, 1, 1)",2443210
5,16,15,"(16, 15, 5)",col_strict,"(13, 1, 1, 1, 1, 1, 1, 1, 1, 1, 1, 1, 1, 1, 1, 1, 1, 1, 1, 1, 1, 1, 1, 1)",18439652
5,16,15,"(16, 15, 5)",col_strict,"(12, 1, 1, 1, 1, 1, 1, 1, 1, 1, 1, 1, 1, 1, 1, 1, 1, 1, 1, 1, 1, 1, 1, 1, 1)",108013290
5,16,15,"(16, 15, 5)",col_strict,"(11, 1, 1, 1, 1, 1, 1, 1, 1, 1, 1, 1, 1, 1, 1, 1, 1, 1, 1, 1, 1, 1, 1, 1, 1, 1)",522568970
5,16,15,"(16, 15, 5)",col_strict,"(10, 1, 1, 1, 1, 1, 1, 1, 1, 1, 1, 1, 1, 1, 1, 1, 1, 1, 1, 1, 1, 1, 1, 1, 1, 1, 1)",2169687520
5,16,15,"(16, 15, 5)",col_strict,"(9, 1, 1, 1, 1, 1, 1, 1, 1, 1, 1, 1, 1, 1, 1, 1, 1, 1, 1, 1, 1, 1, 1, 1, 1, 1, 1, 1)",7930107900
5,16,15,"(16, 15, 5)",col_strict,"(8, 1, 1, 1, 1, 1, 1, 1, 1, 1, 1, 1, 1, 1, 1, 1, 1, 1, 1, 1, 1, 1, 1, 1, 1, 1, 1, 1, 1)",25964073135
5,16,15,"(16, 15, 5)",col_strict,"(7, 1, 1, 1, 1, 1, 1, 1, 1, 1, 1, 1, 1, 1, 1, 1, 1, 1, 1, 1, 1, 1, 1, 1, 1, 1, 1, 1, 1, 1)",77065463475
5,16,15,"(16, 15, 5)",col_strict,"(6, 1, 1, 1, 1, 1, 1, 1, 1, 1, 1, 1, 1, 1, 1, 1, 1, 1, 1, 1, 1, 1, 1, 1, 1, 1, 1, 1, 1, 1, 1)",208933034310
5,16,15,"(16, 15, 5)",col_strict,"(5, 1, 1, 1, 1, 1, 1, 1, 1, 1, 1, 1, 1, 1, 1, 1, 1, 1, 1, 1, 1, 1, 1, 1, 1, 1, 1, 1, 1, 1, 1, 1)",519097739160
5,16,15,"(16, 15, 5)",col_strict,"(4, 1, 1, 1, 1, 1, 1, 1, 1, 1, 1, 1, 1, 1, 1, 1, 1, 1, 1, 1, 1, 1, 1, 1, 1, 1, 1, 1, 1, 1, 1, 1, 1)",1179767589000
5,16,15,"(16, 15, 5)",col_strict,"(3, 1, 1, 1, 1, 1, 1, 1, 1, 1, 1, 1, 1, 1, 1, 1, 1, 1, 1, 1, 1, 1, 1, 1, 1, 1, 1, 1, 1, 1, 1, 1, 1, 1)",2428635851070
5,16,15,"(16, 15, 5)",col_strict,"(2, 1, 1, 1, 1, 1, 1, 1, 1, 1, 1, 1, 1, 1, 1, 1, 1, 1, 1, 1, 1, 1, 1, 1, 1, 1, 1, 1, 1, 1, 1, 1, 1, 1, 1)",4412330782860
5,16,15,"(16, 15, 5)",col_strict,"(1, 1, 1, 1, 1, 1, 1, 1, 1, 1, 1, 1, 1, 1, 1, 1, 1, 1, 1, 1, 1, 1, 1, 1, 1, 1, 1, 1, 1, 1, 1, 1, 1, 1, 1, 1)",6618496174290
5,16,15,"(16, 15, 5)",two_part,"(34, 2)",0
5,16,15,"(16, 15, 5)",two_part,"(33, 3)",0
5,16,15,"(16, 15, 5)",two_part,"(32, 4)",0
5,16,15,"(16, 15, 5)",two_part,"(31, 5)",0
5,16,15,"(16, 15, 5)",two_part,"(30, 6)",0
5,16,15,"(16, 15, 5)",two_part,"(29, 7)",0
5,16,15,"(16, 15, 5)",two_part,"(28, 8)",0
5,16,15,"(16, 15, 5)",two_part,"(27, 9)",0
5,16,15,"(16, 15, 5)",two_part,"(26, 10)",0
5,16,15,"(16, 15, 5)",two_part,"(25, 11)",0
5,16,15,"(16, 15, 5)",two_part,"(24, 12)",0
5,16,15,"(16, 15, 5)",two_part,"(23, 13)",0
5,16,15,"(16, 15, 5)",two_part,"(22, 14)",0
5,16,15,"(16, 15, 5)",two_part,"(21, 15)",0
5,16,15,"(16, 15, 5)",two_part,"(20, 16)",0
5,16,15,"(16, 15, 5)",two_part,"(19, 17)",0
5,16,15,"(16, 15, 5)",two_part,"(18, 18)",0
5,16,15,"(16, 15, 5)",hook_A,"(32, 2, 2)",0
5,16,15,"(16, 15, 5)",hook_A,"(30, 2, 2, 2)",0
5,16,15,"(16, 15, 5)",hook_A,"(28, 2, 2, 2, 2)",0
5,16,15,"(16, 15, 5)",hook_A,"(26, 2, 2, 2, 2, 2)",0
5,16,15,"(16, 15, 5)",hook_A,"(24, 2, 2, 2, 2, 2, 2)",0
5,16,15,"(16, 15, 5)",hook_A,"(22, 2, 2, 2, 2, 2, 2, 2)",0
5,16,15,"(16, 15, 5)",hook_A,"(20, 2, 2, 2, 2, 2, 2, 2, 2)",0
5,16,15,"(16, 15, 5)",hook_A,"(18, 2, 2, 2, 2, 2, 2, 2, 2, 2)",0
5,16,15,"(16, 15, 5)",hook_A,"(16, 2, 2, 2, 2, 2, 2, 2, 2, 2, 2)",837
5,16,15,"(16, 15, 5)",hook_A,"(14, 2, 2, 2, 2, 2, 2, 2, 2, 2, 2, 2)",68035
5,16,15,"(16, 15, 5)",hook_A,"(12, 2, 2, 2, 2, 2, 2, 2, 2, 2, 2, 2, 2)",1349601
5,16,15,"(16, 15, 5)",hook_A,"(10, 2, 2, 2, 2, 2, 2, 2, 2, 2, 2, 2, 2, 2)",14011855
5,16,15,"(16, 15, 5)",hook_A,"(8, 2, 2, 2, 2, 2, 2, 2, 2, 2, 2, 2, 2, 2, 2)",95600505
5,16,15,"(16, 15, 5)",hook_A,"(6, 2, 2, 2, 2, 2, 2, 2, 2, 2, 2, 2, 2, 2, 2, 2)",471395925
5,16,15,"(16, 15, 5)",hook_A,"(4, 2, 2, 2, 2, 2, 2, 2, 2, 2, 2, 2, 2, 2, 2, 2, 2)",1719657940
5,16,15,"(16, 15, 5)",hook_A,"(2, 2, 2, 2, 2, 2, 2, 2, 2, 2, 2, 2, 2, 2, 2, 2, 2, 2)",4290056199
5,17,6,"(17, 6, 5)",col_strict,"(28,)",0
5,17,6,"(17, 6, 5)",col_strict,"(27, 1)",0
5,17,6,"(17, 6, 5)",col_strict,"(26, 1, 1)",0
5,17,6,"(17, 6, 5)",col_strict,"(25, 1, 1, 1)",0
5,17,6,"(17, 6, 5)",col_strict,"(24, 1, 1, 1, 1)",0
5,17,6,"(17, 6, 5)",col_strict,"(23, 1, 1, 1, 1, 1)",0
5,17,6,"(17, 6, 5)",col_strict,"(22, 1, 1, 1, 1, 1, 1)",0
5,17,6,"(17, 6, 5)",col_strict,"(21, 1, 1, 1, 1, 1, 1, 1)",0
5,17,6,"(17, 6, 5)",col_strict,"(20, 1, 1, 1, 1, 1, 1, 1, 1)",0
5,17,6,"(17, 6, 5)",col_strict,"(19, 1, 1, 1, 1, 1, 1, 1, 1, 1)",0
5,17,6,"(17, 6, 5)",col_strict,"(18, 1, 1, 1, 1, 1, 1, 1, 1, 1, 1)",0
5,17,6,"(17, 6, 5)",col_strict,"(17, 1, 1, 1, 1, 1, 1, 1, 1, 1, 1, 1)",132
5,17,6,"(17, 6, 5)",col_strict,"(16, 1, 1, 1, 1, 1, 1, 1, 1, 1, 1, 1, 1)",1584
5,17,6,"(17, 6, 5)",col_strict,"(15, 1, 1, 1, 1, 1, 1, 1, 1, 1, 1, 1, 1, 1)",10296
5,17,6,"(17, 6, 5)",col_strict,"(14, 1, 1, 1, 1, 1, 1, 1, 1, 1, 1, 1, 1, 1, 1)",48048
5,17,6,"(17, 6, 5)",col_strict,"(13, 1, 1, 1, 1, 1, 1, 1, 1, 1, 1, 1, 1, 1, 1, 1)",180180
5,17,6,"(17, 6, 5)",col_strict,"(12, 1, 1, 1, 1, 1, 1, 1, 1, 1, 1, 1, 1, 1, 1, 1, 1)",576576
5,17,6,"(17, 6, 5)",col_strict,"(11, 1, 1, 1, 1, 1, 1, 1, 1, 1, 1, 1, 1, 1, 1, 1, 1, 1)",1633632
5,17,6,"(17, 6, 5)",col_strict,"(10, 1, 1, 1, 1, 1, 1, 1, 1, 1, 1, 1, 1, 1, 1, 1, 1, 1, 1)",4200768
5,17,6,"(17, 6, 5)",col_strict,"(9, 1, 1, 1, 1, 1, 1, 1, 1, 1, 1, 1, 1, 1, 1, 1, 1, 1, 1, 1)",9976824
5,17,6,"(17, 6, 5)",col_strict,"(8, 1, 1, 1, 1, 1, 1, 1, 1, 1, 1, 1, 1, 1, 1, 1, 1, 1, 1, 1, 1)",22170720
5,17,6,"(17, 6, 5)",col_strict,"(7, 1, 1, 1, 1, 1, 1, 1, 1, 1, 1, 1, 1, 1, 1, 1, 1, 1, 1, 1, 1, 1)",46558512
5,17,6,"(17, 6, 5)",col_strict,"(6, 1, 1, 1, 1, 1, 1, 1, 1, 1, 1, 1, 1, 1, 1, 1, 1, 1, 1, 1, 1, 1, 1)",93117024
5,17,6,"(17, 6, 5)",col_strict,"(5, 1, 1, 1, 1, 1, 1, 1, 1, 1, 1, 1, 1, 1, 1, 1, 1, 1, 1, 1, 1, 1, 1, 1)",178449502
5,17,6,"(17, 6, 5)",col_strict,"(4, 1, 1, 1, 1, 1, 1, 1, 1, 1, 1, 1, 1, 1, 1, 1, 1, 1, 1, 1, 1, 1, 1, 1, 1)",328895952
5,17,6,"(17, 6, 5)",col_strict,"(3, 1, 1, 1, 1, 1, 1, 1, 1, 1, 1, 1, 1, 1, 1, 1, 1, 1, 1, 1, 1, 1, 1, 1, 1, 1)",581242200
5,17,6,"(17, 6, 5)",col_strict,"(2, 1, 1, 1, 1, 1, 1, 1, 1, 1, 1, 1, 1, 1, 1, 1, 1, 1, 1, 1, 1, 1, 1, 1, 1, 1, 1)",963282320
5,17,6,"(17, 6, 5)",col_strict,"(1, 1, 1, 1, 1, 1, 1, 1, 1, 1, 1, 1, 1, 1, 1, 1, 1, 1, 1, 1, 1, 1, 1, 1, 1, 1, 1, 1)",1392431040
5,17,6,"(17, 6, 5)",two_part,"(26, 2)",0
5,17,6,"(17, 6, 5)",two_part,"(25, 3)",0
5,17,6,"(17, 6, 5)",two_part,"(24, 4)",0
5,17,6,"(17, 6, 5)",two_part,"(23, 5)",0
5,17,6,"(17, 6, 5)",two_part,"(22, 6)",0
5,17,6,"(17, 6, 5)",two_part,"(21, 7)",0
5,17,6,"(17, 6, 5)",two_part,"(20, 8)",0
5,17,6,"(17, 6, 5)",two_part,"(19, 9)",0
5,17,6,"(17, 6, 5)",two_part,"(18, 10)",0
5,17,6,"(17, 6, 5)",two_part,"(17, 11)",0
5,17,6,"(17, 6, 5)",two_part,"(16, 12)",0
5,17,6,"(17, 6, 5)",two_part,"(15, 13)",0
5,17,6,"(17, 6, 5)",two_part,"(14, 14)",0
5,17,6,"(17, 6, 5)",hook_A,"(24, 2, 2)",0
5,17,6,"(17, 6, 5)",hook_A,"(22, 2, 2, 2)",0
5,17,6,"(17, 6, 5)",hook_A,"(20, 2, 2, 2, 2)",0
5,17,6,"(17, 6, 5)",hook_A,"(18, 2, 2, 2, 2, 2)",0
5,17,6,"(17, 6, 5)",hook_A,"(16, 2, 2, 2, 2, 2, 2)",126
5,17,6,"(17, 6, 5)",hook_A,"(14, 2, 2, 2, 2, 2, 2, 2)",1932
5,17,6,"(17, 6, 5)",hook_A,"(12, 2, 2, 2, 2, 2, 2, 2, 2)",14336
5,17,6,"(17, 6, 5)",hook_A,"(10, 2, 2, 2, 2, 2, 2, 2, 2, 2)",72288
5,17,6,"(17, 6, 5)",hook_A,"(8, 2, 2, 2, 2, 2, 2, 2, 2, 2, 2)",284040
5,17,6,"(17, 6, 5)",hook_A,"(6, 2, 2, 2, 2, 2, 2, 2, 2, 2, 2, 2)",934824
5,17,6,"(17, 6, 5)",hook_A,"(4, 2, 2, 2, 2, 2, 2, 2, 2, 2, 2, 2, 2)",2667984
5,17,6,"(17, 6, 5)",hook_A,"(2, 2, 2, 2, 2, 2, 2, 2, 2, 2, 2, 2, 2, 2)",6102096
5,17,8,"(17, 8, 5)",col_strict,"(30,)",0
5,17,8,"(17, 8, 5)",col_strict,"(29, 1)",0
5,17,8,"(17, 8, 5)",col_strict,"(28, 1, 1)",0
5,17,8,"(17, 8, 5)",col_strict,"(27, 1, 1, 1)",0
5,17,8,"(17, 8, 5)",col_strict,"(26, 1, 1, 1, 1)",0
5,17,8,"(17, 8, 5)",col_strict,"(25, 1, 1, 1, 1, 1)",0
5,17,8,"(17, 8, 5)",col_strict,"(24, 1, 1, 1, 1, 1, 1)",0
5,17,8,"(17, 8, 5)",col_strict,"(23, 1, 1, 1, 1, 1, 1, 1)",0
5,17,8,"(17, 8, 5)",col_strict,"(22, 1, 1, 1, 1, 1, 1, 1, 1)",0
5,17,8,"(17, 8, 5)",col_strict,"(21, 1, 1, 1, 1, 1, 1, 1, 1, 1)",0
5,17,8,"(17, 8, 5)",col_strict,"(20, 1, 1, 1, 1, 1, 1, 1, 1, 1, 1)",0
5,17,8,"(17, 8, 5)",col_strict,"(19, 1, 1, 1, 1, 1, 1, 1, 1, 1, 1, 1)",0
5,17,8,"(17, 8, 5)",col_strict,"(18, 1, 1, 1, 1, 1, 1, 1, 1, 1, 1, 1, 1)",0
5,17,8,"(17, 8, 5)",col_strict,"(17, 1, 1, 1, 1, 1, 1, 1, 1, 1, 1, 1, 1, 1)",572
5,17,8,"(17, 8, 5)",col_strict,"(16, 1, 1, 1, 1, 1, 1, 1, 1, 1, 1, 1, 1, 1, 1)",8008
5,17,8,"(17, 8, 5)",col_strict,"(15, 1, 1, 1, 1, 1, 1, 1, 1, 1, 1, 1, 1, 1, 1, 1)",60060
5,17,8,"(17, 8, 5)",col_strict,"(14, 1, 1, 1, 1, 1, 1, 1, 1, 1, 1, 1, 1, 1, 1, 1, 1)",320320
5,17,8,"(17, 8, 5)",col_strict,"(13, 1, 1, 1, 1, 1, 1, 1, 1, 1, 1, 1, 1, 1, 1, 1, 1, 1)",1361360
5,17,8,"(17, 8, 5)",col_strict,"(12, 1, 1, 1, 1, 1, 1, 1, 1, 1, 1, 1, 1, 1, 1, 1, 1, 1, 1)",4900896
5,17,8,"(17, 8, 5)",col_strict,"(11, 1, 1, 1, 1, 1, 1, 1, 1, 1, 1, 1, 1, 1, 1, 1, 1, 1, 1, 1)",15519504
5,17,8,"(17, 8, 5)",col_strict,"(10, 1, 1, 1, 1, 1, 1, 1, 1, 1, 1, 1, 1, 1, 1, 1, 1, 1, 1, 1, 1)",44341440
5,17,8,"(17, 8, 5)",col_strict,"(9, 1, 1, 1, 1, 1, 1, 1, 1, 1, 1, 1, 1, 1, 1, 1, 1, 1, 1, 1, 1, 1)",116396280
5,17,8,"(17, 8, 5)",col_strict,"(8, 1, 1, 1, 1, 1, 1, 1, 1, 1, 1, 1, 1, 1, 1, 1, 1, 1, 1, 1, 1, 1, 1)",284524240
5,17,8,"(17, 8, 5)",col_strict,"(7, 1, 1, 1, 1, 1, 1, 1, 1, 1, 1, 1, 1, 1, 1, 1, 1, 1, 1, 1, 1, 1, 1, 1)",654380958
5,17,8,"(17, 8, 5)",col_strict,"(6, 1, 1, 1, 1, 1, 1, 1, 1, 1, 1, 1, 1, 1, 1, 1, 1, 1, 1, 1, 1, 1, 1, 1, 1)",1427199312
5,17,8,"(17, 8, 5)",col_strict,"(5, 1, 1, 1, 1, 1, 1, 1, 1, 1, 1, 1, 1, 1, 1, 1, 1, 1, 1, 1, 1, 1, 1, 1, 1, 1)",2967133400
5,17,8,"(17, 8, 5)",col_strict,"(4, 1, 1, 1, 1, 1, 1, 1, 1, 1, 1, 1, 1, 1, 1, 1, 1, 1, 1, 1, 1, 1, 1, 1, 1, 1, 1)",5884678800
5,17,8,"(17, 8, 5)",col_strict,"(3, 1, 1, 1, 1, 1, 1, 1, 1, 1, 1, 1, 1, 1, 1, 1, 1, 1, 1, 1, 1, 1, 1, 1, 1, 1, 1, 1)",11040679650
5,17,8,"(17, 8, 5)",col_strict,"(2, 1, 1, 1, 1, 1, 1, 1, 1, 1, 1, 1, 1, 1, 1, 1, 1, 1, 1, 1, 1, 1, 1, 1, 1, 1, 1, 1, 1)",19049230200
5,17,8,"(17, 8, 5)",col_strict,"(1, 1, 1, 1, 1, 1, 1, 1, 1, 1, 1, 1, 1, 1, 1, 1, 1, 1, 1, 1, 1, 1, 1, 1, 1, 1, 1, 1, 1, 1)",28042014000
5,17,8,"(17, 8, 5)",two_part,"(28, 2)",0
5,17,8,"(17, 8, 5)",two_part,"(27, 3)",0
5,17,8,"(17, 8, 5)",two_part,"(26, 4)",0
5,17,8,"(17, 8, 5)",two_part,"(25, 5)",0
5,17,8,"(17, 8, 5)",two_part,"(24, 6)",0
5,17,8,"(17, 8, 5)",two_part,"(23, 7)",0
5,17,8,"(17, 8, 5)",two_part,"(22, 8)",0
5,17,8,"(17, 8, 5)",two_part,"(21, 9)",0
5,17,8,"(17, 8, 5)",two_part,"(20, 10)",0
5,17,8,"(17, 8, 5)",two_part,"(19, 11)",0
5,17,8,"(17, 8, 5)",two_part,"(18, 12)",0
5,17,8,"(17, 8, 5)",two_part,"(17, 13)",0
5,17,8,"(17, 8, 5)",two_part,"(16, 14)",0
5,17,8,"(17, 8, 5)",two_part,"(15, 15)",0
5,17,8,"(17, 8, 5)",hook_A,"(26, 2, 2)",0
5,17,8,"(17, 8, 5)",hook_A,"(24, 2, 2, 2)",0
5,17,8,"(17, 8, 5)",hook_A,"(22, 2, 2, 2, 2)",0
5,17,8,"(17, 8, 5)",hook_A,"(20, 2, 2, 2, 2, 2)",0
5,17,8,"(17, 8, 5)",hook_A,"(18, 2, 2, 2, 2, 2, 2)",0
5,17,8,"(17, 8, 5)",hook_A,"(16, 2, 2, 2, 2, 2, 2, 2)",532
5,17,8,"(17, 8, 5)",hook_A,"(14, 2, 2, 2, 2, 2, 2, 2, 2)",10192
5,17,8,"(17, 8, 5)",hook_A,"(12, 2, 2, 2, 2, 2, 2, 2, 2, 2)",91224
5,17,8,"(17, 8, 5)",hook_A,"(10, 2, 2, 2, 2, 2, 2, 2, 2, 2, 2)",542280
5,17,8,"(17, 8, 5)",hook_A,"(8, 2, 2, 2, 2, 2, 2, 2, 2, 2, 2, 2)",2469830
5,17,8,"(17, 8, 5)",hook_A,"(6, 2, 2, 2, 2, 2, 2, 2, 2, 2, 2, 2, 2)",9273924
5,17,8,"(17, 8, 5)",hook_A,"(4, 2, 2, 2, 2, 2, 2, 2, 2, 2, 2, 2, 2, 2)",29253224
5,17,8,"(17, 8, 5)",hook_A,"(2, 2, 2, 2, 2, 2, 2, 2, 2, 2, 2, 2, 2, 2, 2)",69959890
5,17,10,"(17, 10, 5)",col_strict,"(32,)",0
5,17,10,"(17, 10, 5)",col_strict,"(31, 1)",0
5,17,10,"(17, 10, 5)",col_strict,"(30, 1, 1)",0
5,17,10,"(17, 10, 5)",col_strict,"(29, 1, 1, 1)",0
5,17,10,"(17, 10, 5)",col_strict,"(28, 1, 1, 1, 1)",0
5,17,10,"(17, 10, 5)",col_strict,"(27, 1, 1, 1, 1, 1)",0
5,17,10,"(17, 10, 5)",col_strict,"(26, 1, 1, 1, 1, 1, 1)",0
5,17,10,"(17, 10, 5)",col_strict,"(25, 1, 1, 1, 1, 1, 1, 1)",0
5,17,10,"(17, 10, 5)",col_strict,"(24, 1, 1, 1, 1, 1, 1, 1, 1)",0
5,17,10,"(17, 10, 5)",col_strict,"(23, 1, 1, 1, 1, 1, 1, 1, 1, 1)",0
5,17,10,"(17, 10, 5)",col_strict,"(22, 1, 1, 1, 1, 1, 1, 1, 1, 1, 1)",0
5,17,10,"(17, 10, 5)",col_strict,"(21, 1, 1, 1, 1, 1, 1, 1, 1, 1, 1, 1)",0
5,17,10,"(17, 10, 5)",col_strict,"(20, 1, 1, 1, 1, 1, 1, 1, 1, 1, 1, 1, 1)",0
5,17,10,"(17, 10, 5)",col_strict,"(19, 1, 1, 1, 1, 1, 1, 1, 1, 1, 1, 1, 1, 1)",0
5,17,10,"(17, 10, 5)",col_strict,"(18, 1, 1, 1, 1, 1, 1, 1, 1, 1, 1, 1, 1, 1, 1)",0
5,17,10,"(17, 10, 5)",col_strict,"(17, 1, 1, 1, 1, 1, 1, 1, 1, 1, 1, 1, 1, 1, 1, 1)",1638
5,17,10,"(17, 10, 5)",col_strict,"(16, 1, 1, 1, 1, 1, 1, 1, 1, 1, 1, 1, 1, 1, 1, 1, 1)",26208
5,17,10,"(17, 10, 5)",col_strict,"(15, 1, 1, 1, 1, 1, 1, 1, 1, 1, 1, 1, 1, 1, 1, 1, 1, 1)",222768
5,17,10,"(17, 10, 5)",col_strict,"(14, 1, 1, 1, 1, 1, 1, 1, 1, 1, 1, 1, 1, 1, 1, 1, 1, 1, 1)",1336608
5,17,10,"(17, 10, 5)",col_strict,"(13, 1, 1, 1, 1, 1, 1, 1, 1, 1, 1, 1, 1, 1, 1, 1, 1, 1, 1, 1)",6348888
5,17,10,"(17, 10, 5)",col_strict,"(12, 1, 1, 1, 1, 1, 1, 1, 1, 1, 1, 1, 1, 1, 1, 1, 1, 1, 1, 1, 1)",25395552
5,17,10,"(17, 10, 5)",col_strict,"(11, 1, 1, 1, 1, 1, 1, 1, 1, 1, 1, 1, 1, 1, 1, 1, 1, 1, 1, 1, 1, 1)",88884432
5,17,10,"(17, 10, 5)",col_strict,"(10, 1, 1, 1, 1, 1, 1, 1, 1, 1, 1, 1, 1, 1, 1, 1, 1, 1, 1, 1, 1, 1, 1)",279351072
5,17,10,"(17, 10, 5)",col_strict,"(9, 1, 1, 1, 1, 1, 1, 1, 1, 1, 1, 1, 1, 1, 1, 1, 1, 1, 1, 1, 1, 1, 1, 1)",803109538
5,17,10,"(17, 10, 5)",col_strict,"(8, 1, 1, 1, 1, 1, 1, 1, 1, 1, 1, 1, 1, 1, 1, 1, 1, 1, 1, 1, 1, 1, 1, 1, 1)",2141096496
5,17,10,"(17, 10, 5)",col_strict,"(7, 1, 1, 1, 1, 1, 1, 1, 1, 1, 1, 1, 1, 1, 1, 1, 1, 1, 1, 1, 1, 1, 1, 1, 1, 1)",5346790680
5,17,10,"(17, 10, 5)",col_strict,"(6, 1, 1, 1, 1, 1, 1, 1, 1, 1, 1, 1, 1, 1, 1, 1, 1, 1, 1, 1, 1, 1, 1, 1, 1, 1, 1)",12590985680
5,17,10,"(17, 10, 5)",col_strict,"(5, 1, 1, 1, 1, 1, 1, 1, 1, 1, 1, 1, 1, 1, 1, 1, 1, 1, 1, 1, 1, 1, 1, 1, 1, 1, 1, 1)",28039627980
5,17,10,"(17, 10, 5)",col_strict,"(4, 1, 1, 1, 1, 1, 1, 1, 1, 1, 1, 1, 1, 1, 1, 1, 1, 1, 1, 1, 1, 1, 1, 1, 1, 1, 1, 1, 1)",58893503760
5,17,10,"(17, 10, 5)",col_strict,"(3, 1, 1, 1, 1, 1, 1, 1, 1, 1, 1, 1, 1, 1, 1, 1, 1, 1, 1, 1, 1, 1, 1, 1, 1, 1, 1, 1, 1, 1)",115278170280
5,17,10,"(17, 10, 5)",col_strict,"(2, 1, 1, 1, 1, 1, 1, 1, 1, 1, 1, 1, 1, 1, 1, 1, 1, 1, 1, 1, 1, 1, 1, 1, 1, 1, 1, 1, 1, 1, 1)",204043890960
5,17,10,"(17, 10, 5)",col_strict,"(1, 1, 1, 1, 1, 1, 1, 1, 1, 1, 1, 1, 1, 1, 1, 1, 1, 1, 1, 1, 1, 1, 1, 1, 1, 1, 1, 1, 1, 1, 1, 1)",303465576960
5,17,10,"(17, 10, 5)",two_part,"(30, 2)",0
5,17,10,"(17, 10, 5)",two_part,"(29, 3)",0
5,17,10,"(17, 10, 5)",two_part,"(28, 4)",0
5,17,10,"(17, 10, 5)",two_part,"(27, 5)",0
5,17,10,"(17, 10, 5)",two_part,"(26, 6)",0
5,17,10,"(17, 10, 5)",two_part,"(25, 7)",0
5,17,10,"(17, 10, 5)",two_part,"(24, 8)",0
5,17,10,"(17, 10, 5)",two_part,"(23, 9)",0
5,17,10,"(17, 10, 5)",two_part,"(22, 10)",0
5,17,10,"(17, 10, 5)",two_part,"(21, 11)",0
5,17,10,"(17, 10, 5)",two_part,"(20, 12)",0
5,17,10,"(17, 10, 5)",two_part,"(19, 13)",0
5,17,10,"(17, 10, 5)",two_part,"(18, 14)",0
5,17,10,"(17, 10, 5)",two_part,"(17, 15)",0
5,17,10,"(17, 10, 5)",two_part,"(16, 16)",0
5,17,10,"(17, 10, 5)",hook_A,"(28, 2, 2)",0
5,17,10,"(17, 10, 5)",hook_A,"(26, 2, 2, 2)",0
5,17,10,"(17, 10, 5)",hook_A,"(24, 2, 2, 2, 2)",0
5,17,10,"(17, 10, 5)",hook_A,"(22, 2, 2, 2, 2, 2)",0
5,17,10,"(17, 10, 5)",hook_A,"(20, 2, 2, 2, 2, 2, 2)",0
5,17,10,"(17, 10, 5)",hook_A,"(18, 2, 2, 2, 2, 2, 2, 2)",0
5,17,10,"(17, 10, 5)",hook_A,"(16, 2, 2, 2, 2, 2, 2, 2, 2)",1512
5,17,10,"(17, 10, 5)",hook_A,"(14, 2, 2, 2, 2, 2, 2, 2, 2, 2)",35280
5,17,10,"(17, 10, 5)",hook_A,"(12, 2, 2, 2, 2, 2, 2, 2, 2, 2, 2)",373464
5,17,10,"(17, 10, 5)",hook_A,"(10, 2, 2, 2, 2, 2, 2, 2, 2, 2, 2, 2)",2575584
5,17,10,"(17, 10, 5)",hook_A,"(8, 2, 2, 2, 2, 2, 2, 2, 2, 2, 2, 2, 2)",13391400
5,17,10,"(17, 10, 5)",hook_A,"(6, 2, 2, 2, 2, 2, 2, 2, 2, 2, 2, 2, 2, 2)",56060784
5,17,10,"(17, 10, 5)",hook_A,"(4, 2, 2, 2, 2, 2, 2, 2, 2, 2, 2, 2, 2, 2, 2)",189471100
5,17,10,"(17, 10, 5)",hook_A,"(2, 2, 2, 2, 2, 2, 2, 2, 2, 2, 2, 2, 2, 2, 2, 2)",464318400
5,17,12,"(17, 12, 5)",col_strict,"(34,)",0
5,17,12,"(17, 12, 5)",col_strict,"(33, 1)",0
5,17,12,"(17, 12, 5)",col_strict,"(32, 1, 1)",0
5,17,12,"(17, 12, 5)",col_strict,"(31, 1, 1, 1)",0
5,17,12,"(17, 12, 5)",col_strict,"(30, 1, 1, 1, 1)",0
5,17,12,"(17, 12, 5)",col_strict,"(29, 1, 1, 1, 1, 1)",0
5,17,12,"(17, 12, 5)",col_strict,"(28, 1, 1, 1, 1, 1, 1)",0
5,17,12,"(17, 12, 5)",col_strict,"(27, 1, 1, 1, 1, 1, 1, 1)",0
5,17,12,"(17, 12, 5)",col_strict,"(26, 1, 1, 1, 1, 1, 1, 1, 1)",0
5,17,12,"(17, 12, 5)",col_strict,"(25, 1, 1, 1, 1, 1, 1, 1, 1, 1)",0
5,17,12,"(17, 12, 5)",col_strict,"(24, 1, 1, 1, 1, 1, 1, 1, 1, 1, 1)",0
5,17,12,"(17, 12, 5)",col_strict,"(23, 1, 1, 1, 1, 1, 1, 1, 1, 1, 1, 1)",0
5,17,12,"(17, 12, 5)",col_strict,"(22, 1, 1, 1, 1, 1, 1, 1, 1, 1, 1, 1, 1)",0
5,17,12,"(17, 12, 5)",col_strict,"(21, 1, 1, 1, 1, 1, 1, 1, 1, 1, 1, 1, 1, 1)",0
5,17,12,"(17, 12, 5)",col_strict,"(20, 1, 1, 1, 1, 1, 1, 1, 1, 1, 1, 1, 1, 1, 1)",0
5,17,12,"(17, 12, 5)",col_strict,"(19, 1, 1, 1, 1, 1, 1, 1, 1, 1, 1, 1, 1, 1, 1, 1)",0
5,17,12,"(17, 12, 5)",col_strict,"(18, 1, 1, 1, 1, 1, 1, 1, 1, 1, 1, 1, 1, 1, 1, 1, 1)",0
5,17,12,"(17, 12, 5)",col_strict,"(17, 1, 1, 1, 1, 1, 1, 1, 1, 1, 1, 1, 1, 1, 1, 1, 1, 1)",3808
5,17,12,"(17, 12, 5)",col_strict,"(16, 1, 1, 1, 1, 1, 1, 1, 1, 1, 1, 1, 1, 1, 1, 1, 1, 1, 1)",68544
5,17,12,"(17, 12, 5)",col_strict,"(15, 1, 1, 1, 1, 1, 1, 1, 1, 1, 1, 1, 1, 1, 1, 1, 1, 1, 1, 1)",651168
5,17,12,"(17, 12, 5)",col_strict,"(14, 1, 1, 1, 1, 1, 1, 1, 1, 1, 1, 1, 1, 1, 1, 1, 1, 1, 1, 1, 1)",4341120
5,17,12,"(17, 12, 5)",col_strict,"(13, 1, 1, 1, 1, 1, 1, 1, 1, 1, 1, 1, 1, 1, 1, 1, 1, 1, 1, 1, 1, 1)",22790880
5,17,12,"(17, 12, 5)",col_strict,"(12, 1, 1, 1, 1, 1, 1, 1, 1, 1, 1, 1, 1, 1, 1, 1, 1, 1, 1, 1, 1, 1, 1)",100279872
5,17,12,"(17, 12, 5)",col_strict,"(11, 1, 1, 1, 1, 1, 1, 1, 1, 1, 1, 1, 1, 1, 1, 1, 1, 1, 1, 1, 1, 1, 1, 1)",384381382
5,17,12,"(17, 12, 5)",col_strict,"(10, 1, 1, 1, 1, 1, 1, 1, 1, 1, 1, 1, 1, 1, 1, 1, 1, 1, 1, 1, 1, 1, 1, 1, 1)",1317368976
5,17,12,"(17, 12, 5)",col_strict,"(9, 1, 1, 1, 1, 1, 1, 1, 1, 1, 1, 1, 1, 1, 1, 1, 1, 1, 1, 1, 1, 1, 1, 1, 1, 1)",4111199400
5,17,12,"(17, 12, 5)",col_strict,"(8, 1, 1, 1, 1, 1, 1, 1, 1, 1, 1, 1, 1, 1, 1, 1, 1, 1, 1, 1, 1, 1, 1, 1, 1, 1, 1)",11833822000
5,17,12,"(17, 12, 5)",col_strict,"(7, 1, 1, 1, 1, 1, 1, 1, 1, 1, 1, 1, 1, 1, 1, 1, 1, 1, 1, 1, 1, 1, 1, 1, 1, 1, 1, 1)",31690238580
5,17,12,"(17, 12, 5)",col_strict,"(6, 1, 1, 1, 1, 1, 1, 1, 1, 1, 1, 1, 1, 1, 1, 1, 1, 1, 1, 1, 1, 1, 1, 1, 1, 1, 1, 1, 1)",79336923120
5,17,12,"(17, 12, 5)",col_strict,"(5, 1, 1, 1, 1, 1, 1, 1, 1, 1, 1, 1, 1, 1, 1, 1, 1, 1, 1, 1, 1, 1, 1, 1, 1, 1, 1, 1, 1, 1)",185842074600
5,17,12,"(17, 12, 5)",col_strict,"(4, 1, 1, 1, 1, 1, 1, 1, 1, 1, 1, 1, 1, 1, 1, 1, 1, 1, 1, 1, 1, 1, 1, 1, 1, 1, 1, 1, 1, 1, 1)",405569883600
5,17,12,"(17, 12, 5)",col_strict,"(3, 1, 1, 1, 1, 1, 1, 1, 1, 1, 1, 1, 1, 1, 1, 1, 1, 1, 1, 1, 1, 1, 1, 1, 1, 1, 1, 1, 1, 1, 1, 1)",814287140100
5,17,12,"(17, 12, 5)",col_strict,"(2, 1, 1, 1, 1, 1, 1, 1, 1, 1, 1, 1, 1, 1, 1, 1, 1, 1, 1, 1, 1, 1, 1, 1, 1, 1, 1, 1, 1, 1, 1, 1, 1)",1460914412160
5,17,12,"(17, 12, 5)",col_strict,"(1, 1, 1, 1, 1, 1, 1, 1, 1, 1, 1, 1, 1, 1, 1, 1, 1, 1, 1, 1, 1, 1, 1, 1, 1, 1, 1, 1, 1, 1, 1, 1, 1, 1)",2182617803520
5,17,12,"(17, 12, 5)",two_part,"(32, 2)",0
5,17,12,"(17, 12, 5)",two_part,"(31, 3)",0
5,17,12,"(17, 12, 5)",two_part,"(30, 4)",0
5,17,12,"(17, 12, 5)",two_part,"(29, 5)",0
5,17,12,"(17, 12, 5)",two_part,"(28, 6)",0
5,17,12,"(17, 12, 5)",two_part,"(27, 7)",0
5,17,12,"(17, 12, 5)",two_part,"(26, 8)",0
5,17,12,"(17, 12, 5)",two_part,"(25, 9)",0
5,17,12,"(17, 12, 5)",two_part,"(24, 10)",0
5,17,12,"(17, 12, 5)",two_part,"(23, 11)",0
5,17,12,"(17, 12, 5)",two_part,"(22, 12)",0
5,17,12,"(17, 12, 5)",two_part,"(21, 13)",0
5,17,12,"(17, 12, 5)",two_part,"(20, 14)",0
5,17,12,"(17, 12, 5)",two_part,"(19, 15)",0
5,17,12,"(17, 12, 5)",two_part,"(18, 16)",0
5,17,12,"(17, 12, 5)",two_part,"(17, 17)",0
5,17,12,"(17, 12, 5)",hook_A,"(30, 2, 2)",0
5,17,12,"(17, 12, 5)",hook_A,"(28, 2, 2, 2)",0
5,17,12,"(17, 12, 5)",hook_A,"(26, 2, 2, 2, 2)",0
5,17,12,"(17, 12, 5)",hook_A,"(24, 2, 2, 2, 2, 2)",0
5,17,12,"(17, 12, 5)",hook_A,"(22, 2, 2, 2, 2, 2, 2)",0
5,17,12,"(17, 12, 5)",hook_A,"(20, 2, 2, 2, 2, 2, 2, 2)",0
5,17,12,"(17, 12, 5)",hook_A,"(18, 2, 2, 2, 2, 2, 2, 2, 2)",0
5,17,12,"(17, 12, 5)",hook_A,"(16, 2, 2, 2, 2, 2, 2, 2, 2, 2)",3528
5,17,12,"(17, 12, 5)",hook_A,"(14, 2, 2, 2, 2, 2, 2, 2, 2, 2, 2)",98280
5,17,12,"(17, 12, 5)",hook_A,"(12, 2, 2, 2, 2, 2, 2, 2, 2, 2, 2, 2)",1211364
5,17,12,"(17, 12, 5)",hook_A,"(10, 2, 2, 2, 2, 2, 2, 2, 2, 2, 2, 2, 2)",9544128
5,17,12,"(17, 12, 5)",hook_A,"(8, 2, 2, 2, 2, 2, 2, 2, 2, 2, 2, 2, 2, 2)",55332420
5,17,12,"(17, 12, 5)",hook_A,"(6, 2, 2, 2, 2, 2, 2, 2, 2, 2, 2, 2, 2, 2, 2)",249818478
5,17,12,"(17, 12, 5)",hook_A,"(4, 2, 2, 2, 2, 2, 2, 2, 2, 2, 2, 2, 2, 2, 2, 2)",877390500
5,17,12,"(17, 12, 5)",hook_A,"(2, 2, 2, 2, 2, 2, 2, 2, 2, 2, 2, 2, 2, 2, 2, 2, 2)",2170588560
5,17,14,"(17, 14, 5)",col_strict,"(36,)",0
5,17,14,"(17, 14, 5)",col_strict,"(35, 1)",0
5,17,14,"(17, 14, 5)",col_strict,"(34, 1, 1)",0
5,17,14,"(17, 14, 5)",col_strict,"(33, 1, 1, 1)",0
5,17,14,"(17, 14, 5)",col_strict,"(32, 1, 1, 1, 1)",0
5,17,14,"(17, 14, 5)",col_strict,"(31, 1, 1, 1, 1, 1)",0
5,17,14,"(17, 14, 5)",col_strict,"(30, 1, 1, 1, 1, 1, 1)",0
5,17,14,"(17, 14, 5)",col_strict,"(29, 1, 1, 1, 1, 1, 1, 1)",0
5,17,14,"(17, 14, 5)",col_strict,"(28, 1, 1, 1, 1, 1, 1, 1, 1)",0
5,17,14,"(17, 14, 5)",col_strict,"(27, 1, 1, 1, 1, 1, 1, 1, 1, 1)",0
5,17,14,"(17, 14, 5)",col_strict,"(26, 1, 1, 1, 1, 1, 1, 1, 1, 1, 1)",0
5,17,14,"(17, 14, 5)",col_strict,"(25, 1, 1, 1, 1, 1, 1, 1, 1, 1, 1, 1)",0
5,17,14,"(17, 14, 5)",col_strict,"(24, 1, 1, 1, 1, 1, 1, 1, 1, 1, 1, 1, 1)",0
5,17,14,"(17, 14, 5)",col_strict,"(23, 1, 1, 1, 1, 1, 1, 1, 1, 1, 1, 1, 1, 1)",0
5,17,14,"(17, 14, 5)",col_strict,"(22, 1, 1, 1, 1, 1, 1, 1, 1, 1, 1, 1, 1, 1, 1)",0
5,17,14,"(17, 14, 5)",col_strict,"(21, 1, 1, 1, 1, 1, 1, 1, 1, 1, 1, 1, 1, 1, 1, 1)",0
5,17,14,"(17, 14, 5)",col_strict,"(20, 1, 1, 1, 1, 1, 1, 1, 1, 1, 1, 1, 1, 1, 1, 1, 1)",0
5,17,14,"(17, 14, 5)",col_strict,"(19, 1, 1, 1, 1, 1, 1, 1, 1, 1, 1, 1, 1, 1, 1, 1, 1, 1)",0
5,17,14,"(17, 14, 5)",col_strict,"(18, 1, 1, 1, 1, 1, 1, 1, 1, 1, 1, 1, 1, 1, 1, 1, 1, 1, 1)",0
5,17,14,"(17, 14, 5)",col_strict,"(17, 1, 1, 1, 1, 1, 1, 1, 1, 1, 1, 1, 1, 1, 1, 1, 1, 1, 1, 1)",7752
5,17,14,"(17, 14, 5)",col_strict,"(16, 1, 1, 1, 1, 1, 1, 1, 1, 1, 1, 1, 1, 1, 1, 1, 1, 1, 1, 1, 1)",155040
5,17,14,"(17, 14, 5)",col_strict,"(15, 1, 1, 1, 1, 1, 1, 1, 1, 1, 1, 1, 1, 1, 1, 1, 1, 1, 1, 1, 1, 1)",1627920
5,17,14,"(17, 14, 5)",col_strict,"(14, 1, 1, 1, 1, 1, 1, 1, 1, 1, 1, 1, 1, 1, 1, 1, 1, 1, 1, 1, 1, 1, 1)",11938080
5,17,14,"(17, 14, 5)",col_strict,"(13, 1, 1, 1, 1, 1, 1, 1, 1, 1, 1, 1, 1, 1, 1, 1, 1, 1, 1, 1, 1, 1, 1, 1)",68619166
5,17,14,"(17, 14, 5)",col_strict,"(12, 1, 1, 1, 1, 1, 1, 1, 1, 1, 1, 1, 1, 1, 1, 1, 1, 1, 1, 1, 1, 1, 1, 1, 1)",328895952
5,17,14,"(17, 14, 5)",col_strict,"(11, 1, 1, 1, 1, 1, 1, 1, 1, 1, 1, 1, 1, 1, 1, 1, 1, 1, 1, 1, 1, 1, 1, 1, 1, 1)",1365441000
5,17,14,"(17, 14, 5)",col_strict,"(10, 1, 1, 1, 1, 1, 1, 1, 1, 1, 1, 1, 1, 1, 1, 1, 1, 1, 1, 1, 1, 1, 1, 1, 1, 1, 1)",5034801200
5,17,14,"(17, 14, 5)",col_strict,"(9, 1, 1, 1, 1, 1, 1, 1, 1, 1, 1, 1, 1, 1, 1, 1, 1, 1, 1, 1, 1, 1, 1, 1, 1, 1, 1, 1)",16774886700
5,17,14,"(17, 14, 5)",col_strict,"(8, 1, 1, 1, 1, 1, 1, 1, 1, 1, 1, 1, 1, 1, 1, 1, 1, 1, 1, 1, 1, 1, 1, 1, 1, 1, 1, 1, 1)",51105534480
5,17,14,"(17, 14, 5)",col_strict,"(7, 1, 1, 1, 1, 1, 1, 1, 1, 1, 1, 1, 1, 1, 1, 1, 1, 1, 1, 1, 1, 1, 1, 1, 1, 1, 1, 1, 1, 1)",143494991640
5,17,14,"(17, 14, 5)",col_strict,"(6, 1, 1, 1, 1, 1, 1, 1, 1, 1, 1, 1, 1, 1, 1, 1, 1, 1, 1, 1, 1, 1, 1, 1, 1, 1, 1, 1, 1, 1, 1)",372995204400
5,17,14,"(17, 14, 5)",col_strict,"(5, 1, 1, 1, 1, 1, 1, 1, 1, 1, 1, 1, 1, 1, 1, 1, 1, 1, 1, 1, 1, 1, 1, 1, 1, 1, 1, 1, 1, 1, 1, 1)",898373262150
5,17,14,"(17, 14, 5)",col_strict,"(4, 1, 1, 1, 1, 1, 1, 1, 1, 1, 1, 1, 1, 1, 1, 1, 1, 1, 1, 1, 1, 1, 1, 1, 1, 1, 1, 1, 1, 1, 1, 1, 1)",1997398200000
5,17,14,"(17, 14, 5)",col_strict,"(3, 1, 1, 1, 1, 1, 1, 1, 1, 1, 1, 1, 1, 1, 1, 1, 1, 1, 1, 1, 1, 1, 1, 1, 1, 1, 1, 1, 1, 1, 1, 1, 1, 1)",4052668841760
5,17,14,"(17, 14, 5)",col_strict,"(2, 1, 1, 1, 1, 1, 1, 1, 1, 1, 1, 1, 1, 1, 1, 1, 1, 1, 1, 1, 1, 1, 1, 1, 1, 1, 1, 1, 1, 1, 1, 1, 1, 1, 1)",7301376223680
5,17,14,"(17, 14, 5)",col_strict,"(1, 1, 1, 1, 1, 1, 1, 1, 1, 1, 1, 1, 1, 1, 1, 1, 1, 1, 1, 1, 1, 1, 1, 1, 1, 1, 1, 1, 1, 1, 1, 1, 1, 1, 1, 1)",10913089017600
5,17,14,"(17, 14, 5)",two_part,"(34, 2)",0
5,17,14,"(17, 14, 5)",two_part,"(33, 3)",0
5,17,14,"(17, 14, 5)",two_part,"(32, 4)",0
5,17,14,"(17, 14, 5)",two_part,"(31, 5)",0
5,17,14,"(17, 14, 5)",two_part,"(30, 6)",0
5,17,14,"(17, 14, 5)",two_part,"(29, 7)",0
5,17,14,"(17, 14, 5)",two_part,"(28, 8)",0
5,17,14,"(17, 14, 5)",two_part,"(27, 9)",0
5,17,14,"(17, 14, 5)",two_part,"(26, 10)",0
5,17,14,"(17, 14, 5)",two_part,"(25, 11)",0
5,17,14,"(17, 14, 5)",two_part,"(24, 12)",0
5,17,14,"(17, 14, 5)",two_part,"(23, 13)",0
5,17,14,"(17, 14, 5)",two_part,"(22, 14)",0
5,17,14,"(17, 14, 5)",two_part,"(21, 15)",0
5,17,14,"(17, 14, 5)",two_part,"(20, 16)",0
5,17,14,"(17, 14, 5)",two_part,"(19, 17)",0
5,17,14,"(17, 14, 5)",two_part,"(18, 18)",0
5,17,14,"(17, 14, 5)",hook_A,"(32, 2, 2)",0
5,17,14,"(17, 14, 5)",hook_A,"(30, 2, 2, 2)",0
5,17,14,"(17, 14, 5)",hook_A,"(28, 2, 2, 2, 2)",0
5,17,14,"(17, 14, 5)",hook_A,"(26, 2, 2, 2, 2, 2)",0
5,17,14,"(17, 14, 5)",hook_A,"(24, 2, 2, 2, 2, 2, 2)",0
5,17,14,"(17, 14, 5)",hook_A,"(22, 2, 2, 2, 2, 2, 2, 2)",0
5,17,14,"(17, 14, 5)",hook_A,"(20, 2, 2, 2, 2, 2, 2, 2, 2)",0
5,17,14,"(17, 14, 5)",hook_A,"(18, 2, 2, 2, 2, 2, 2, 2, 2, 2)",0
5,17,14,"(17, 14, 5)",hook_A,"(16, 2, 2, 2, 2, 2, 2, 2, 2, 2, 2)",7260
5,17,14,"(17, 14, 5)",hook_A,"(14, 2, 2, 2, 2, 2, 2, 2, 2, 2, 2, 2)",237600
5,17,14,"(17, 14, 5)",hook_A,"(12, 2, 2, 2, 2, 2, 2, 2, 2, 2, 2, 2, 2)",3342768
5,17,14,"(17, 14, 5)",hook_A,"(10, 2, 2, 2, 2, 2, 2, 2, 2, 2, 2, 2, 2, 2)",29091348
5,17,14,"(17, 14, 5)",hook_A,"(8, 2, 2, 2, 2, 2, 2, 2, 2, 2, 2, 2, 2, 2, 2)",180067888
5,17,14,"(17, 14, 5)",hook_A,"(6, 2, 2, 2, 2, 2, 2, 2, 2, 2, 2, 2, 2, 2, 2, 2)",841932000
5,17,14,"(17, 14, 5)",hook_A,"(4, 2, 2, 2, 2, 2, 2, 2, 2, 2, 2, 2, 2, 2, 2, 2, 2)",2991517760
5,17,14,"(17, 14, 5)",hook_A,"(2, 2, 2, 2, 2, 2, 2, 2, 2, 2, 2, 2, 2, 2, 2, 2, 2, 2)",7391305152
5,17,16,"(17, 16, 5)",col_strict,"(38,)",0
5,17,16,"(17, 16, 5)",col_strict,"(37, 1)",0
5,17,16,"(17, 16, 5)",col_strict,"(36, 1, 1)",0
5,17,16,"(17, 16, 5)",col_strict,"(35, 1, 1, 1)",0
5,17,16,"(17, 16, 5)",col_strict,"(34, 1, 1, 1, 1)",0
5,17,16,"(17, 16, 5)",col_strict,"(33, 1, 1, 1, 1, 1)",0
5,17,16,"(17, 16, 5)",col_strict,"(32, 1, 1, 1, 1, 1, 1)",0
5,17,16,"(17, 16, 5)",col_strict,"(31, 1, 1, 1, 1, 1, 1, 1)",0
5,17,16,"(17, 16, 5)",col_strict,"(30, 1, 1, 1, 1, 1, 1, 1, 1)",0
5,17,16,"(17, 16, 5)",col_strict,"(29, 1, 1, 1, 1, 1, 1, 1, 1, 1)",0
5,17,16,"(17, 16, 5)",col_strict,"(28, 1, 1, 1, 1, 1, 1, 1, 1, 1, 1)",0
5,17,16,"(17, 16, 5)",col_strict,"(27, 1, 1, 1, 1, 1, 1, 1, 1, 1, 1, 1)",0
5,17,16,"(17, 16, 5)",col_strict,"(26, 1, 1, 1, 1, 1, 1, 1, 1, 1, 1, 1, 1)",0
5,17,16,"(17, 16, 5)",col_strict,"(25, 1, 1, 1, 1, 1, 1, 1, 1, 1, 1, 1, 1, 1)",0
5,17,16,"(17, 16, 5)",col_strict,"(24, 1, 1, 1, 1, 1, 1, 1, 1, 1, 1, 1, 1, 1, 1)",0
5,17,16,"(17, 16, 5)",col_strict,"(23, 1, 1, 1, 1, 1, 1, 1, 1, 1, 1, 1, 1, 1, 1, 1)",0
5,17,16,"(17, 16, 5)",col_strict,"(22, 1, 1, 1, 1, 1, 1, 1, 1, 1, 1, 1, 1, 1, 1, 1, 1)",0
5,17,16,"(17, 16, 5)",col_strict,"(21, 1, 1, 1, 1, 1, 1, 1, 1, 1, 1, 1, 1, 1, 1, 1, 1, 1)",0
5,17,16,"(17, 16, 5)",col_strict,"(20, 1, 1, 1, 1, 1, 1, 1, 1, 1, 1, 1, 1, 1, 1, 1, 1, 1, 1)",0
5,17,16,"(17, 16, 5)",col_strict,"(19, 1, 1, 1, 1, 1, 1, 1, 1, 1, 1, 1, 1, 1, 1, 1, 1, 1, 1, 1)",0
5,17,16,"(17, 16, 5)",col_strict,"(18, 1, 1, 1, 1, 1, 1, 1, 1, 1, 1, 1, 1, 1, 1, 1, 1, 1, 1, 1, 1)",0
5,17,16,"(17, 16, 5)",col_strict,"(17, 1, 1, 1, 1, 1, 1, 1, 1, 1, 1, 1, 1, 1, 1, 1, 1, 1, 1, 1, 1, 1)",14364
5,17,16,"(17, 16, 5)",col_strict,"(16, 1, 1, 1, 1, 1, 1, 1, 1, 1, 1, 1, 1, 1, 1, 1, 1, 1, 1, 1, 1, 1, 1)",316008
5,17,16,"(17, 16, 5)",col_strict,"(15, 1, 1, 1, 1, 1, 1, 1, 1, 1, 1, 1, 1, 1, 1, 1, 1, 1, 1, 1, 1, 1, 1, 1)",3609298
5,17,16,"(17, 16, 5)",col_strict,"(14, 1, 1, 1, 1, 1, 1, 1, 1, 1, 1, 1, 1, 1, 1, 1, 1, 1, 1, 1, 1, 1, 1, 1, 1)",28477680
5,17,16,"(17, 16, 5)",col_strict,"(13, 1, 1, 1, 1, 1, 1, 1, 1, 1, 1, 1, 1, 1, 1, 1, 1, 1, 1, 1, 1, 1, 1, 1, 1, 1)",174266400
5,17,16,"(17, 16, 5)",col_strict,"(12, 1, 1, 1, 1, 1, 1, 1, 1, 1, 1, 1, 1, 1, 1, 1, 1, 1, 1, 1, 1, 1, 1, 1, 1, 1, 1)",880399520
5,17,16,"(17, 16, 5)",col_strict,"(11, 1, 1, 1, 1, 1, 1, 1, 1, 1, 1, 1, 1, 1, 1, 1, 1, 1, 1, 1, 1, 1, 1, 1, 1, 1, 1, 1)",3816752940
5,17,16,"(17, 16, 5)",col_strict,"(10, 1, 1, 1, 1, 1, 1, 1, 1, 1, 1, 1, 1, 1, 1, 1, 1, 1, 1, 1, 1, 1, 1, 1, 1, 1, 1, 1, 1)",14570796240
5,17,16,"(17, 16, 5)",col_strict,"(9, 1, 1, 1, 1, 1, 1, 1, 1, 1, 1, 1, 1, 1, 1, 1, 1, 1, 1, 1, 1, 1, 1, 1, 1, 1, 1, 1, 1, 1)",49874724900
5,17,16,"(17, 16, 5)",col_strict,"(8, 1, 1, 1, 1, 1, 1, 1, 1, 1, 1, 1, 1, 1, 1, 1, 1, 1, 1, 1, 1, 1, 1, 1, 1, 1, 1, 1, 1, 1, 1)",155032277400
5,17,16,"(17, 16, 5)",col_strict,"(7, 1, 1, 1, 1, 1, 1, 1, 1, 1, 1, 1, 1, 1, 1, 1, 1, 1, 1, 1, 1, 1, 1, 1, 1, 1, 1, 1, 1, 1, 1, 1)",441481450410
5,17,16,"(17, 16, 5)",col_strict,"(6, 1, 1, 1, 1, 1, 1, 1, 1, 1, 1, 1, 1, 1, 1, 1, 1, 1, 1, 1, 1, 1, 1, 1, 1, 1, 1, 1, 1, 1, 1, 1, 1)",1157865683520
5,17,16,"(17, 16, 5)",col_strict,"(5, 1, 1, 1, 1, 1, 1, 1, 1, 1, 1, 1, 1, 1, 1, 1, 1, 1, 1, 1, 1, 1, 1, 1, 1, 1, 1, 1, 1, 1, 1, 1, 1, 1)",2801637558720
5,17,16,"(17, 16, 5)",col_strict,"(4, 1, 1, 1, 1, 1, 1, 1, 1, 1, 1, 1, 1, 1, 1, 1, 1, 1, 1, 1, 1, 1, 1, 1, 1, 1, 1, 1, 1, 1, 1, 1, 1, 1, 1)",6236050867200
5,17,16,"(17, 16, 5)",col_strict,"(3, 1, 1, 1, 1, 1, 1, 1, 1, 1, 1, 1, 1, 1, 1, 1, 1, 1, 1, 1, 1, 1, 1, 1, 1, 1, 1, 1, 1, 1, 1, 1, 1, 1, 1, 1)",12634976531100
5,17,16,"(17, 16, 5)",col_strict,"(2, 1, 1, 1, 1, 1, 1, 1, 1, 1, 1, 1, 1, 1, 1, 1, 1, 1, 1, 1, 1, 1, 1, 1, 1, 1, 1, 1, 1, 1, 1, 1, 1, 1, 1, 1, 1)",22700830022640
5,17,16,"(17, 16, 5)",col_strict,"(1, 1, 1, 1, 1, 1, 1, 1, 1, 1, 1, 1, 1, 1, 1, 1, 1, 1, 1, 1, 1, 1, 1, 1, 1, 1, 1, 1, 1, 1, 1, 1, 1, 1, 1, 1, 1, 1)",33846624614880
5,17,16,"(17, 16, 5)",two_part,"(36, 2)",0
5,17,16,"(17, 16, 5)",two_part,"(35, 3)",0
5,17,16,"(17, 16, 5)",two_part,"(34, 4)",0
5,17,16,"(17, 16, 5)",two_part,"(33, 5)",0
5,17,16,"(17, 16, 5)",two_part,"(32, 6)",0
5,17,16,"(17, 16, 5)",two_part,"(31, 7)",0
5,17,16,"(17, 16, 5)",two_part,"(30, 8)",0
5,17,16,"(17, 16, 5)",two_part,"(29, 9)",0
5,17,16,"(17, 16, 5)",two_part,"(28, 10)",0
5,17,16,"(17, 16, 5)",two_part,"(27, 11)",0
5,17,16,"(17, 16, 5)",two_part,"(26, 12)",0
5,17,16,"(17, 16, 5)",two_part,"(25, 13)",0
5,17,16,"(17, 16, 5)",two_part,"(24, 14)",0
5,17,16,"(17, 16, 5)",two_part,"(23, 15)",0
5,17,16,"(17, 16, 5)",two_part,"(22, 16)",0
5,17,16,"(17, 16, 5)",two_part,"(21, 17)",0
5,17,16,"(17, 16, 5)",two_part,"(20, 18)",0
5,17,16,"(17, 16, 5)",two_part,"(19, 19)",0
5,17,16,"(17, 16, 5)",hook_A,"(34, 2, 2)",0
5,17,16,"(17, 16, 5)",hook_A,"(32, 2, 2, 2)",0
5,17,16,"(17, 16, 5)",hook_A,"(30, 2, 2, 2, 2)",0
5,17,16,"(17, 16, 5)",hook_A,"(28, 2, 2, 2, 2, 2)",0
5,17,16,"(17, 16, 5)",hook_A,"(26, 2, 2, 2, 2, 2, 2)",0
5,17,16,"(17, 16, 5)",hook_A,"(24, 2, 2, 2, 2, 2, 2, 2)",0
5,17,16,"(17, 16, 5)",hook_A,"(22, 2, 2, 2, 2, 2, 2, 2, 2)",0
5,17,16,"(17, 16, 5)",hook_A,"(20, 2, 2, 2, 2, 2, 2, 2, 2, 2)",0
5,17,16,"(17, 16, 5)",hook_A,"(18, 2, 2, 2, 2, 2, 2, 2, 2, 2, 2)",0
5,17,16,"(17, 16, 5)",hook_A,"(16, 2, 2, 2, 2, 2, 2, 2, 2, 2, 2, 2)",13662
5,17,16,"(17, 16, 5)",hook_A,"(14, 2, 2, 2, 2, 2, 2, 2, 2, 2, 2, 2, 2)",494340
5,17,16,"(17, 16, 5)",hook_A,"(12, 2, 2, 2, 2, 2, 2, 2, 2, 2, 2, 2, 2, 2)",7310160
5,17,16,"(17, 16, 5)",hook_A,"(10, 2, 2, 2, 2, 2, 2, 2, 2, 2, 2, 2, 2, 2, 2)",65010946
5,17,16,"(17, 16, 5)",hook_A,"(8, 2, 2, 2, 2, 2, 2, 2, 2, 2, 2, 2, 2, 2, 2, 2)",404414010
5,17,16,"(17, 16, 5)",hook_A,"(6, 2, 2, 2, 2, 2, 2, 2, 2, 2, 2, 2, 2, 2, 2, 2, 2)",1882018320
5,17,16,"(17, 16, 5)",hook_A,"(4, 2, 2, 2, 2, 2, 2, 2, 2, 2, 2, 2, 2, 2, 2, 2, 2, 2)",6624215920
5,17,16,"(17, 16, 5)",hook_A,"(2, 2, 2, 2, 2, 2, 2, 2, 2, 2, 2, 2, 2, 2, 2, 2, 2, 2, 2)",16223225886
5,18,5,"(18, 5, 5)",col_strict,"(28,)",0
5,18,5,"(18, 5, 5)",col_strict,"(27, 1)",0
5,18,5,"(18, 5, 5)",col_strict,"(26, 1, 1)",0
5,18,5,"(18, 5, 5)",col_strict,"(25, 1, 1, 1)",0
5,18,5,"(18, 5, 5)",col_strict,"(24, 1, 1, 1, 1)",0
5,18,5,"(18, 5, 5)",col_strict,"(23, 1, 1, 1, 1, 1)",0
5,18,5,"(18, 5, 5)",col_strict,"(22, 1, 1, 1, 1, 1, 1)",0
5,18,5,"(18, 5, 5)",col_strict,"(21, 1, 1, 1, 1, 1, 1, 1)",0
5,18,5,"(18, 5, 5)",col_strict,"(20, 1, 1, 1, 1, 1, 1, 1, 1)",0
5,18,5,"(18, 5, 5)",col_strict,"(19, 1, 1, 1, 1, 1, 1, 1, 1, 1)",0
5,18,5,"(18, 5, 5)",col_strict,"(18, 1, 1, 1, 1, 1, 1, 1, 1, 1, 1)",42
5,18,5,"(18, 5, 5)",col_strict,"(17, 1, 1, 1, 1, 1, 1, 1, 1, 1, 1, 1)",462
5,18,5,"(18, 5, 5)",col_strict,"(16, 1, 1, 1, 1, 1, 1, 1, 1, 1, 1, 1, 1)",2772
5,18,5,"(18, 5, 5)",col_strict,"(15, 1, 1, 1, 1, 1, 1, 1, 1, 1, 1, 1, 1, 1)",12012
5,18,5,"(18, 5, 5)",col_strict,"(14, 1, 1, 1, 1, 1, 1, 1, 1, 1, 1, 1, 1, 1, 1)",42042
5,18,5,"(18, 5, 5)",col_strict,"(13, 1, 1, 1, 1, 1, 1, 1, 1, 1, 1, 1, 1, 1, 1, 1)",126126
5,18,5,"(18, 5, 5)",col_strict,"(12, 1, 1, 1, 1, 1, 1, 1, 1, 1, 1, 1, 1, 1, 1, 1, 1)",336336
5,18,5,"(18, 5, 5)",col_strict,"(11, 1, 1, 1, 1, 1, 1, 1, 1, 1, 1, 1, 1, 1, 1, 1, 1, 1)",816816
5,18,5,"(18, 5, 5)",col_strict,"(10, 1, 1, 1, 1, 1, 1, 1, 1, 1, 1, 1, 1, 1, 1, 1, 1, 1, 1)",1837836
5,18,5,"(18, 5, 5)",col_strict,"(9, 1, 1, 1, 1, 1, 1, 1, 1, 1, 1, 1, 1, 1, 1, 1, 1, 1, 1, 1)",3879876
5,18,5,"(18, 5, 5)",col_strict,"(8, 1, 1, 1, 1, 1, 1, 1, 1, 1, 1, 1, 1, 1, 1, 1, 1, 1, 1, 1, 1)",7759752
5,18,5,"(18, 5, 5)",col_strict,"(7, 1, 1, 1, 1, 1, 1, 1, 1, 1, 1, 1, 1, 1, 1, 1, 1, 1, 1, 1, 1, 1)",14814072
5,18,5,"(18, 5, 5)",col_strict,"(6, 1, 1, 1, 1, 1, 1, 1, 1, 1, 1, 1, 1, 1, 1, 1, 1, 1, 1, 1, 1, 1, 1)",27159132
5,18,5,"(18, 5, 5)",col_strict,"(5, 1, 1, 1, 1, 1, 1, 1, 1, 1, 1, 1, 1, 1, 1, 1, 1, 1, 1, 1, 1, 1, 1, 1)",48050772
5,18,5,"(18, 5, 5)",col_strict,"(4, 1, 1, 1, 1, 1, 1, 1, 1, 1, 1, 1, 1, 1, 1, 1, 1, 1, 1, 1, 1, 1, 1, 1, 1)",82340874
5,18,5,"(18, 5, 5)",col_strict,"(3, 1, 1, 1, 1, 1, 1, 1, 1, 1, 1, 1, 1, 1, 1, 1, 1, 1, 1, 1, 1, 1, 1, 1, 1, 1)",136614940
5,18,5,"(18, 5, 5)",col_strict,"(2, 1, 1, 1, 1, 1, 1, 1, 1, 1, 1, 1, 1, 1, 1, 1, 1, 1, 1, 1, 1, 1, 1, 1, 1, 1, 1)",215955740
5,18,5,"(18, 5, 5)",col_strict,"(1, 1, 1, 1, 1, 1, 1, 1, 1, 1, 1, 1, 1, 1, 1, 1, 1, 1, 1, 1, 1, 1, 1, 1, 1, 1, 1, 1)",304594290
5,18,5,"(18, 5, 5)",two_part,"(26, 2)",0
5,18,5,"(18, 5, 5)",two_part,"(25, 3)",0
5,18,5,"(18, 5, 5)",two_part,"(24, 4)",0
5,18,5,"(18, 5, 5)",two_part,"(23, 5)",0
5,18,5,"(18, 5, 5)",two_part,"(22, 6)",0
5,18,5,"(18, 5, 5)",two_part,"(21, 7)",0
5,18,5,"(18, 5, 5)",two_part,"(20, 8)",0
5,18,5,"(18, 5, 5)",two_part,"(19, 9)",0
5,18,5,"(18, 5, 5)",two_part,"(18, 10)",0
5,18,5,"(18, 5, 5)",two_part,"(17, 11)",0
5,18,5,"(18, 5, 5)",two_part,"(16, 12)",0
5,18,5,"(18, 5, 5)",two_part,"(15, 13)",0
5,18,5,"(18, 5, 5)",two_part,"(14, 14)",0
5,18,5,"(18, 5, 5)",hook_A,"(24, 2, 2)",0
5,18,5,"(18, 5, 5)",hook_A,"(22, 2, 2, 2)",0
5,18,5,"(18, 5, 5)",hook_A,"(20, 2, 2, 2, 2)",0
5,18,5,"(18, 5, 5)",hook_A,"(18, 2, 2, 2, 2, 2)",6
5,18,5,"(18, 5, 5)",hook_A,"(16, 2, 2, 2, 2, 2, 2)",171
5,18,5,"(18, 5, 5)",hook_A,"(14, 2, 2, 2, 2, 2, 2, 2)",1526
5,18,5,"(18, 5, 5)",hook_A,"(12, 2, 2, 2, 2, 2, 2, 2, 2)",8288
5,18,5,"(18, 5, 5)",hook_A,"(10, 2, 2, 2, 2, 2, 2, 2, 2, 2)",33516
5,18,5,"(18, 5, 5)",hook_A,"(8, 2, 2, 2, 2, 2, 2, 2, 2, 2, 2)",110964
5,18,5,"(18, 5, 5)",hook_A,"(6, 2, 2, 2, 2, 2, 2, 2, 2, 2, 2, 2)",317394
5,18,5,"(18, 5, 5)",hook_A,"(4, 2, 2, 2, 2, 2, 2, 2, 2, 2, 2, 2, 2)",809193
5,18,5,"(18, 5, 5)",hook_A,"(2, 2, 2, 2, 2, 2, 2, 2, 2, 2, 2, 2, 2, 2)",1737736
5,18,7,"(18, 7, 5)",col_strict,"(30,)",0
5,18,7,"(18, 7, 5)",col_strict,"(29, 1)",0
5,18,7,"(18, 7, 5)",col_strict,"(28, 1, 1)",0
5,18,7,"(18, 7, 5)",col_strict,"(27, 1, 1, 1)",0
5,18,7,"(18, 7, 5)",col_strict,"(26, 1, 1, 1, 1)",0
5,18,7,"(18, 7, 5)",col_strict,"(25, 1, 1, 1, 1, 1)",0
5,18,7,"(18, 7, 5)",col_strict,"(24, 1, 1, 1, 1, 1, 1)",0
5,18,7,"(18, 7, 5)",col_strict,"(23, 1, 1, 1, 1, 1, 1, 1)",0
5,18,7,"(18, 7, 5)",col_strict,"(22, 1, 1, 1, 1, 1, 1, 1, 1)",0
5,18,7,"(18, 7, 5)",col_strict,"(21, 1, 1, 1, 1, 1, 1, 1, 1, 1)",0
5,18,7,"(18, 7, 5)",col_strict,"(20, 1, 1, 1, 1, 1, 1, 1, 1, 1, 1)",0
5,18,7,"(18, 7, 5)",col_strict,"(19, 1, 1, 1, 1, 1, 1, 1, 1, 1, 1, 1)",0
5,18,7,"(18, 7, 5)",col_strict,"(18, 1, 1, 1, 1, 1, 1, 1, 1, 1, 1, 1, 1)",297
5,18,7,"(18, 7, 5)",col_strict,"(17, 1, 1, 1, 1, 1, 1, 1, 1, 1, 1, 1, 1, 1)",3861
5,18,7,"(18, 7, 5)",col_strict,"(16, 1, 1, 1, 1, 1, 1, 1, 1, 1, 1, 1, 1, 1, 1)",27027
5,18,7,"(18, 7, 5)",col_strict,"(15, 1, 1, 1, 1, 1, 1, 1, 1, 1, 1, 1, 1, 1, 1, 1)",135135
5,18,7,"(18, 7, 5)",col_strict,"(14, 1, 1, 1, 1, 1, 1, 1, 1, 1, 1, 1, 1, 1, 1, 1, 1)",540540
5,18,7,"(18, 7, 5)",col_strict,"(13, 1, 1, 1, 1, 1, 1, 1, 1, 1, 1, 1, 1, 1, 1, 1, 1, 1)",1837836
5,18,7,"(18, 7, 5)",col_strict,"(12, 1, 1, 1, 1, 1, 1, 1, 1, 1, 1, 1, 1, 1, 1, 1, 1, 1, 1)",5513508
5,18,7,"(18, 7, 5)",col_strict,"(11, 1, 1, 1, 1, 1, 1, 1, 1, 1, 1, 1, 1, 1, 1, 1, 1, 1, 1, 1)",14965236
5,18,7,"(18, 7, 5)",col_strict,"(10, 1, 1, 1, 1, 1, 1, 1, 1, 1, 1, 1, 1, 1, 1, 1, 1, 1, 1, 1, 1)",37413090
5,18,7,"(18, 7, 5)",col_strict,"(9, 1, 1, 1, 1, 1, 1, 1, 1, 1, 1, 1, 1, 1, 1, 1, 1, 1, 1, 1, 1, 1)",87297210
5,18,7,"(18, 7, 5)",col_strict,"(8, 1, 1, 1, 1, 1, 1, 1, 1, 1, 1, 1, 1, 1, 1, 1, 1, 1, 1, 1, 1, 1, 1)",192053862
5,18,7,"(18, 7, 5)",col_strict,"(7, 1, 1, 1, 1, 1, 1, 1, 1, 1, 1, 1, 1, 1, 1, 1, 1, 1, 1, 1, 1, 1, 1, 1)",401567166
5,18,7,"(18, 7, 5)",col_strict,"(6, 1, 1, 1, 1, 1, 1, 1, 1, 1, 1, 1, 1, 1, 1, 1, 1, 1, 1, 1, 1, 1, 1, 1, 1)",803102454
5,18,7,"(18, 7, 5)",col_strict,"(5, 1, 1, 1, 1, 1, 1, 1, 1, 1, 1, 1, 1, 1, 1, 1, 1, 1, 1, 1, 1, 1, 1, 1, 1, 1)",1543692150
5,18,7,"(18, 7, 5)",col_strict,"(4, 1, 1, 1, 1, 1, 1, 1, 1, 1, 1, 1, 1, 1, 1, 1, 1, 1, 1, 1, 1, 1, 1, 1, 1, 1, 1)",2857976550
5,18,7,"(18, 7, 5)",col_strict,"(3, 1, 1, 1, 1, 1, 1, 1, 1, 1, 1, 1, 1, 1, 1, 1, 1, 1, 1, 1, 1, 1, 1, 1, 1, 1, 1, 1)",5071095315
5,18,7,"(18, 7, 5)",col_strict,"(2, 1, 1, 1, 1, 1, 1, 1, 1, 1, 1, 1, 1, 1, 1, 1, 1, 1, 1, 1, 1, 1, 1, 1, 1, 1, 1, 1, 1)",8419856445
5,18,7,"(18, 7, 5)",col_strict,"(1, 1, 1, 1, 1, 1, 1, 1, 1, 1, 1, 1, 1, 1, 1, 1, 1, 1, 1, 1, 1, 1, 1, 1, 1, 1, 1, 1, 1, 1)",12168231075
5,18,7,"(18, 7, 5)",two_part,"(28, 2)",0
5,18,7,"(18, 7, 5)",two_part,"(27, 3)",0
5,18,7,"(18, 7, 5)",two_part,"(26, 4)",0
5,18,7,"(18, 7, 5)",two_part,"(25, 5)",0
5,18,7,"(18, 7, 5)",two_part,"(24, 6)",0
5,18,7,"(18, 7, 5)",two_part,"(23, 7)",0
5,18,7,"(18, 7, 5)",two_part,"(22, 8)",0
5,18,7,"(18, 7, 5)",two_part,"(21, 9)",0
5,18,7,"(18, 7, 5)",two_part,"(20, 10)",0
5,18,7,"(18, 7, 5)",two_part,"(19, 11)",0
5,18,7,"(18, 7, 5)",two_part,"(18, 12)",0
5,18,7,"(18, 7, 5)",two_part,"(17, 13)",0
5,18,7,"(18, 7, 5)",two_part,"(16, 14)",0
5,18,7,"(18, 7, 5)",two_part,"(15, 15)",0
5,18,7,"(18, 7, 5)",hook_A,"(26, 2, 2)",0
5,18,7,"(18, 7, 5)",hook_A,"(24, 2, 2, 2)",0
5,18,7,"(18, 7, 5)",hook_A,"(22, 2, 2, 2, 2)",0
5,18,7,"(18, 7, 5)",hook_A,"(20, 2, 2, 2, 2, 2)",0
5,18,7,"(18, 7, 5)",hook_A,"(18, 2, 2, 2, 2, 2, 2)",36
5,18,7,"(18, 7, 5)",hook_A,"(16, 2, 2, 2, 2, 2, 2, 2)",1323
5,18,7,"(18, 7, 5)",hook_A,"(14, 2, 2, 2, 2, 2, 2, 2, 2)",14616
5,18,7,"(18, 7, 5)",hook_A,"(12, 2, 2, 2, 2, 2, 2, 2, 2, 2)",95508
5,18,7,"(18, 7, 5)",hook_A,"(10, 2, 2, 2, 2, 2, 2, 2, 2, 2, 2)",455085
5,18,7,"(18, 7, 5)",hook_A,"(8, 2, 2, 2, 2, 2, 2, 2, 2, 2, 2, 2)",1746954
5,18,7,"(18, 7, 5)",hook_A,"(6, 2, 2, 2, 2, 2, 2, 2, 2, 2, 2, 2, 2)",5717316
5,18,7,"(18, 7, 5)",hook_A,"(4, 2, 2, 2, 2, 2, 2, 2, 2, 2, 2, 2, 2, 2)",16311438
5,18,7,"(18, 7, 5)",hook_A,"(2, 2, 2, 2, 2, 2, 2, 2, 2, 2, 2, 2, 2, 2, 2)",37162125
5,18,9,"(18, 9, 5)",col_strict,"(32,)",0
5,18,9,"(18, 9, 5)",col_strict,"(31, 1)",0
5,18,9,"(18, 9, 5)",col_strict,"(30, 1, 1)",0
5,18,9,"(18, 9, 5)",col_strict,"(29, 1, 1, 1)",0
5,18,9,"(18, 9, 5)",col_strict,"(28, 1, 1, 1, 1)",0
5,18,9,"(18, 9, 5)",col_strict,"(27, 1, 1, 1, 1, 1)",0
5,18,9,"(18, 9, 5)",col_strict,"(26, 1, 1, 1, 1, 1, 1)",0
5,18,9,"(18, 9, 5)",col_strict,"(25, 1, 1, 1, 1, 1, 1, 1)",0
5,18,9,"(18, 9, 5)",col_strict,"(24, 1, 1, 1, 1, 1, 1, 1, 1)",0
5,18,9,"(18, 9, 5)",col_strict,"(23, 1, 1, 1, 1, 1, 1, 1, 1, 1)",0
5,18,9,"(18, 9, 5)",col_strict,"(22, 1, 1, 1, 1, 1, 1, 1, 1, 1, 1)",0
5,18,9,"(18, 9, 5)",col_strict,"(21, 1, 1, 1, 1, 1, 1, 1, 1, 1, 1, 1)",0
5,18,9,"(18, 9, 5)",col_strict,"(20, 1, 1, 1, 1, 1, 1, 1, 1, 1, 1, 1, 1)",0
5,18,9,"(18, 9, 5)",col_strict,"(19, 1, 1, 1, 1, 1, 1, 1, 1, 1, 1, 1, 1, 1)",0
5,18,9,"(18, 9, 5)",col_strict,"(18, 1, 1, 1, 1, 1, 1, 1, 1, 1, 1, 1, 1, 1, 1)",1001
5,18,9,"(18, 9, 5)",col_strict,"(17, 1, 1, 1, 1, 1, 1, 1, 1, 1, 1, 1, 1, 1, 1, 1)",15015
5,18,9,"(18, 9, 5)",col_strict,"(16, 1, 1, 1, 1, 1, 1, 1, 1, 1, 1, 1, 1, 1, 1, 1, 1)",120120
5,18,9,"(18, 9, 5)",col_strict,"(15, 1, 1, 1, 1, 1, 1, 1, 1, 1, 1, 1, 1, 1, 1, 1, 1, 1)",680680
5,18,9,"(18, 9, 5)",col_strict,"(14, 1, 1, 1, 1, 1, 1, 1, 1, 1, 1, 1, 1, 1, 1, 1, 1, 1, 1)",3063060
5,18,9,"(18, 9, 5)",col_strict,"(13, 1, 1, 1, 1, 1, 1, 1, 1, 1, 1, 1, 1, 1, 1, 1, 1, 1, 1, 1)",11639628
5,18,9,"(18, 9, 5)",col_strict,"(12, 1, 1, 1, 1, 1, 1, 1, 1, 1, 1, 1, 1, 1, 1, 1, 1, 1, 1, 1, 1)",38798760
5,18,9,"(18, 9, 5)",col_strict,"(11, 1, 1, 1, 1, 1, 1, 1, 1, 1, 1, 1, 1, 1, 1, 1, 1, 1, 1, 1, 1, 1)",116396280
5,18,9,"(18, 9, 5)",col_strict,"(10, 1, 1, 1, 1, 1, 1, 1, 1, 1, 1, 1, 1, 1, 1, 1, 1, 1, 1, 1, 1, 1, 1)",320089770
5,18,9,"(18, 9, 5)",col_strict,"(9, 1, 1, 1, 1, 1, 1, 1, 1, 1, 1, 1, 1, 1, 1, 1, 1, 1, 1, 1, 1, 1, 1, 1)",818007190
5,18,9,"(18, 9, 5)",col_strict,"(8, 1, 1, 1, 1, 1, 1, 1, 1, 1, 1, 1, 1, 1, 1, 1, 1, 1, 1, 1, 1, 1, 1, 1, 1)",1963185378
5,18,9,"(18, 9, 5)",col_strict,"(7, 1, 1, 1, 1, 1, 1, 1, 1, 1, 1, 1, 1, 1, 1, 1, 1, 1, 1, 1, 1, 1, 1, 1, 1, 1)",4461060450
5,18,9,"(18, 9, 5)",col_strict,"(6, 1, 1, 1, 1, 1, 1, 1, 1, 1, 1, 1, 1, 1, 1, 1, 1, 1, 1, 1, 1, 1, 1, 1, 1, 1, 1)",9656997350
5,18,9,"(18, 9, 5)",col_strict,"(5, 1, 1, 1, 1, 1, 1, 1, 1, 1, 1, 1, 1, 1, 1, 1, 1, 1, 1, 1, 1, 1, 1, 1, 1, 1, 1, 1)",19985115150
5,18,9,"(18, 9, 5)",col_strict,"(4, 1, 1, 1, 1, 1, 1, 1, 1, 1, 1, 1, 1, 1, 1, 1, 1, 1, 1, 1, 1, 1, 1, 1, 1, 1, 1, 1, 1)",39504014550
5,18,9,"(18, 9, 5)",col_strict,"(3, 1, 1, 1, 1, 1, 1, 1, 1, 1, 1, 1, 1, 1, 1, 1, 1, 1, 1, 1, 1, 1, 1, 1, 1, 1, 1, 1, 1, 1)",73860661875
5,18,9,"(18, 9, 5)",col_strict,"(2, 1, 1, 1, 1, 1, 1, 1, 1, 1, 1, 1, 1, 1, 1, 1, 1, 1, 1, 1, 1, 1, 1, 1, 1, 1, 1, 1, 1, 1, 1)",126940188375
5,18,9,"(18, 9, 5)",col_strict,"(1, 1, 1, 1, 1, 1, 1, 1, 1, 1, 1, 1, 1, 1, 1, 1, 1, 1, 1, 1, 1, 1, 1, 1, 1, 1, 1, 1, 1, 1, 1, 1)",186279093000
5,18,9,"(18, 9, 5)",two_part,"(30, 2)",0
5,18,9,"(18, 9, 5)",two_part,"(29, 3)",0
5,18,9,"(18, 9, 5)",two_part,"(28, 4)",0
5,18,9,"(18, 9, 5)",two_part,"(27, 5)",0
5,18,9,"(18, 9, 5)",two_part,"(26, 6)",0
5,18,9,"(18, 9, 5)",two_part,"(25, 7)",0
5,18,9,"(18, 9, 5)",two_part,"(24, 8)",0
5,18,9,"(18, 9, 5)",two_part,"(23, 9)",0
5,18,9,"(18, 9, 5)",two_part,"(22, 10)",0
5,18,9,"(18, 9, 5)",two_part,"(21, 11)",0
5,18,9,"(18, 9, 5)",two_part,"(20, 12)",0
5,18,9,"(18, 9, 5)",two_part,"(19, 13)",0
5,18,9,"(18, 9, 5)",two_part,"(18, 14)",0
5,18,9,"(18, 9, 5)",two_part,"(17, 15)",0
5,18,9,"(18, 9, 5)",two_part,"(16, 16)",0
5,18,9,"(18, 9, 5)",hook_A,"(28, 2, 2)",0
5,18,9,"(18, 9, 5)",hook_A,"(26, 2, 2, 2)",0
5,18,9,"(18, 9, 5)",hook_A,"(24, 2, 2, 2, 2)",0
5,18,9,"(18, 9, 5)",hook_A,"(22, 2, 2, 2, 2, 2)",0
5,18,9,"(18, 9, 5)",hook_A,"(20, 2, 2, 2, 2, 2, 2)",0
5,18,9,"(18, 9, 5)",hook_A,"(18, 2, 2, 2, 2, 2, 2, 2)",105
5,18,9,"(18, 9, 5)",hook_A,"(16, 2, 2, 2, 2, 2, 2, 2, 2)",4900
5,18,9,"(18, 9, 5)",hook_A,"(14, 2, 2, 2, 2, 2, 2, 2, 2, 2)",65520
5,18,9,"(18, 9, 5)",hook_A,"(12, 2, 2, 2, 2, 2, 2, 2, 2, 2, 2)",505260
5,18,9,"(18, 9, 5)",hook_A,"(10, 2, 2, 2, 2, 2, 2, 2, 2, 2, 2, 2)",2790975
5,18,9,"(18, 9, 5)",hook_A,"(8, 2, 2, 2, 2, 2, 2, 2, 2, 2, 2, 2, 2)",12249105
5,18,9,"(18, 9, 5)",hook_A,"(6, 2, 2, 2, 2, 2, 2, 2, 2, 2, 2, 2, 2, 2)",45115785
5,18,9,"(18, 9, 5)",hook_A,"(4, 2, 2, 2, 2, 2, 2, 2, 2, 2, 2, 2, 2, 2, 2)",140340200
5,18,9,"(18, 9, 5)",hook_A,"(2, 2, 2, 2, 2, 2, 2, 2, 2, 2, 2, 2, 2, 2, 2, 2)",331831500
5,18,11,"(18, 11, 5)",col_strict,"(34,)",0
5,18,11,"(18, 11, 5)",col_strict,"(33, 1)",0
5,18,11,"(18, 11, 5)",col_strict,"(32, 1, 1)",0
5,18,11,"(18, 11, 5)",col_strict,"(31, 1, 1, 1)",0
5,18,11,"(18, 11, 5)",col_strict,"(30, 1, 1, 1, 1)",0
5,18,11,"(18, 11, 5)",col_strict,"(29, 1, 1, 1, 1, 1)",0
5,18,11,"(18, 11, 5)",col_strict,"(28, 1, 1, 1, 1, 1, 1)",0
5,18,11,"(18, 11, 5)",col_strict,"(27, 1, 1, 1, 1, 1, 1, 1)",0
5,18,11,"(18, 11, 5)",col_strict,"(26, 1, 1, 1, 1, 1, 1, 1, 1)",0
5,18,11,"(18, 11, 5)",col_strict,"(25, 1, 1, 1, 1, 1, 1, 1, 1, 1)",0
5,18,11,"(18, 11, 5)",col_strict,"(24, 1, 1, 1, 1, 1, 1, 1, 1, 1, 1)",0
5,18,11,"(18, 11, 5)",col_strict,"(23, 1, 1, 1, 1, 1, 1, 1, 1, 1, 1, 1)",0
5,18,11,"(18, 11, 5)",col_strict,"(22, 1, 1, 1, 1, 1, 1, 1, 1, 1, 1, 1, 1)",0
5,18,11,"(18, 11, 5)",col_strict,"(21, 1, 1, 1, 1, 1, 1, 1, 1, 1, 1, 1, 1, 1)",0
5,18,11,"(18, 11, 5)",col_strict,"(20, 1, 1, 1, 1, 1, 1, 1, 1, 1, 1, 1, 1, 1, 1)",0
5,18,11,"(18, 11, 5)",col_strict,"(19, 1, 1, 1, 1, 1, 1, 1, 1, 1, 1, 1, 1, 1, 1, 1)",0
5,18,11,"(18, 11, 5)",col_strict,"(18, 1, 1, 1, 1, 1, 1, 1, 1, 1, 1, 1, 1, 1, 1, 1, 1)",2548
5,18,11,"(18, 11, 5)",col_strict,"(17, 1, 1, 1, 1, 1, 1, 1, 1, 1, 1, 1, 1, 1, 1, 1, 1, 1)",43316
5,18,11,"(18, 11, 5)",col_strict,"(16, 1, 1, 1, 1, 1, 1, 1, 1, 1, 1, 1, 1, 1, 1, 1, 1, 1, 1)",389844
5,18,11,"(18, 11, 5)",col_strict,"(15, 1, 1, 1, 1, 1, 1, 1, 1, 1, 1, 1, 1, 1, 1, 1, 1, 1, 1, 1)",2469012
5,18,11,"(18, 11, 5)",col_strict,"(14, 1, 1, 1, 1, 1, 1, 1, 1, 1, 1, 1, 1, 1, 1, 1, 1, 1, 1, 1, 1)",12345060
5,18,11,"(18, 11, 5)",col_strict,"(13, 1, 1, 1, 1, 1, 1, 1, 1, 1, 1, 1, 1, 1, 1, 1, 1, 1, 1, 1, 1, 1)",51849252
5,18,11,"(18, 11, 5)",col_strict,"(12, 1, 1, 1, 1, 1, 1, 1, 1, 1, 1, 1, 1, 1, 1, 1, 1, 1, 1, 1, 1, 1, 1)",190113924
5,18,11,"(18, 11, 5)",col_strict,"(11, 1, 1, 1, 1, 1, 1, 1, 1, 1, 1, 1, 1, 1, 1, 1, 1, 1, 1, 1, 1, 1, 1, 1)",624660036
5,18,11,"(18, 11, 5)",col_strict,"(10, 1, 1, 1, 1, 1, 1, 1, 1, 1, 1, 1, 1, 1, 1, 1, 1, 1, 1, 1, 1, 1, 1, 1, 1)",1873948230
5,18,11,"(18, 11, 5)",col_strict,"(9, 1, 1, 1, 1, 1, 1, 1, 1, 1, 1, 1, 1, 1, 1, 1, 1, 1, 1, 1, 1, 1, 1, 1, 1, 1)",5204703350
5,18,11,"(18, 11, 5)",col_strict,"(8, 1, 1, 1, 1, 1, 1, 1, 1, 1, 1, 1, 1, 1, 1, 1, 1, 1, 1, 1, 1, 1, 1, 1, 1, 1, 1)",13523940430
5,18,11,"(18, 11, 5)",col_strict,"(7, 1, 1, 1, 1, 1, 1, 1, 1, 1, 1, 1, 1, 1, 1, 1, 1, 1, 1, 1, 1, 1, 1, 1, 1, 1, 1, 1)",33127313310
5,18,11,"(18, 11, 5)",col_strict,"(6, 1, 1, 1, 1, 1, 1, 1, 1, 1, 1, 1, 1, 1, 1, 1, 1, 1, 1, 1, 1, 1, 1, 1, 1, 1, 1, 1, 1)",76861929690
5,18,11,"(18, 11, 5)",col_strict,"(5, 1, 1, 1, 1, 1, 1, 1, 1, 1, 1, 1, 1, 1, 1, 1, 1, 1, 1, 1, 1, 1, 1, 1, 1, 1, 1, 1, 1, 1)",169131583530
5,18,11,"(18, 11, 5)",col_strict,"(4, 1, 1, 1, 1, 1, 1, 1, 1, 1, 1, 1, 1, 1, 1, 1, 1, 1, 1, 1, 1, 1, 1, 1, 1, 1, 1, 1, 1, 1, 1)",351608616450
5,18,11,"(18, 11, 5)",col_strict,"(3, 1, 1, 1, 1, 1, 1, 1, 1, 1, 1, 1, 1, 1, 1, 1, 1, 1, 1, 1, 1, 1, 1, 1, 1, 1, 1, 1, 1, 1, 1, 1)",682007273220
5,18,11,"(18, 11, 5)",col_strict,"(2, 1, 1, 1, 1, 1, 1, 1, 1, 1, 1, 1, 1, 1, 1, 1, 1, 1, 1, 1, 1, 1, 1, 1, 1, 1, 1, 1, 1, 1, 1, 1, 1)",1198056809040
5,18,11,"(18, 11, 5)",col_strict,"(1, 1, 1, 1, 1, 1, 1, 1, 1, 1, 1, 1, 1, 1, 1, 1, 1, 1, 1, 1, 1, 1, 1, 1, 1, 1, 1, 1, 1, 1, 1, 1, 1, 1)",1773376965360
5,18,11,"(18, 11, 5)",two_part,"(32, 2)",0
5,18,11,"(18, 11, 5)",two_part,"(31, 3)",0
5,18,11,"(18, 11, 5)",two_part,"(30, 4)",0
5,18,11,"(18, 11, 5)",two_part,"(29, 5)",0
5,18,11,"(18, 11, 5)",two_part,"(28, 6)",0
5,18,11,"(18, 11, 5)",two_part,"(27, 7)",0
5,18,11,"(18, 11, 5)",two_part,"(26, 8)",0
5,18,11,"(18, 11, 5)",two_part,"(25, 9)",0
5,18,11,"(18, 11, 5)",two_part,"(24, 10)",0
5,18,11,"(18, 11, 5)",two_part,"(23, 11)",0
5,18,11,"(18, 11, 5)",two_part,"(22, 12)",0
5,18,11,"(18, 11, 5)",two_part,"(21, 13)",0
5,18,11,"(18, 11, 5)",two_part,"(20, 14)",0
5,18,11,"(18, 11, 5)",two_part,"(19, 15)",0
5,18,11,"(18, 11, 5)",two_part,"(18, 16)",0
5,18,11,"(18, 11, 5)",two_part,"(17, 17)",0
5,18,11,"(18, 11, 5)",hook_A,"(30, 2, 2)",0
5,18,11,"(18, 11, 5)",hook_A,"(28, 2, 2, 2)",0
5,18,11,"(18, 11, 5)",hook_A,"(26, 2, 2, 2, 2)",0
5,18,11,"(18, 11, 5)",hook_A,"(24, 2, 2, 2, 2, 2)",0
5,18,11,"(18, 11, 5)",hook_A,"(22, 2, 2, 2, 2, 2, 2)",0
5,18,11,"(18, 11, 5)",hook_A,"(20, 2, 2, 2, 2, 2, 2, 2)",0
5,18,11,"(18, 11, 5)",hook_A,"(18, 2, 2, 2, 2, 2, 2, 2, 2)",238
5,18,11,"(18, 11, 5)",hook_A,"(16, 2, 2, 2, 2, 2, 2, 2, 2, 2)",13734
5,18,11,"(18, 11, 5)",hook_A,"(14, 2, 2, 2, 2, 2, 2, 2, 2, 2, 2)",217980
5,18,11,"(18, 11, 5)",hook_A,"(12, 2, 2, 2, 2, 2, 2, 2, 2, 2, 2, 2)",1952874
5,18,11,"(18, 11, 5)",hook_A,"(10, 2, 2, 2, 2, 2, 2, 2, 2, 2, 2, 2, 2)",12340812
5,18,11,"(18, 11, 5)",hook_A,"(8, 2, 2, 2, 2, 2, 2, 2, 2, 2, 2, 2, 2, 2)",61019816
5,18,11,"(18, 11, 5)",hook_A,"(6, 2, 2, 2, 2, 2, 2, 2, 2, 2, 2, 2, 2, 2, 2)",247242814
5,18,11,"(18, 11, 5)",hook_A,"(4, 2, 2, 2, 2, 2, 2, 2, 2, 2, 2, 2, 2, 2, 2, 2)",815715810
5,18,11,"(18, 11, 5)",hook_A,"(2, 2, 2, 2, 2, 2, 2, 2, 2, 2, 2, 2, 2, 2, 2, 2, 2)",1968328544
5,18,13,"(18, 13, 5)",col_strict,"(36,)",0
5,18,13,"(18, 13, 5)",col_strict,"(35, 1)",0
5,18,13,"(18, 13, 5)",col_strict,"(34, 1, 1)",0
5,18,13,"(18, 13, 5)",col_strict,"(33, 1, 1, 1)",0
5,18,13,"(18, 13, 5)",col_strict,"(32, 1, 1, 1, 1)",0
5,18,13,"(18, 13, 5)",col_strict,"(31, 1, 1, 1, 1, 1)",0
5,18,13,"(18, 13, 5)",col_strict,"(30, 1, 1, 1, 1, 1, 1)",0
5,18,13,"(18, 13, 5)",col_strict,"(29, 1, 1, 1, 1, 1, 1, 1)",0
5,18,13,"(18, 13, 5)",col_strict,"(28, 1, 1, 1, 1, 1, 1, 1, 1)",0
5,18,13,"(18, 13, 5)",col_strict,"(27, 1, 1, 1, 1, 1, 1, 1, 1, 1)",0
5,18,13,"(18, 13, 5)",col_strict,"(26, 1, 1, 1, 1, 1, 1, 1, 1, 1, 1)",0
5,18,13,"(18, 13, 5)",col_strict,"(25, 1, 1, 1, 1, 1, 1, 1, 1, 1, 1, 1)",0
5,18,13,"(18, 13, 5)",col_strict,"(24, 1, 1, 1, 1, 1, 1, 1, 1, 1, 1, 1, 1)",0
5,18,13,"(18, 13, 5)",col_strict,"(23, 1, 1, 1, 1, 1, 1, 1, 1, 1, 1, 1, 1, 1)",0
5,18,13,"(18, 13, 5)",col_strict,"(22, 1, 1, 1, 1, 1, 1, 1, 1, 1, 1, 1, 1, 1, 1)",0
5,18,13,"(18, 13, 5)",col_strict,"(21, 1, 1, 1, 1, 1, 1, 1, 1, 1, 1, 1, 1, 1, 1, 1)",0
5,18,13,"(18, 13, 5)",col_strict,"(20, 1, 1, 1, 1, 1, 1, 1, 1, 1, 1, 1, 1, 1, 1, 1, 1)",0
5,18,13,"(18, 13, 5)",col_strict,"(19, 1, 1, 1, 1, 1, 1, 1, 1, 1, 1, 1, 1, 1, 1, 1, 1, 1)",0
5,18,13,"(18, 13, 5)",col_strict,"(18, 1, 1, 1, 1, 1, 1, 1, 1, 1, 1, 1, 1, 1, 1, 1, 1, 1, 1)",5508
5,18,13,"(18, 13, 5)",col_strict,"(17, 1, 1, 1, 1, 1, 1, 1, 1, 1, 1, 1, 1, 1, 1, 1, 1, 1, 1, 1)",104652
5,18,13,"(18, 13, 5)",col_strict,"(16, 1, 1, 1, 1, 1, 1, 1, 1, 1, 1, 1, 1, 1, 1, 1, 1, 1, 1, 1, 1)",1046520
5,18,13,"(18, 13, 5)",col_strict,"(15, 1, 1, 1, 1, 1, 1, 1, 1, 1, 1, 1, 1, 1, 1, 1, 1, 1, 1, 1, 1, 1)",7325640
5,18,13,"(18, 13, 5)",col_strict,"(14, 1, 1, 1, 1, 1, 1, 1, 1, 1, 1, 1, 1, 1, 1, 1, 1, 1, 1, 1, 1, 1, 1)",40291020
5,18,13,"(18, 13, 5)",col_strict,"(13, 1, 1, 1, 1, 1, 1, 1, 1, 1, 1, 1, 1, 1, 1, 1, 1, 1, 1, 1, 1, 1, 1, 1)",185338692
5,18,13,"(18, 13, 5)",col_strict,"(12, 1, 1, 1, 1, 1, 1, 1, 1, 1, 1, 1, 1, 1, 1, 1, 1, 1, 1, 1, 1, 1, 1, 1, 1)",741322890
5,18,13,"(18, 13, 5)",col_strict,"(11, 1, 1, 1, 1, 1, 1, 1, 1, 1, 1, 1, 1, 1, 1, 1, 1, 1, 1, 1, 1, 1, 1, 1, 1, 1)",2646898650
5,18,13,"(18, 13, 5)",col_strict,"(10, 1, 1, 1, 1, 1, 1, 1, 1, 1, 1, 1, 1, 1, 1, 1, 1, 1, 1, 1, 1, 1, 1, 1, 1, 1, 1)",8594650350
5,18,13,"(18, 13, 5)",col_strict,"(9, 1, 1, 1, 1, 1, 1, 1, 1, 1, 1, 1, 1, 1, 1, 1, 1, 1, 1, 1, 1, 1, 1, 1, 1, 1, 1, 1)",25721788950
5,18,13,"(18, 13, 5)",col_strict,"(8, 1, 1, 1, 1, 1, 1, 1, 1, 1, 1, 1, 1, 1, 1, 1, 1, 1, 1, 1, 1, 1, 1, 1, 1, 1, 1, 1, 1)",71629387830
5,18,13,"(18, 13, 5)",col_strict,"(7, 1, 1, 1, 1, 1, 1, 1, 1, 1, 1, 1, 1, 1, 1, 1, 1, 1, 1, 1, 1, 1, 1, 1, 1, 1, 1, 1, 1, 1)",186776201430
5,18,13,"(18, 13, 5)",col_strict,"(6, 1, 1, 1, 1, 1, 1, 1, 1, 1, 1, 1, 1, 1, 1, 1, 1, 1, 1, 1, 1, 1, 1, 1, 1, 1, 1, 1, 1, 1, 1)",457476323850
5,18,13,"(18, 13, 5)",col_strict,"(5, 1, 1, 1, 1, 1, 1, 1, 1, 1, 1, 1, 1, 1, 1, 1, 1, 1, 1, 1, 1, 1, 1, 1, 1, 1, 1, 1, 1, 1, 1, 1)",1052216345250
5,18,13,"(18, 13, 5)",col_strict,"(4, 1, 1, 1, 1, 1, 1, 1, 1, 1, 1, 1, 1, 1, 1, 1, 1, 1, 1, 1, 1, 1, 1, 1, 1, 1, 1, 1, 1, 1, 1, 1, 1)",2261364917400
5,18,13,"(18, 13, 5)",col_strict,"(3, 1, 1, 1, 1, 1, 1, 1, 1, 1, 1, 1, 1, 1, 1, 1, 1, 1, 1, 1, 1, 1, 1, 1, 1, 1, 1, 1, 1, 1, 1, 1, 1, 1)",4483471655520
5,18,13,"(18, 13, 5)",col_strict,"(2, 1, 1, 1, 1, 1, 1, 1, 1, 1, 1, 1, 1, 1, 1, 1, 1, 1, 1, 1, 1, 1, 1, 1, 1, 1, 1, 1, 1, 1, 1, 1, 1, 1, 1)",7967668563360
5,18,13,"(18, 13, 5)",col_strict,"(1, 1, 1, 1, 1, 1, 1, 1, 1, 1, 1, 1, 1, 1, 1, 1, 1, 1, 1, 1, 1, 1, 1, 1, 1, 1, 1, 1, 1, 1, 1, 1, 1, 1, 1, 1)",11838752818200
5,18,13,"(18, 13, 5)",two_part,"(34, 2)",0
5,18,13,"(18, 13, 5)",two_part,"(33, 3)",0
5,18,13,"(18, 13, 5)",two_part,"(32, 4)",0
5,18,13,"(18, 13, 5)",two_part,"(31, 5)",0
5,18,13,"(18, 13, 5)",two_part,"(30, 6)",0
5,18,13,"(18, 13, 5)",two_part,"(29, 7)",0
5,18,13,"(18, 13, 5)",two_part,"(28, 8)",0
5,18,13,"(18, 13, 5)",two_part,"(27, 9)",0
5,18,13,"(18, 13, 5)",two_part,"(26, 10)",0
5,18,13,"(18, 13, 5)",two_part,"(25, 11)",0
5,18,13,"(18, 13, 5)",two_part,"(24, 12)",0
5,18,13,"(18, 13, 5)",two_part,"(23, 13)",0
5,18,13,"(18, 13, 5)",two_part,"(22, 14)",0
5,18,13,"(18, 13, 5)",two_part,"(21, 15)",0
5,18,13,"(18, 13, 5)",two_part,"(20, 16)",0
5,18,13,"(18, 13, 5)",two_part,"(19, 17)",0
5,18,13,"(18, 13, 5)",two_part,"(18, 18)",0
5,18,13,"(18, 13, 5)",hook_A,"(32, 2, 2)",0
5,18,13,"(18, 13, 5)",hook_A,"(30, 2, 2, 2)",0
5,18,13,"(18, 13, 5)",hook_A,"(28, 2, 2, 2, 2)",0
5,18,13,"(18, 13, 5)",hook_A,"(26, 2, 2, 2, 2, 2)",0
5,18,13,"(18, 13, 5)",hook_A,"(24, 2, 2, 2, 2, 2, 2)",0
5,18,13,"(18, 13, 5)",hook_A,"(22, 2, 2, 2, 2, 2, 2, 2)",0
5,18,13,"(18, 13, 5)",hook_A,"(20, 2, 2, 2, 2, 2, 2, 2, 2)",0
5,18,13,"(18, 13, 5)",hook_A,"(18, 2, 2, 2, 2, 2, 2, 2, 2, 2)",468
5,18,13,"(18, 13, 5)",hook_A,"(16, 2, 2, 2, 2, 2, 2, 2, 2, 2, 2)",32670
5,18,13,"(18, 13, 5)",hook_A,"(14, 2, 2, 2, 2, 2, 2, 2, 2, 2, 2, 2)",605880
5,18,13,"(18, 13, 5)",hook_A,"(12, 2, 2, 2, 2, 2, 2, 2, 2, 2, 2, 2, 2)",6224097
5,18,13,"(18, 13, 5)",hook_A,"(10, 2, 2, 2, 2, 2, 2, 2, 2, 2, 2, 2, 2, 2)",44299827
5,18,13,"(18, 13, 5)",hook_A,"(8, 2, 2, 2, 2, 2, 2, 2, 2, 2, 2, 2, 2, 2, 2)",240900660
5,18,13,"(18, 13, 5)",hook_A,"(6, 2, 2, 2, 2, 2, 2, 2, 2, 2, 2, 2, 2, 2, 2, 2)",1041208350
5,18,13,"(18, 13, 5)",hook_A,"(4, 2, 2, 2, 2, 2, 2, 2, 2, 2, 2, 2, 2, 2, 2, 2, 2)",3548395260
5,18,13,"(18, 13, 5)",hook_A,"(2, 2, 2, 2, 2, 2, 2, 2, 2, 2, 2, 2, 2, 2, 2, 2, 2, 2)",8628959484
5,18,15,"(18, 15, 5)",col_strict,"(38,)",0
5,18,15,"(18, 15, 5)",col_strict,"(37, 1)",0
5,18,15,"(18, 15, 5)",col_strict,"(36, 1, 1)",0
5,18,15,"(18, 15, 5)",col_strict,"(35, 1, 1, 1)",0
5,18,15,"(18, 15, 5)",col_strict,"(34, 1, 1, 1, 1)",0
5,18,15,"(18, 15, 5)",col_strict,"(33, 1, 1, 1, 1, 1)",0
5,18,15,"(18, 15, 5)",col_strict,"(32, 1, 1, 1, 1, 1, 1)",0
5,18,15,"(18, 15, 5)",col_strict,"(31, 1, 1, 1, 1, 1, 1, 1)",0
5,18,15,"(18, 15, 5)",col_strict,"(30, 1, 1, 1, 1, 1, 1, 1, 1)",0
5,18,15,"(18, 15, 5)",col_strict,"(29, 1, 1, 1, 1, 1, 1, 1, 1, 1)",0
5,18,15,"(18, 15, 5)",col_strict,"(28, 1, 1, 1, 1, 1, 1, 1, 1, 1, 1)",0
5,18,15,"(18, 15, 5)",col_strict,"(27, 1, 1, 1, 1, 1, 1, 1, 1, 1, 1, 1)",0
5,18,15,"(18, 15, 5)",col_strict,"(26, 1, 1, 1, 1, 1, 1, 1, 1, 1, 1, 1, 1)",0
5,18,15,"(18, 15, 5)",col_strict,"(25, 1, 1, 1, 1, 1, 1, 1, 1, 1, 1, 1, 1, 1)",0
5,18,15,"(18, 15, 5)",col_strict,"(24, 1, 1, 1, 1, 1, 1, 1, 1, 1, 1, 1, 1, 1, 1)",0
5,18,15,"(18, 15, 5)",col_strict,"(23, 1, 1, 1, 1, 1, 1, 1, 1, 1, 1, 1, 1, 1, 1, 1)",0
5,18,15,"(18, 15, 5)",col_strict,"(22, 1, 1, 1, 1, 1, 1, 1, 1, 1, 1, 1, 1, 1, 1, 1, 1)",0
5,18,15,"(18, 15, 5)",col_strict,"(21, 1, 1, 1, 1, 1, 1, 1, 1, 1, 1, 1, 1, 1, 1, 1, 1, 1)",0
5,18,15,"(18, 15, 5)",col_strict,"(20, 1, 1, 1, 1, 1, 1, 1, 1, 1, 1, 1, 1, 1, 1, 1, 1, 1, 1)",0
5,18,15,"(18, 15, 5)",col_strict,"(19, 1, 1, 1, 1, 1, 1, 1, 1, 1, 1, 1, 1, 1, 1, 1, 1, 1, 1, 1)",0
5,18,15,"(18, 15, 5)",col_strict,"(18, 1, 1, 1, 1, 1, 1, 1, 1, 1, 1, 1, 1, 1, 1, 1, 1, 1, 1, 1, 1)",10659
5,18,15,"(18, 15, 5)",col_strict,"(17, 1, 1, 1, 1, 1, 1, 1, 1, 1, 1, 1, 1, 1, 1, 1, 1, 1, 1, 1, 1, 1)",223839
5,18,15,"(18, 15, 5)",col_strict,"(16, 1, 1, 1, 1, 1, 1, 1, 1, 1, 1, 1, 1, 1, 1, 1, 1, 1, 1, 1, 1, 1, 1)",2462229
5,18,15,"(18, 15, 5)",col_strict,"(15, 1, 1, 1, 1, 1, 1, 1, 1, 1, 1, 1, 1, 1, 1, 1, 1, 1, 1, 1, 1, 1, 1, 1)",18877089
5,18,15,"(18, 15, 5)",col_strict,"(14, 1, 1, 1, 1, 1, 1, 1, 1, 1, 1, 1, 1, 1, 1, 1, 1, 1, 1, 1, 1, 1, 1, 1, 1)",113230656
5,18,15,"(18, 15, 5)",col_strict,"(13, 1, 1, 1, 1, 1, 1, 1, 1, 1, 1, 1, 1, 1, 1, 1, 1, 1, 1, 1, 1, 1, 1, 1, 1, 1)",565515720
5,18,15,"(18, 15, 5)",col_strict,"(12, 1, 1, 1, 1, 1, 1, 1, 1, 1, 1, 1, 1, 1, 1, 1, 1, 1, 1, 1, 1, 1, 1, 1, 1, 1, 1)",2443661220
5,18,15,"(18, 15, 5)",col_strict,"(11, 1, 1, 1, 1, 1, 1, 1, 1, 1, 1, 1, 1, 1, 1, 1, 1, 1, 1, 1, 1, 1, 1, 1, 1, 1, 1, 1)",9372268620
5,18,15,"(18, 15, 5)",col_strict,"(10, 1, 1, 1, 1, 1, 1, 1, 1, 1, 1, 1, 1, 1, 1, 1, 1, 1, 1, 1, 1, 1, 1, 1, 1, 1, 1, 1, 1)",32476589145
5,18,15,"(18, 15, 5)",col_strict,"(9, 1, 1, 1, 1, 1, 1, 1, 1, 1, 1, 1, 1, 1, 1, 1, 1, 1, 1, 1, 1, 1, 1, 1, 1, 1, 1, 1, 1, 1)",102964266405
5,18,15,"(18, 15, 5)",col_strict,"(8, 1, 1, 1, 1, 1, 1, 1, 1, 1, 1, 1, 1, 1, 1, 1, 1, 1, 1, 1, 1, 1, 1, 1, 1, 1, 1, 1, 1, 1, 1)",301321455435
5,18,15,"(18, 15, 5)",col_strict,"(7, 1, 1, 1, 1, 1, 1, 1, 1, 1, 1, 1, 1, 1, 1, 1, 1, 1, 1, 1, 1, 1, 1, 1, 1, 1, 1, 1, 1, 1, 1, 1)",818696613735
5,18,15,"(18, 15, 5)",col_strict,"(6, 1, 1, 1, 1, 1, 1, 1, 1, 1, 1, 1, 1, 1, 1, 1, 1, 1, 1, 1, 1, 1, 1, 1, 1, 1, 1, 1, 1, 1, 1, 1, 1)",2071423514160
5,18,15,"(18, 15, 5)",col_strict,"(5, 1, 1, 1, 1, 1, 1, 1, 1, 1, 1, 1, 1, 1, 1, 1, 1, 1, 1, 1, 1, 1, 1, 1, 1, 1, 1, 1, 1, 1, 1, 1, 1, 1)",4879939070160
5,18,15,"(18, 15, 5)",col_strict,"(4, 1, 1, 1, 1, 1, 1, 1, 1, 1, 1, 1, 1, 1, 1, 1, 1, 1, 1, 1, 1, 1, 1, 1, 1, 1, 1, 1, 1, 1, 1, 1, 1, 1, 1)",10656965499840
5,18,15,"(18, 15, 5)",col_strict,"(3, 1, 1, 1, 1, 1, 1, 1, 1, 1, 1, 1, 1, 1, 1, 1, 1, 1, 1, 1, 1, 1, 1, 1, 1, 1, 1, 1, 1, 1, 1, 1, 1, 1, 1, 1)",21320310888030
5,18,15,"(18, 15, 5)",col_strict,"(2, 1, 1, 1, 1, 1, 1, 1, 1, 1, 1, 1, 1, 1, 1, 1, 1, 1, 1, 1, 1, 1, 1, 1, 1, 1, 1, 1, 1, 1, 1, 1, 1, 1, 1, 1, 1)",38022858588330
5,18,15,"(18, 15, 5)",col_strict,"(1, 1, 1, 1, 1, 1, 1, 1, 1, 1, 1, 1, 1, 1, 1, 1, 1, 1, 1, 1, 1, 1, 1, 1, 1, 1, 1, 1, 1, 1, 1, 1, 1, 1, 1, 1, 1, 1)",56511775026630
5,18,15,"(18, 15, 5)",two_part,"(36, 2)",0
5,18,15,"(18, 15, 5)",two_part,"(35, 3)",0
5,18,15,"(18, 15, 5)",two_part,"(34, 4)",0
5,18,15,"(18, 15, 5)",two_part,"(33, 5)",0
5,18,15,"(18, 15, 5)",two_part,"(32, 6)",0
5,18,15,"(18, 15, 5)",two_part,"(31, 7)",0
5,18,15,"(18, 15, 5)",two_part,"(30, 8)",0
5,18,15,"(18, 15, 5)",two_part,"(29, 9)",0
5,18,15,"(18, 15, 5)",two_part,"(28, 10)",0
5,18,15,"(18, 15, 5)",two_part,"(27, 11)",0
5,18,15,"(18, 15, 5)",two_part,"(26, 12)",0
5,18,15,"(18, 15, 5)",two_part,"(25, 13)",0
5,18,15,"(18, 15, 5)",two_part,"(24, 14)",0
5,18,15,"(18, 15, 5)",two_part,"(23, 15)",0
5,18,15,"(18, 15, 5)",two_part,"(22, 16)",0
5,18,15,"(18, 15, 5)",two_part,"(21, 17)",0
5,18,15,"(18, 15, 5)",two_part,"(20, 18)",0
5,18,15,"(18, 15, 5)",two_part,"(19, 19)",0
5,18,15,"(18, 15, 5)",hook_A,"(34, 2, 2)",0
5,18,15,"(18, 15, 5)",hook_A,"(32, 2, 2, 2)",0
5,18,15,"(18, 15, 5)",hook_A,"(30, 2, 2, 2, 2)",0
5,18,15,"(18, 15, 5)",hook_A,"(28, 2, 2, 2, 2, 2)",0
5,18,15,"(18, 15, 5)",hook_A,"(26, 2, 2, 2, 2, 2, 2)",0
5,18,15,"(18, 15, 5)",hook_A,"(24, 2, 2, 2, 2, 2, 2, 2)",0
5,18,15,"(18, 15, 5)",hook_A,"(22, 2, 2, 2, 2, 2, 2, 2, 2)",0
5,18,15,"(18, 15, 5)",hook_A,"(20, 2, 2, 2, 2, 2, 2, 2, 2, 2)",0
5,18,15,"(18, 15, 5)",hook_A,"(18, 2, 2, 2, 2, 2, 2, 2, 2, 2, 2)",837
5,18,15,"(18, 15, 5)",hook_A,"(16, 2, 2, 2, 2, 2, 2, 2, 2, 2, 2, 2)",69432
5,18,15,"(18, 15, 5)",hook_A,"(14, 2, 2, 2, 2, 2, 2, 2, 2, 2, 2, 2, 2)",1483086
5,18,15,"(18, 15, 5)",hook_A,"(12, 2, 2, 2, 2, 2, 2, 2, 2, 2, 2, 2, 2, 2)",17075916
5,18,15,"(18, 15, 5)",hook_A,"(10, 2, 2, 2, 2, 2, 2, 2, 2, 2, 2, 2, 2, 2, 2)",132207075
5,18,15,"(18, 15, 5)",hook_A,"(8, 2, 2, 2, 2, 2, 2, 2, 2, 2, 2, 2, 2, 2, 2, 2)",759398640
5,18,15,"(18, 15, 5)",hook_A,"(6, 2, 2, 2, 2, 2, 2, 2, 2, 2, 2, 2, 2, 2, 2, 2, 2)",3379215840
5,18,15,"(18, 15, 5)",hook_A,"(4, 2, 2, 2, 2, 2, 2, 2, 2, 2, 2, 2, 2, 2, 2, 2, 2, 2)",11626748936
5,18,15,"(18, 15, 5)",hook_A,"(2, 2, 2, 2, 2, 2, 2, 2, 2, 2, 2, 2, 2, 2, 2, 2, 2, 2, 2)",28233740403
5,19,6,"(19, 6, 5)",col_strict,"(30,)",0
5,19,6,"(19, 6, 5)",col_strict,"(29, 1)",0
5,19,6,"(19, 6, 5)",col_strict,"(28, 1, 1)",0
5,19,6,"(19, 6, 5)",col_strict,"(27, 1, 1, 1)",0
5,19,6,"(19, 6, 5)",col_strict,"(26, 1, 1, 1, 1)",0
5,19,6,"(19, 6, 5)",col_strict,"(25, 1, 1, 1, 1, 1)",0
5,19,6,"(19, 6, 5)",col_strict,"(24, 1, 1, 1, 1, 1, 1)",0
5,19,6,"(19, 6, 5)",col_strict,"(23, 1, 1, 1, 1, 1, 1, 1)",0
5,19,6,"(19, 6, 5)",col_strict,"(22, 1, 1, 1, 1, 1, 1, 1, 1)",0
5,19,6,"(19, 6, 5)",col_strict,"(21, 1, 1, 1, 1, 1, 1, 1, 1, 1)",0
5,19,6,"(19, 6, 5)",col_strict,"(20, 1, 1, 1, 1, 1, 1, 1, 1, 1, 1)",0
5,19,6,"(19, 6, 5)",col_strict,"(19, 1, 1, 1, 1, 1, 1, 1, 1, 1, 1, 1)",132
5,19,6,"(19, 6, 5)",col_strict,"(18, 1, 1, 1, 1, 1, 1, 1, 1, 1, 1, 1, 1)",1584
5,19,6,"(19, 6, 5)",col_strict,"(17, 1, 1, 1, 1, 1, 1, 1, 1, 1, 1, 1, 1, 1)",10296
5,19,6,"(19, 6, 5)",col_strict,"(16, 1, 1, 1, 1, 1, 1, 1, 1, 1, 1, 1, 1, 1, 1)",48048
5,19,6,"(19, 6, 5)",col_strict,"(15, 1, 1, 1, 1, 1, 1, 1, 1, 1, 1, 1, 1, 1, 1, 1)",180180
5,19,6,"(19, 6, 5)",col_strict,"(14, 1, 1, 1, 1, 1, 1, 1, 1, 1, 1, 1, 1, 1, 1, 1, 1)",576576
5,19,6,"(19, 6, 5)",col_strict,"(13, 1, 1, 1, 1, 1, 1, 1, 1, 1, 1, 1, 1, 1, 1, 1, 1, 1)",1633632
5,19,6,"(19, 6, 5)",col_strict,"(12, 1, 1, 1, 1, 1, 1, 1, 1, 1, 1, 1, 1, 1, 1, 1, 1, 1, 1)",4200768
5,19,6,"(19, 6, 5)",col_strict,"(11, 1, 1, 1, 1, 1, 1, 1, 1, 1, 1, 1, 1, 1, 1, 1, 1, 1, 1, 1)",9976824
5,19,6,"(19, 6, 5)",col_strict,"(10, 1, 1, 1, 1, 1, 1, 1, 1, 1, 1, 1, 1, 1, 1, 1, 1, 1, 1, 1, 1)",22170720
5,19,6,"(19, 6, 5)",col_strict,"(9, 1, 1, 1, 1, 1, 1, 1, 1, 1, 1, 1, 1, 1, 1, 1, 1, 1, 1, 1, 1, 1)",46558512
5,19,6,"(19, 6, 5)",col_strict,"(8, 1, 1, 1, 1, 1, 1, 1, 1, 1, 1, 1, 1, 1, 1, 1, 1, 1, 1, 1, 1, 1, 1)",93117024
5,19,6,"(19, 6, 5)",col_strict,"(7, 1, 1, 1, 1, 1, 1, 1, 1, 1, 1, 1, 1, 1, 1, 1, 1, 1, 1, 1, 1, 1, 1, 1)",178474296
5,19,6,"(19, 6, 5)",col_strict,"(6, 1, 1, 1, 1, 1, 1, 1, 1, 1, 1, 1, 1, 1, 1, 1, 1, 1, 1, 1, 1, 1, 1, 1, 1)",329491008
5,19,6,"(19, 6, 5)",col_strict,"(5, 1, 1, 1, 1, 1, 1, 1, 1, 1, 1, 1, 1, 1, 1, 1, 1, 1, 1, 1, 1, 1, 1, 1, 1, 1)",588336320
5,19,6,"(19, 6, 5)",col_strict,"(4, 1, 1, 1, 1, 1, 1, 1, 1, 1, 1, 1, 1, 1, 1, 1, 1, 1, 1, 1, 1, 1, 1, 1, 1, 1, 1)",1018800640
5,19,6,"(19, 6, 5)",col_strict,"(3, 1, 1, 1, 1, 1, 1, 1, 1, 1, 1, 1, 1, 1, 1, 1, 1, 1, 1, 1, 1, 1, 1, 1, 1, 1, 1, 1)",1707385680
5,19,6,"(19, 6, 5)",col_strict,"(2, 1, 1, 1, 1, 1, 1, 1, 1, 1, 1, 1, 1, 1, 1, 1, 1, 1, 1, 1, 1, 1, 1, 1, 1, 1, 1, 1, 1)",2718555840
5,19,6,"(19, 6, 5)",col_strict,"(1, 1, 1, 1, 1, 1, 1, 1, 1, 1, 1, 1, 1, 1, 1, 1, 1, 1, 1, 1, 1, 1, 1, 1, 1, 1, 1, 1, 1, 1)",3845761920
5,19,6,"(19, 6, 5)",two_part,"(28, 2)",0
5,19,6,"(19, 6, 5)",two_part,"(27, 3)",0
5,19,6,"(19, 6, 5)",two_part,"(26, 4)",0
5,19,6,"(19, 6, 5)",two_part,"(25, 5)",0
5,19,6,"(19, 6, 5)",two_part,"(24, 6)",0
5,19,6,"(19, 6, 5)",two_part,"(23, 7)",0
5,19,6,"(19, 6, 5)",two_part,"(22, 8)",0
5,19,6,"(19, 6, 5)",two_part,"(21, 9)",0
5,19,6,"(19, 6, 5)",two_part,"(20, 10)",0
5,19,6,"(19, 6, 5)",two_part,"(19, 11)",0
5,19,6,"(19, 6, 5)",two_part,"(18, 12)",0
5,19,6,"(19, 6, 5)",two_part,"(17, 13)",0
5,19,6,"(19, 6, 5)",two_part,"(16, 14)",0
5,19,6,"(19, 6, 5)",two_part,"(15, 15)",0
5,19,6,"(19, 6, 5)",hook_A,"(26, 2, 2)",0
5,19,6,"(19, 6, 5)",hook_A,"(24, 2, 2, 2)",0
5,19,6,"(19, 6, 5)",hook_A,"(22, 2, 2, 2, 2)",0
5,19,6,"(19, 6, 5)",hook_A,"(20, 2, 2, 2, 2, 2)",0
5,19,6,"(19, 6, 5)",hook_A,"(18, 2, 2, 2, 2, 2, 2)",126
5,19,6,"(19, 6, 5)",hook_A,"(16, 2, 2, 2, 2, 2, 2, 2)",1932
5,19,6,"(19, 6, 5)",hook_A,"(14, 2, 2, 2, 2, 2, 2, 2, 2)",14336
5,19,6,"(19, 6, 5)",hook_A,"(12, 2, 2, 2, 2, 2, 2, 2, 2, 2)",72288
5,19,6,"(19, 6, 5)",hook_A,"(10, 2, 2, 2, 2, 2, 2, 2, 2, 2, 2)",284040
5,19,6,"(19, 6, 5)",hook_A,"(8, 2, 2, 2, 2, 2, 2, 2, 2, 2, 2, 2)",934824
5,19,6,"(19, 6, 5)",hook_A,"(6, 2, 2, 2, 2, 2, 2, 2, 2, 2, 2, 2, 2)",2692008
5,19,6,"(19, 6, 5)",hook_A,"(4, 2, 2, 2, 2, 2, 2, 2, 2, 2, 2, 2, 2, 2)",6940648
5,19,6,"(19, 6, 5)",hook_A,"(2, 2, 2, 2, 2, 2, 2, 2, 2, 2, 2, 2, 2, 2, 2)",14970956
5,19,8,"(19, 8, 5)",col_strict,"(32,)",0
5,19,8,"(19, 8, 5)",col_strict,"(31, 1)",0
5,19,8,"(19, 8, 5)",col_strict,"(30, 1, 1)",0
5,19,8,"(19, 8, 5)",col_strict,"(29, 1, 1, 1)",0
5,19,8,"(19, 8, 5)",col_strict,"(28, 1, 1, 1, 1)",0
5,19,8,"(19, 8, 5)",col_strict,"(27, 1, 1, 1, 1, 1)",0
5,19,8,"(19, 8, 5)",col_strict,"(26, 1, 1, 1, 1, 1, 1)",0
5,19,8,"(19, 8, 5)",col_strict,"(25, 1, 1, 1, 1, 1, 1, 1)",0
5,19,8,"(19, 8, 5)",col_strict,"(24, 1, 1, 1, 1, 1, 1, 1, 1)",0
5,19,8,"(19, 8, 5)",col_strict,"(23, 1, 1, 1, 1, 1, 1, 1, 1, 1)",0
5,19,8,"(19, 8, 5)",col_strict,"(22, 1, 1, 1, 1, 1, 1, 1, 1, 1, 1)",0
5,19,8,"(19, 8, 5)",col_strict,"(21, 1, 1, 1, 1, 1, 1, 1, 1, 1, 1, 1)",0
5,19,8,"(19, 8, 5)",col_strict,"(20, 1, 1, 1, 1, 1, 1, 1, 1, 1, 1, 1, 1)",0
5,19,8,"(19, 8, 5)",col_strict,"(19, 1, 1, 1, 1, 1, 1, 1, 1, 1, 1, 1, 1, 1)",572
5,19,8,"(19, 8, 5)",col_strict,"(18, 1, 1, 1, 1, 1, 1, 1, 1, 1, 1, 1, 1, 1, 1)",8008
5,19,8,"(19, 8, 5)",col_strict,"(17, 1, 1, 1, 1, 1, 1, 1, 1, 1, 1, 1, 1, 1, 1, 1)",60060
5,19,8,"(19, 8, 5)",col_strict,"(16, 1, 1, 1, 1, 1, 1, 1, 1, 1, 1, 1, 1, 1, 1, 1, 1)",320320
5,19,8,"(19, 8, 5)",col_strict,"(15, 1, 1, 1, 1, 1, 1, 1, 1, 1, 1, 1, 1, 1, 1, 1, 1, 1)",1361360
5,19,8,"(19, 8, 5)",col_strict,"(14, 1, 1, 1, 1, 1, 1, 1, 1, 1, 1, 1, 1, 1, 1, 1, 1, 1, 1)",4900896
5,19,8,"(19, 8, 5)",col_strict,"(13, 1, 1, 1, 1, 1, 1, 1, 1, 1, 1, 1, 1, 1, 1, 1, 1, 1, 1, 1)",15519504
5,19,8,"(19, 8, 5)",col_strict,"(12, 1, 1, 1, 1, 1, 1, 1, 1, 1, 1, 1, 1, 1, 1, 1, 1, 1, 1, 1, 1)",44341440
5,19,8,"(19, 8, 5)",col_strict,"(11, 1, 1, 1, 1, 1, 1, 1, 1, 1, 1, 1, 1, 1, 1, 1, 1, 1, 1, 1, 1, 1)",116396280
5,19,8,"(19, 8, 5)",col_strict,"(10, 1, 1, 1, 1, 1, 1, 1, 1, 1, 1, 1, 1, 1, 1, 1, 1, 1, 1, 1, 1, 1, 1)",284524240
5,19,8,"(19, 8, 5)",col_strict,"(9, 1, 1, 1, 1, 1, 1, 1, 1, 1, 1, 1, 1, 1, 1, 1, 1, 1, 1, 1, 1, 1, 1, 1)",654405752
5,19,8,"(19, 8, 5)",col_strict,"(8, 1, 1, 1, 1, 1, 1, 1, 1, 1, 1, 1, 1, 1, 1, 1, 1, 1, 1, 1, 1, 1, 1, 1, 1)",1427794368
5,19,8,"(19, 8, 5)",col_strict,"(7, 1, 1, 1, 1, 1, 1, 1, 1, 1, 1, 1, 1, 1, 1, 1, 1, 1, 1, 1, 1, 1, 1, 1, 1, 1)",2974531120
5,19,8,"(19, 8, 5)",col_strict,"(6, 1, 1, 1, 1, 1, 1, 1, 1, 1, 1, 1, 1, 1, 1, 1, 1, 1, 1, 1, 1, 1, 1, 1, 1, 1, 1)",5948090720
5,19,8,"(19, 8, 5)",col_strict,"(5, 1, 1, 1, 1, 1, 1, 1, 1, 1, 1, 1, 1, 1, 1, 1, 1, 1, 1, 1, 1, 1, 1, 1, 1, 1, 1, 1)",11459139120
5,19,8,"(19, 8, 5)",col_strict,"(4, 1, 1, 1, 1, 1, 1, 1, 1, 1, 1, 1, 1, 1, 1, 1, 1, 1, 1, 1, 1, 1, 1, 1, 1, 1, 1, 1, 1)",21284303040
5,19,8,"(19, 8, 5)",col_strict,"(3, 1, 1, 1, 1, 1, 1, 1, 1, 1, 1, 1, 1, 1, 1, 1, 1, 1, 1, 1, 1, 1, 1, 1, 1, 1, 1, 1, 1, 1)",37862441760
5,19,8,"(19, 8, 5)",col_strict,"(2, 1, 1, 1, 1, 1, 1, 1, 1, 1, 1, 1, 1, 1, 1, 1, 1, 1, 1, 1, 1, 1, 1, 1, 1, 1, 1, 1, 1, 1, 1)",62905677120
5,19,8,"(19, 8, 5)",col_strict,"(1, 1, 1, 1, 1, 1, 1, 1, 1, 1, 1, 1, 1, 1, 1, 1, 1, 1, 1, 1, 1, 1, 1, 1, 1, 1, 1, 1, 1, 1, 1, 1)",90833233920
5,19,8,"(19, 8, 5)",two_part,"(30, 2)",0
5,19,8,"(19, 8, 5)",two_part,"(29, 3)",0
5,19,8,"(19, 8, 5)",two_part,"(28, 4)",0
5,19,8,"(19, 8, 5)",two_part,"(27, 5)",0
5,19,8,"(19, 8, 5)",two_part,"(26, 6)",0
5,19,8,"(19, 8, 5)",two_part,"(25, 7)",0
5,19,8,"(19, 8, 5)",two_part,"(24, 8)",0
5,19,8,"(19, 8, 5)",two_part,"(23, 9)",0
5,19,8,"(19, 8, 5)",two_part,"(22, 10)",0
5,19,8,"(19, 8, 5)",two_part,"(21, 11)",0
5,19,8,"(19, 8, 5)",two_part,"(20, 12)",0
5,19,8,"(19, 8, 5)",two_part,"(19, 13)",0
5,19,8,"(19, 8, 5)",two_part,"(18, 14)",0
5,19,8,"(19, 8, 5)",two_part,"(17, 15)",0
5,19,8,"(19, 8, 5)",two_part,"(16, 16)",0
5,19,8,"(19, 8, 5)",hook_A,"(28, 2, 2)",0
5,19,8,"(19, 8, 5)",hook_A,"(26, 2, 2, 2)",0
5,19,8,"(19, 8, 5)",hook_A,"(24, 2, 2, 2, 2)",0
5,19,8,"(19, 8, 5)",hook_A,"(22, 2, 2, 2, 2, 2)",0
5,19,8,"(19, 8, 5)",hook_A,"(20, 2, 2, 2, 2, 2, 2)",0
5,19,8,"(19, 8, 5)",hook_A,"(18, 2, 2, 2, 2, 2, 2, 2)",532
5,19,8,"(19, 8, 5)",hook_A,"(16, 2, 2, 2, 2, 2, 2, 2, 2)",10192
5,19,8,"(19, 8, 5)",hook_A,"(14, 2, 2, 2, 2, 2, 2, 2, 2, 2)",91224
5,19,8,"(19, 8, 5)",hook_A,"(12, 2, 2, 2, 2, 2, 2, 2, 2, 2, 2)",542280
5,19,8,"(19, 8, 5)",hook_A,"(10, 2, 2, 2, 2, 2, 2, 2, 2, 2, 2, 2)",2469830
5,19,8,"(19, 8, 5)",hook_A,"(8, 2, 2, 2, 2, 2, 2, 2, 2, 2, 2, 2, 2)",9297948
5,19,8,"(19, 8, 5)",hook_A,"(6, 2, 2, 2, 2, 2, 2, 2, 2, 2, 2, 2, 2, 2)",30258228
5,19,8,"(19, 8, 5)",hook_A,"(4, 2, 2, 2, 2, 2, 2, 2, 2, 2, 2, 2, 2, 2, 2)",86130044
5,19,8,"(19, 8, 5)",hook_A,"(2, 2, 2, 2, 2, 2, 2, 2, 2, 2, 2, 2, 2, 2, 2, 2)",195239616
5,19,10,"(19, 10, 5)",col_strict,"(34,)",0
5,19,10,"(19, 10, 5)",col_strict,"(33, 1)",0
5,19,10,"(19, 10, 5)",col_strict,"(32, 1, 1)",0
5,19,10,"(19, 10, 5)",col_strict,"(31, 1, 1, 1)",0
5,19,10,"(19, 10, 5)",col_strict,"(30, 1, 1, 1, 1)",0
5,19,10,"(19, 10, 5)",col_strict,"(29, 1, 1, 1, 1, 1)",0
5,19,10,"(19, 10, 5)",col_strict,"(28, 1, 1, 1, 1, 1, 1)",0
5,19,10,"(19, 10, 5)",col_strict,"(27, 1, 1, 1, 1, 1, 1, 1)",0
5,19,10,"(19, 10, 5)",col_strict,"(26, 1, 1, 1, 1, 1, 1, 1, 1)",0
5,19,10,"(19, 10, 5)",col_strict,"(25, 1, 1, 1, 1, 1, 1, 1, 1, 1)",0
5,19,10,"(19, 10, 5)",col_strict,"(24, 1, 1, 1, 1, 1, 1, 1, 1, 1, 1)",0
5,19,10,"(19, 10, 5)",col_strict,"(23, 1, 1, 1, 1, 1, 1, 1, 1, 1, 1, 1)",0
5,19,10,"(19, 10, 5)",col_strict,"(22, 1, 1, 1, 1, 1, 1, 1, 1, 1, 1, 1, 1)",0
5,19,10,"(19, 10, 5)",col_strict,"(21, 1, 1, 1, 1, 1, 1, 1, 1, 1, 1, 1, 1, 1)",0
5,19,10,"(19, 10, 5)",col_strict,"(20, 1, 1, 1, 1, 1, 1, 1, 1, 1, 1, 1, 1, 1, 1)",0
5,19,10,"(19, 10, 5)",col_strict,"(19, 1, 1, 1, 1, 1, 1, 1, 1, 1, 1, 1, 1, 1, 1, 1)",1638
5,19,10,"(19, 10, 5)",col_strict,"(18, 1, 1, 1, 1, 1, 1, 1, 1, 1, 1, 1, 1, 1, 1, 1, 1)",26208
5,19,10,"(19, 10, 5)",col_strict,"(17, 1, 1, 1, 1, 1, 1, 1, 1, 1, 1, 1, 1, 1, 1, 1, 1, 1)",222768
5,19,10,"(19, 10, 5)",col_strict,"(16, 1, 1, 1, 1, 1, 1, 1, 1, 1, 1, 1, 1, 1, 1, 1, 1, 1, 1)",1336608
5,19,10,"(19, 10, 5)",col_strict,"(15, 1, 1, 1, 1, 1, 1, 1, 1, 1, 1, 1, 1, 1, 1, 1, 1, 1, 1, 1)",6348888
5,19,10,"(19, 10, 5)",col_strict,"(14, 1, 1, 1, 1, 1, 1, 1, 1, 1, 1, 1, 1, 1, 1, 1, 1, 1, 1, 1, 1)",25395552
5,19,10,"(19, 10, 5)",col_strict,"(13, 1, 1, 1, 1, 1, 1, 1, 1, 1, 1, 1, 1, 1, 1, 1, 1, 1, 1, 1, 1, 1)",88884432
5,19,10,"(19, 10, 5)",col_strict,"(12, 1, 1, 1, 1, 1, 1, 1, 1, 1, 1, 1, 1, 1, 1, 1, 1, 1, 1, 1, 1, 1, 1)",279351072
5,19,10,"(19, 10, 5)",col_strict,"(11, 1, 1, 1, 1, 1, 1, 1, 1, 1, 1, 1, 1, 1, 1, 1, 1, 1, 1, 1, 1, 1, 1, 1)",803134332
5,19,10,"(19, 10, 5)",col_strict,"(10, 1, 1, 1, 1, 1, 1, 1, 1, 1, 1, 1, 1, 1, 1, 1, 1, 1, 1, 1, 1, 1, 1, 1, 1)",2141691552
5,19,10,"(19, 10, 5)",col_strict,"(9, 1, 1, 1, 1, 1, 1, 1, 1, 1, 1, 1, 1, 1, 1, 1, 1, 1, 1, 1, 1, 1, 1, 1, 1, 1)",5354188400
5,19,10,"(19, 10, 5)",col_strict,"(8, 1, 1, 1, 1, 1, 1, 1, 1, 1, 1, 1, 1, 1, 1, 1, 1, 1, 1, 1, 1, 1, 1, 1, 1, 1, 1)",12654397600
5,19,10,"(19, 10, 5)",col_strict,"(7, 1, 1, 1, 1, 1, 1, 1, 1, 1, 1, 1, 1, 1, 1, 1, 1, 1, 1, 1, 1, 1, 1, 1, 1, 1, 1, 1)",28460554200
5,19,10,"(19, 10, 5)",col_strict,"(6, 1, 1, 1, 1, 1, 1, 1, 1, 1, 1, 1, 1, 1, 1, 1, 1, 1, 1, 1, 1, 1, 1, 1, 1, 1, 1, 1, 1)",61197645600
5,19,10,"(19, 10, 5)",col_strict,"(5, 1, 1, 1, 1, 1, 1, 1, 1, 1, 1, 1, 1, 1, 1, 1, 1, 1, 1, 1, 1, 1, 1, 1, 1, 1, 1, 1, 1, 1)",126079808400
5,19,10,"(19, 10, 5)",col_strict,"(4, 1, 1, 1, 1, 1, 1, 1, 1, 1, 1, 1, 1, 1, 1, 1, 1, 1, 1, 1, 1, 1, 1, 1, 1, 1, 1, 1, 1, 1, 1)",248313854880
5,19,10,"(19, 10, 5)",col_strict,"(3, 1, 1, 1, 1, 1, 1, 1, 1, 1, 1, 1, 1, 1, 1, 1, 1, 1, 1, 1, 1, 1, 1, 1, 1, 1, 1, 1, 1, 1, 1, 1)",462520504680
5,19,10,"(19, 10, 5)",col_strict,"(2, 1, 1, 1, 1, 1, 1, 1, 1, 1, 1, 1, 1, 1, 1, 1, 1, 1, 1, 1, 1, 1, 1, 1, 1, 1, 1, 1, 1, 1, 1, 1, 1)",791694209280
5,19,10,"(19, 10, 5)",col_strict,"(1, 1, 1, 1, 1, 1, 1, 1, 1, 1, 1, 1, 1, 1, 1, 1, 1, 1, 1, 1, 1, 1, 1, 1, 1, 1, 1, 1, 1, 1, 1, 1, 1, 1)",1158123732480
5,19,10,"(19, 10, 5)",two_part,"(32, 2)",0
5,19,10,"(19, 10, 5)",two_part,"(31, 3)",0
5,19,10,"(19, 10, 5)",two_part,"(30, 4)",0
5,19,10,"(19, 10, 5)",two_part,"(29, 5)",0
5,19,10,"(19, 10, 5)",two_part,"(28, 6)",0
5,19,10,"(19, 10, 5)",two_part,"(27, 7)",0
5,19,10,"(19, 10, 5)",two_part,"(26, 8)",0
5,19,10,"(19, 10, 5)",two_part,"(25, 9)",0
5,19,10,"(19, 10, 5)",two_part,"(24, 10)",0
5,19,10,"(19, 10, 5)",two_part,"(23, 11)",0
5,19,10,"(19, 10, 5)",two_part,"(22, 12)",0
5,19,10,"(19, 10, 5)",two_part,"(21, 13)",0
5,19,10,"(19, 10, 5)",two_part,"(20, 14)",0
5,19,10,"(19, 10, 5)",two_part,"(19, 15)",0
5,19,10,"(19, 10, 5)",two_part,"(18, 16)",0
5,19,10,"(19, 10, 5)",two_part,"(17, 17)",0
5,19,10,"(19, 10, 5)",hook_A,"(30, 2, 2)",0
5,19,10,"(19, 10, 5)",hook_A,"(28, 2, 2, 2)",0
5,19,10,"(19, 10, 5)",hook_A,"(26, 2, 2, 2, 2)",0
5,19,10,"(19, 10, 5)",hook_A,"(24, 2, 2, 2, 2, 2)",0
5,19,10,"(19, 10, 5)",hook_A,"(22, 2, 2, 2, 2, 2, 2)",0
5,19,10,"(19, 10, 5)",hook_A,"(20, 2, 2, 2, 2, 2, 2, 2)",0
5,19,10,"(19, 10, 5)",hook_A,"(18, 2, 2, 2, 2, 2, 2, 2, 2)",1512
5,19,10,"(19, 10, 5)",hook_A,"(16, 2, 2, 2, 2, 2, 2, 2, 2, 2)",35280
5,19,10,"(19, 10, 5)",hook_A,"(14, 2, 2, 2, 2, 2, 2, 2, 2, 2, 2)",373464
5,19,10,"(19, 10, 5)",hook_A,"(12, 2, 2, 2, 2, 2, 2, 2, 2, 2, 2, 2)",2575584
5,19,10,"(19, 10, 5)",hook_A,"(10, 2, 2, 2, 2, 2, 2, 2, 2, 2, 2, 2, 2)",13415424
5,19,10,"(19, 10, 5)",hook_A,"(8, 2, 2, 2, 2, 2, 2, 2, 2, 2, 2, 2, 2, 2)",57065788
5,19,10,"(19, 10, 5)",hook_A,"(6, 2, 2, 2, 2, 2, 2, 2, 2, 2, 2, 2, 2, 2, 2)",206482094
5,19,10,"(19, 10, 5)",hook_A,"(4, 2, 2, 2, 2, 2, 2, 2, 2, 2, 2, 2, 2, 2, 2, 2)",633598056
5,19,10,"(19, 10, 5)",hook_A,"(2, 2, 2, 2, 2, 2, 2, 2, 2, 2, 2, 2, 2, 2, 2, 2, 2)",1481870416
5,19,12,"(19, 12, 5)",col_strict,"(36,)",0
5,19,12,"(19, 12, 5)",col_strict,"(35, 1)",0
5,19,12,"(19, 12, 5)",col_strict,"(34, 1, 1)",0
5,19,12,"(19, 12, 5)",col_strict,"(33, 1, 1, 1)",0
5,19,12,"(19, 12, 5)",col_strict,"(32, 1, 1, 1, 1)",0
5,19,12,"(19, 12, 5)",col_strict,"(31, 1, 1, 1, 1, 1)",0
5,19,12,"(19, 12, 5)",col_strict,"(30, 1, 1, 1, 1, 1, 1)",0
5,19,12,"(19, 12, 5)",col_strict,"(29, 1, 1, 1, 1, 1, 1, 1)",0
5,19,12,"(19, 12, 5)",col_strict,"(28, 1, 1, 1, 1, 1, 1, 1, 1)",0
5,19,12,"(19, 12, 5)",col_strict,"(27, 1, 1, 1, 1, 1, 1, 1, 1, 1)",0
5,19,12,"(19, 12, 5)",col_strict,"(26, 1, 1, 1, 1, 1, 1, 1, 1, 1, 1)",0
5,19,12,"(19, 12, 5)",col_strict,"(25, 1, 1, 1, 1, 1, 1, 1, 1, 1, 1, 1)",0
5,19,12,"(19, 12, 5)",col_strict,"(24, 1, 1, 1, 1, 1, 1, 1, 1, 1, 1, 1, 1)",0
5,19,12,"(19, 12, 5)",col_strict,"(23, 1, 1, 1, 1, 1, 1, 1, 1, 1, 1, 1, 1, 1)",0
5,19,12,"(19, 12, 5)",col_strict,"(22, 1, 1, 1, 1, 1, 1, 1, 1, 1, 1, 1, 1, 1, 1)",0
5,19,12,"(19, 12, 5)",col_strict,"(21, 1, 1, 1, 1, 1, 1, 1, 1, 1, 1, 1, 1, 1, 1, 1)",0
5,19,12,"(19, 12, 5)",col_strict,"(20, 1, 1, 1, 1, 1, 1, 1, 1, 1, 1, 1, 1, 1, 1, 1, 1)",0
5,19,12,"(19, 12, 5)",col_strict,"(19, 1, 1, 1, 1, 1, 1, 1, 1, 1, 1, 1, 1, 1, 1, 1, 1, 1)",3808
5,19,12,"(19, 12, 5)",col_strict,"(18, 1, 1, 1, 1, 1, 1, 1, 1, 1, 1, 1, 1, 1, 1, 1, 1, 1, 1)",68544
5,19,12,"(19, 12, 5)",col_strict,"(17, 1, 1, 1, 1, 1, 1, 1, 1, 1, 1, 1, 1, 1, 1, 1, 1, 1, 1, 1)",651168
5,19,12,"(19, 12, 5)",col_strict,"(16, 1, 1, 1, 1, 1, 1, 1, 1, 1, 1, 1, 1, 1, 1, 1, 1, 1, 1, 1, 1)",4341120
5,19,12,"(19, 12, 5)",col_strict,"(15, 1, 1, 1, 1, 1, 1, 1, 1, 1, 1, 1, 1, 1, 1, 1, 1, 1, 1, 1, 1, 1)",22790880
5,19,12,"(19, 12, 5)",col_strict,"(14, 1, 1, 1, 1, 1, 1, 1, 1, 1, 1, 1, 1, 1, 1, 1, 1, 1, 1, 1, 1, 1, 1)",100279872
5,19,12,"(19, 12, 5)",col_strict,"(13, 1, 1, 1, 1, 1, 1, 1, 1, 1, 1, 1, 1, 1, 1, 1, 1, 1, 1, 1, 1, 1, 1, 1)",384406176
5,19,12,"(19, 12, 5)",col_strict,"(12, 1, 1, 1, 1, 1, 1, 1, 1, 1, 1, 1, 1, 1, 1, 1, 1, 1, 1, 1, 1, 1, 1, 1, 1)",1317964032
5,19,12,"(19, 12, 5)",col_strict,"(11, 1, 1, 1, 1, 1, 1, 1, 1, 1, 1, 1, 1, 1, 1, 1, 1, 1, 1, 1, 1, 1, 1, 1, 1, 1)",4118597120
5,19,12,"(19, 12, 5)",col_strict,"(10, 1, 1, 1, 1, 1, 1, 1, 1, 1, 1, 1, 1, 1, 1, 1, 1, 1, 1, 1, 1, 1, 1, 1, 1, 1, 1)",11897233920
5,19,12,"(19, 12, 5)",col_strict,"(9, 1, 1, 1, 1, 1, 1, 1, 1, 1, 1, 1, 1, 1, 1, 1, 1, 1, 1, 1, 1, 1, 1, 1, 1, 1, 1, 1)",32111164800
5,19,12,"(19, 12, 5)",col_strict,"(8, 1, 1, 1, 1, 1, 1, 1, 1, 1, 1, 1, 1, 1, 1, 1, 1, 1, 1, 1, 1, 1, 1, 1, 1, 1, 1, 1, 1)",81641064960
5,19,12,"(19, 12, 5)",col_strict,"(7, 1, 1, 1, 1, 1, 1, 1, 1, 1, 1, 1, 1, 1, 1, 1, 1, 1, 1, 1, 1, 1, 1, 1, 1, 1, 1, 1, 1, 1)",196658280000
5,19,12,"(19, 12, 5)",col_strict,"(6, 1, 1, 1, 1, 1, 1, 1, 1, 1, 1, 1, 1, 1, 1, 1, 1, 1, 1, 1, 1, 1, 1, 1, 1, 1, 1, 1, 1, 1, 1)",450276865920
5,19,12,"(19, 12, 5)",col_strict,"(5, 1, 1, 1, 1, 1, 1, 1, 1, 1, 1, 1, 1, 1, 1, 1, 1, 1, 1, 1, 1, 1, 1, 1, 1, 1, 1, 1, 1, 1, 1, 1)",980010400320
5,19,12,"(19, 12, 5)",col_strict,"(4, 1, 1, 1, 1, 1, 1, 1, 1, 1, 1, 1, 1, 1, 1, 1, 1, 1, 1, 1, 1, 1, 1, 1, 1, 1, 1, 1, 1, 1, 1, 1, 1)",2018022266880
5,19,12,"(19, 12, 5)",col_strict,"(3, 1, 1, 1, 1, 1, 1, 1, 1, 1, 1, 1, 1, 1, 1, 1, 1, 1, 1, 1, 1, 1, 1, 1, 1, 1, 1, 1, 1, 1, 1, 1, 1, 1)",3881373957120
5,19,12,"(19, 12, 5)",col_strict,"(2, 1, 1, 1, 1, 1, 1, 1, 1, 1, 1, 1, 1, 1, 1, 1, 1, 1, 1, 1, 1, 1, 1, 1, 1, 1, 1, 1, 1, 1, 1, 1, 1, 1, 1)",6770569512960
5,19,12,"(19, 12, 5)",col_strict,"(1, 1, 1, 1, 1, 1, 1, 1, 1, 1, 1, 1, 1, 1, 1, 1, 1, 1, 1, 1, 1, 1, 1, 1, 1, 1, 1, 1, 1, 1, 1, 1, 1, 1, 1, 1)",9977681387520
5,19,12,"(19, 12, 5)",two_part,"(34, 2)",0
5,19,12,"(19, 12, 5)",two_part,"(33, 3)",0
5,19,12,"(19, 12, 5)",two_part,"(32, 4)",0
5,19,12,"(19, 12, 5)",two_part,"(31, 5)",0
5,19,12,"(19, 12, 5)",two_part,"(30, 6)",0
5,19,12,"(19, 12, 5)",two_part,"(29, 7)",0
5,19,12,"(19, 12, 5)",two_part,"(28, 8)",0
5,19,12,"(19, 12, 5)",two_part,"(27, 9)",0
5,19,12,"(19, 12, 5)",two_part,"(26, 10)",0
5,19,12,"(19, 12, 5)",two_part,"(25, 11)",0
5,19,12,"(19, 12, 5)",two_part,"(24, 12)",0
5,19,12,"(19, 12, 5)",two_part,"(23, 13)",0
5,19,12,"(19, 12, 5)",two_part,"(22, 14)",0
5,19,12,"(19, 12, 5)",two_part,"(21, 15)",0
5,19,12,"(19, 12, 5)",two_part,"(20, 16)",0
5,19,12,"(19, 12, 5)",two_part,"(19, 17)",0
5,19,12,"(19, 12, 5)",two_part,"(18, 18)",0
5,19,12,"(19, 12, 5)",hook_A,"(32, 2, 2)",0
5,19,12,"(19, 12, 5)",hook_A,"(30, 2, 2, 2)",0
5,19,12,"(19, 12, 5)",hook_A,"(28, 2, 2, 2, 2)",0
5,19,12,"(19, 12, 5)",hook_A,"(26, 2, 2, 2, 2, 2)",0
5,19,12,"(19, 12, 5)",hook_A,"(24, 2, 2, 2, 2, 2, 2)",0
5,19,12,"(19, 12, 5)",hook_A,"(22, 2, 2, 2, 2, 2, 2, 2)",0
5,19,12,"(19, 12, 5)",hook_A,"(20, 2, 2, 2, 2, 2, 2, 2, 2)",0
5,19,12,"(19, 12, 5)",hook_A,"(18, 2, 2, 2, 2, 2, 2, 2, 2, 2)",3528
5,19,12,"(19, 12, 5)",hook_A,"(16, 2, 2, 2, 2, 2, 2, 2, 2, 2, 2)",98280
5,19,12,"(19, 12, 5)",hook_A,"(14, 2, 2, 2, 2, 2, 2, 2, 2, 2, 2, 2)",1211364
5,19,12,"(19, 12, 5)",hook_A,"(12, 2, 2, 2, 2, 2, 2, 2, 2, 2, 2, 2, 2)",9568152
5,19,12,"(19, 12, 5)",hook_A,"(10, 2, 2, 2, 2, 2, 2, 2, 2, 2, 2, 2, 2, 2)",56337424
5,19,12,"(19, 12, 5)",hook_A,"(8, 2, 2, 2, 2, 2, 2, 2, 2, 2, 2, 2, 2, 2, 2)",266829472
5,19,12,"(19, 12, 5)",hook_A,"(6, 2, 2, 2, 2, 2, 2, 2, 2, 2, 2, 2, 2, 2, 2, 2)",1049978916
5,19,12,"(19, 12, 5)",hook_A,"(4, 2, 2, 2, 2, 2, 2, 2, 2, 2, 2, 2, 2, 2, 2, 2, 2)",3389126176
5,19,12,"(19, 12, 5)",hook_A,"(2, 2, 2, 2, 2, 2, 2, 2, 2, 2, 2, 2, 2, 2, 2, 2, 2, 2)",8063388864
5,19,14,"(19, 14, 5)",col_strict,"(38,)",0
5,19,14,"(19, 14, 5)",col_strict,"(37, 1)",0
5,19,14,"(19, 14, 5)",col_strict,"(36, 1, 1)",0
5,19,14,"(19, 14, 5)",col_strict,"(35, 1, 1, 1)",0
5,19,14,"(19, 14, 5)",col_strict,"(34, 1, 1, 1, 1)",0
5,19,14,"(19, 14, 5)",col_strict,"(33, 1, 1, 1, 1, 1)",0
5,19,14,"(19, 14, 5)",col_strict,"(32, 1, 1, 1, 1, 1, 1)",0
5,19,14,"(19, 14, 5)",col_strict,"(31, 1, 1, 1, 1, 1, 1, 1)",0
5,19,14,"(19, 14, 5)",col_strict,"(30, 1, 1, 1, 1, 1, 1, 1, 1)",0
5,19,14,"(19, 14, 5)",col_strict,"(29, 1, 1, 1, 1, 1, 1, 1, 1, 1)",0
5,19,14,"(19, 14, 5)",col_strict,"(28, 1, 1, 1, 1, 1, 1, 1, 1, 1, 1)",0
5,19,14,"(19, 14, 5)",col_strict,"(27, 1, 1, 1, 1, 1, 1, 1, 1, 1, 1, 1)",0
5,19,14,"(19, 14, 5)",col_strict,"(26, 1, 1, 1, 1, 1, 1, 1, 1, 1, 1, 1, 1)",0
5,19,14,"(19, 14, 5)",col_strict,"(25, 1, 1, 1, 1, 1, 1, 1, 1, 1, 1, 1, 1, 1)",0
5,19,14,"(19, 14, 5)",col_strict,"(24, 1, 1, 1, 1, 1, 1, 1, 1, 1, 1, 1, 1, 1, 1)",0
5,19,14,"(19, 14, 5)",col_strict,"(23, 1, 1, 1, 1, 1, 1, 1, 1, 1, 1, 1, 1, 1, 1, 1)",0
5,19,14,"(19, 14, 5)",col_strict,"(22, 1, 1, 1, 1, 1, 1, 1, 1, 1, 1, 1, 1, 1, 1, 1, 1)",0
5,19,14,"(19, 14, 5)",col_strict,"(21, 1, 1, 1, 1, 1, 1, 1, 1, 1, 1, 1, 1, 1, 1, 1, 1, 1)",0
5,19,14,"(19, 14, 5)",col_strict,"(20, 1, 1, 1, 1, 1, 1, 1, 1, 1, 1, 1, 1, 1, 1, 1, 1, 1, 1)",0
5,19,14,"(19, 14, 5)",col_strict,"(19, 1, 1, 1, 1, 1, 1, 1, 1, 1, 1, 1, 1, 1, 1, 1, 1, 1, 1, 1)",7752
5,19,14,"(19, 14, 5)",col_strict,"(18, 1, 1, 1, 1, 1, 1, 1, 1, 1, 1, 1, 1, 1, 1, 1, 1, 1, 1, 1, 1)",155040
5,19,14,"(19, 14, 5)",col_strict,"(17, 1, 1, 1, 1, 1, 1, 1, 1, 1, 1, 1, 1, 1, 1, 1, 1, 1, 1, 1, 1, 1)",1627920
5,19,14,"(19, 14, 5)",col_strict,"(16, 1, 1, 1, 1, 1, 1, 1, 1, 1, 1, 1, 1, 1, 1, 1, 1, 1, 1, 1, 1, 1, 1)",11938080
5,19,14,"(19, 14, 5)",col_strict,"(15, 1, 1, 1, 1, 1, 1, 1, 1, 1, 1, 1, 1, 1, 1, 1, 1, 1, 1, 1, 1, 1, 1, 1)",68643960
5,19,14,"(19, 14, 5)",col_strict,"(14, 1, 1, 1, 1, 1, 1, 1, 1, 1, 1, 1, 1, 1, 1, 1, 1, 1, 1, 1, 1, 1, 1, 1, 1)",329491008
5,19,14,"(19, 14, 5)",col_strict,"(13, 1, 1, 1, 1, 1, 1, 1, 1, 1, 1, 1, 1, 1, 1, 1, 1, 1, 1, 1, 1, 1, 1, 1, 1, 1)",1372838720
5,19,14,"(19, 14, 5)",col_strict,"(12, 1, 1, 1, 1, 1, 1, 1, 1, 1, 1, 1, 1, 1, 1, 1, 1, 1, 1, 1, 1, 1, 1, 1, 1, 1, 1)",5098213120
5,19,14,"(19, 14, 5)",col_strict,"(11, 1, 1, 1, 1, 1, 1, 1, 1, 1, 1, 1, 1, 1, 1, 1, 1, 1, 1, 1, 1, 1, 1, 1, 1, 1, 1, 1)",17195812920
5,19,14,"(19, 14, 5)",col_strict,"(10, 1, 1, 1, 1, 1, 1, 1, 1, 1, 1, 1, 1, 1, 1, 1, 1, 1, 1, 1, 1, 1, 1, 1, 1, 1, 1, 1, 1)",53409676320
5,19,14,"(19, 14, 5)",col_strict,"(9, 1, 1, 1, 1, 1, 1, 1, 1, 1, 1, 1, 1, 1, 1, 1, 1, 1, 1, 1, 1, 1, 1, 1, 1, 1, 1, 1, 1, 1)",154311197040
5,19,14,"(19, 14, 5)",col_strict,"(8, 1, 1, 1, 1, 1, 1, 1, 1, 1, 1, 1, 1, 1, 1, 1, 1, 1, 1, 1, 1, 1, 1, 1, 1, 1, 1, 1, 1, 1, 1)",417702186720
5,19,14,"(19, 14, 5)",col_strict,"(7, 1, 1, 1, 1, 1, 1, 1, 1, 1, 1, 1, 1, 1, 1, 1, 1, 1, 1, 1, 1, 1, 1, 1, 1, 1, 1, 1, 1, 1, 1, 1)",1064161654920
5,19,14,"(19, 14, 5)",col_strict,"(6, 1, 1, 1, 1, 1, 1, 1, 1, 1, 1, 1, 1, 1, 1, 1, 1, 1, 1, 1, 1, 1, 1, 1, 1, 1, 1, 1, 1, 1, 1, 1, 1)",2556590296320
5,19,14,"(19, 14, 5)",col_strict,"(5, 1, 1, 1, 1, 1, 1, 1, 1, 1, 1, 1, 1, 1, 1, 1, 1, 1, 1, 1, 1, 1, 1, 1, 1, 1, 1, 1, 1, 1, 1, 1, 1, 1)",5785378283520
5,19,14,"(19, 14, 5)",col_strict,"(4, 1, 1, 1, 1, 1, 1, 1, 1, 1, 1, 1, 1, 1, 1, 1, 1, 1, 1, 1, 1, 1, 1, 1, 1, 1, 1, 1, 1, 1, 1, 1, 1, 1, 1)",12264233372160
5,19,14,"(19, 14, 5)",col_strict,"(3, 1, 1, 1, 1, 1, 1, 1, 1, 1, 1, 1, 1, 1, 1, 1, 1, 1, 1, 1, 1, 1, 1, 1, 1, 1, 1, 1, 1, 1, 1, 1, 1, 1, 1, 1)",24042203254080
5,19,14,"(19, 14, 5)",col_strict,"(2, 1, 1, 1, 1, 1, 1, 1, 1, 1, 1, 1, 1, 1, 1, 1, 1, 1, 1, 1, 1, 1, 1, 1, 1, 1, 1, 1, 1, 1, 1, 1, 1, 1, 1, 1, 1)",42360602676480
5,19,14,"(19, 14, 5)",col_strict,"(1, 1, 1, 1, 1, 1, 1, 1, 1, 1, 1, 1, 1, 1, 1, 1, 1, 1, 1, 1, 1, 1, 1, 1, 1, 1, 1, 1, 1, 1, 1, 1, 1, 1, 1, 1, 1, 1)",62627767994880
5,19,14,"(19, 14, 5)",two_part,"(36, 2)",0
5,19,14,"(19, 14, 5)",two_part,"(35, 3)",0
5,19,14,"(19, 14, 5)",two_part,"(34, 4)",0
5,19,14,"(19, 14, 5)",two_part,"(33, 5)",0
5,19,14,"(19, 14, 5)",two_part,"(32, 6)",0
5,19,14,"(19, 14, 5)",two_part,"(31, 7)",0
5,19,14,"(19, 14, 5)",two_part,"(30, 8)",0
5,19,14,"(19, 14, 5)",two_part,"(29, 9)",0
5,19,14,"(19, 14, 5)",two_part,"(28, 10)",0
5,19,14,"(19, 14, 5)",two_part,"(27, 11)",0
5,19,14,"(19, 14, 5)",two_part,"(26, 12)",0
5,19,14,"(19, 14, 5)",two_part,"(25, 13)",0
5,19,14,"(19, 14, 5)",two_part,"(24, 14)",0
5,19,14,"(19, 14, 5)",two_part,"(23, 15)",0
5,19,14,"(19, 14, 5)",two_part,"(22, 16)",0
5,19,14,"(19, 14, 5)",two_part,"(21, 17)",0
5,19,14,"(19, 14, 5)",two_part,"(20, 18)",0
5,19,14,"(19, 14, 5)",two_part,"(19, 19)",0
5,19,14,"(19, 14, 5)",hook_A,"(34, 2, 2)",0
5,19,14,"(19, 14, 5)",hook_A,"(32, 2, 2, 2)",0
5,19,14,"(19, 14, 5)",hook_A,"(30, 2, 2, 2, 2)",0
5,19,14,"(19, 14, 5)",hook_A,"(28, 2, 2, 2, 2, 2)",0
5,19,14,"(19, 14, 5)",hook_A,"(26, 2, 2, 2, 2, 2, 2)",0
5,19,14,"(19, 14, 5)",hook_A,"(24, 2, 2, 2, 2, 2, 2, 2)",0
5,19,14,"(19, 14, 5)",hook_A,"(22, 2, 2, 2, 2, 2, 2, 2, 2)",0
5,19,14,"(19, 14, 5)",hook_A,"(20, 2, 2, 2, 2, 2, 2, 2, 2, 2)",0
5,19,14,"(19, 14, 5)",hook_A,"(18, 2, 2, 2, 2, 2, 2, 2, 2, 2, 2)",7260
5,19,14,"(19, 14, 5)",hook_A,"(16, 2, 2, 2, 2, 2, 2, 2, 2, 2, 2, 2)",237600
5,19,14,"(19, 14, 5)",hook_A,"(14, 2, 2, 2, 2, 2, 2, 2, 2, 2, 2, 2, 2)",3366792
5,19,14,"(19, 14, 5)",hook_A,"(12, 2, 2, 2, 2, 2, 2, 2, 2, 2, 2, 2, 2, 2)",30096352
5,19,14,"(19, 14, 5)",hook_A,"(10, 2, 2, 2, 2, 2, 2, 2, 2, 2, 2, 2, 2, 2, 2)",197078882
5,19,14,"(19, 14, 5)",hook_A,"(8, 2, 2, 2, 2, 2, 2, 2, 2, 2, 2, 2, 2, 2, 2, 2)",1014520416
5,19,14,"(19, 14, 5)",hook_A,"(6, 2, 2, 2, 2, 2, 2, 2, 2, 2, 2, 2, 2, 2, 2, 2, 2)",4220452896
5,19,14,"(19, 14, 5)",hook_A,"(4, 2, 2, 2, 2, 2, 2, 2, 2, 2, 2, 2, 2, 2, 2, 2, 2, 2)",14004574704
5,19,14,"(19, 14, 5)",hook_A,"(2, 2, 2, 2, 2, 2, 2, 2, 2, 2, 2, 2, 2, 2, 2, 2, 2, 2, 2)",33534338040
5,19,16,"(19, 16, 5)",col_strict,"(40,)",0
5,19,16,"(19, 16, 5)",col_strict,"(39, 1)",0
5,19,16,"(19, 16, 5)",col_strict,"(38, 1, 1)",0
5,19,16,"(19, 16, 5)",col_strict,"(37, 1, 1, 1)",0
5,19,16,"(19, 16, 5)",col_strict,"(36, 1, 1, 1, 1)",0
5,19,16,"(19, 16, 5)",col_strict,"(35, 1, 1, 1, 1, 1)",0
5,19,16,"(19, 16, 5)",col_strict,"(34, 1, 1, 1, 1, 1, 1)",0
5,19,16,"(19, 16, 5)",col_strict,"(33, 1, 1, 1, 1, 1, 1, 1)",0
5,19,16,"(19, 16, 5)",col_strict,"(32, 1, 1, 1, 1, 1, 1, 1, 1)",0
5,19,16,"(19, 16, 5)",col_strict,"(31, 1, 1, 1, 1, 1, 1, 1, 1, 1)",0
5,19,16,"(19, 16, 5)",col_strict,"(30, 1, 1, 1, 1, 1, 1, 1, 1, 1, 1)",0
5,19,16,"(19, 16, 5)",col_strict,"(29, 1, 1, 1, 1, 1, 1, 1, 1, 1, 1, 1)",0
5,19,16,"(19, 16, 5)",col_strict,"(28, 1, 1, 1, 1, 1, 1, 1, 1, 1, 1, 1, 1)",0
5,19,16,"(19, 16, 5)",col_strict,"(27, 1, 1, 1, 1, 1, 1, 1, 1, 1, 1, 1, 1, 1)",0
5,19,16,"(19, 16, 5)",col_strict,"(26, 1, 1, 1, 1, 1, 1, 1, 1, 1, 1, 1, 1, 1, 1)",0
5,19,16,"(19, 16, 5)",col_strict,"(25, 1, 1, 1, 1, 1, 1, 1, 1, 1, 1, 1, 1, 1, 1, 1)",0
5,19,16,"(19, 16, 5)",col_strict,"(24, 1, 1, 1, 1, 1, 1, 1, 1, 1, 1, 1, 1, 1, 1, 1, 1)",0
5,19,16,"(19, 16, 5)",col_strict,"(23, 1, 1, 1, 1, 1, 1, 1, 1, 1, 1, 1, 1, 1, 1, 1, 1, 1)",0
5,19,16,"(19, 16, 5)",col_strict,"(22, 1, 1, 1, 1, 1, 1, 1, 1, 1, 1, 1, 1, 1, 1, 1, 1, 1, 1)",0
5,19,16,"(19, 16, 5)",col_strict,"(21, 1, 1, 1, 1, 1, 1, 1, 1, 1, 1, 1, 1, 1, 1, 1, 1, 1, 1, 1)",0
5,19,16,"(19, 16, 5)",col_strict,"(20, 1, 1, 1, 1, 1, 1, 1, 1, 1, 1, 1, 1, 1, 1, 1, 1, 1, 1, 1, 1)",0
5,19,16,"(19, 16, 5)",col_strict,"(19, 1, 1, 1, 1, 1, 1, 1, 1, 1, 1, 1, 1, 1, 1, 1, 1, 1, 1, 1, 1, 1)",14364
5,19,16,"(19, 16, 5)",col_strict,"(18, 1, 1, 1, 1, 1, 1, 1, 1, 1, 1, 1, 1, 1, 1, 1, 1, 1, 1, 1, 1, 1, 1)",316008
5,19,16,"(19, 16, 5)",col_strict,"(17, 1, 1, 1, 1, 1, 1, 1, 1, 1, 1, 1, 1, 1, 1, 1, 1, 1, 1, 1, 1, 1, 1, 1)",3634092
5,19,16,"(19, 16, 5)",col_strict,"(16, 1, 1, 1, 1, 1, 1, 1, 1, 1, 1, 1, 1, 1, 1, 1, 1, 1, 1, 1, 1, 1, 1, 1, 1)",29072736
5,19,16,"(19, 16, 5)",col_strict,"(15, 1, 1, 1, 1, 1, 1, 1, 1, 1, 1, 1, 1, 1, 1, 1, 1, 1, 1, 1, 1, 1, 1, 1, 1, 1)",181664120
5,19,16,"(19, 16, 5)",col_strict,"(14, 1, 1, 1, 1, 1, 1, 1, 1, 1, 1, 1, 1, 1, 1, 1, 1, 1, 1, 1, 1, 1, 1, 1, 1, 1, 1)",943811440
5,19,16,"(19, 16, 5)",col_strict,"(13, 1, 1, 1, 1, 1, 1, 1, 1, 1, 1, 1, 1, 1, 1, 1, 1, 1, 1, 1, 1, 1, 1, 1, 1, 1, 1, 1)",4237679160
5,19,16,"(19, 16, 5)",col_strict,"(12, 1, 1, 1, 1, 1, 1, 1, 1, 1, 1, 1, 1, 1, 1, 1, 1, 1, 1, 1, 1, 1, 1, 1, 1, 1, 1, 1, 1)",16874938080
5,19,16,"(19, 16, 5)",col_strict,"(11, 1, 1, 1, 1, 1, 1, 1, 1, 1, 1, 1, 1, 1, 1, 1, 1, 1, 1, 1, 1, 1, 1, 1, 1, 1, 1, 1, 1, 1)",60690930300
5,19,16,"(19, 16, 5)",col_strict,"(10, 1, 1, 1, 1, 1, 1, 1, 1, 1, 1, 1, 1, 1, 1, 1, 1, 1, 1, 1, 1, 1, 1, 1, 1, 1, 1, 1, 1, 1, 1)",199739259720
5,19,16,"(19, 16, 5)",col_strict,"(9, 1, 1, 1, 1, 1, 1, 1, 1, 1, 1, 1, 1, 1, 1, 1, 1, 1, 1, 1, 1, 1, 1, 1, 1, 1, 1, 1, 1, 1, 1, 1)",607269843180
5,19,16,"(19, 16, 5)",col_strict,"(8, 1, 1, 1, 1, 1, 1, 1, 1, 1, 1, 1, 1, 1, 1, 1, 1, 1, 1, 1, 1, 1, 1, 1, 1, 1, 1, 1, 1, 1, 1, 1, 1)",1717057779840
5,19,16,"(19, 16, 5)",col_strict,"(7, 1, 1, 1, 1, 1, 1, 1, 1, 1, 1, 1, 1, 1, 1, 1, 1, 1, 1, 1, 1, 1, 1, 1, 1, 1, 1, 1, 1, 1, 1, 1, 1, 1)",4534565349600
5,19,16,"(19, 16, 5)",col_strict,"(6, 1, 1, 1, 1, 1, 1, 1, 1, 1, 1, 1, 1, 1, 1, 1, 1, 1, 1, 1, 1, 1, 1, 1, 1, 1, 1, 1, 1, 1, 1, 1, 1, 1, 1)",11206331885760
5,19,16,"(19, 16, 5)",col_strict,"(5, 1, 1, 1, 1, 1, 1, 1, 1, 1, 1, 1, 1, 1, 1, 1, 1, 1, 1, 1, 1, 1, 1, 1, 1, 1, 1, 1, 1, 1, 1, 1, 1, 1, 1, 1)",25892602871520
5,19,16,"(19, 16, 5)",col_strict,"(4, 1, 1, 1, 1, 1, 1, 1, 1, 1, 1, 1, 1, 1, 1, 1, 1, 1, 1, 1, 1, 1, 1, 1, 1, 1, 1, 1, 1, 1, 1, 1, 1, 1, 1, 1, 1)",55656753989760
5,19,16,"(19, 16, 5)",col_strict,"(3, 1, 1, 1, 1, 1, 1, 1, 1, 1, 1, 1, 1, 1, 1, 1, 1, 1, 1, 1, 1, 1, 1, 1, 1, 1, 1, 1, 1, 1, 1, 1, 1, 1, 1, 1, 1, 1)",109962145275840
5,19,16,"(19, 16, 5)",col_strict,"(2, 1, 1, 1, 1, 1, 1, 1, 1, 1, 1, 1, 1, 1, 1, 1, 1, 1, 1, 1, 1, 1, 1, 1, 1, 1, 1, 1, 1, 1, 1, 1, 1, 1, 1, 1, 1, 1, 1)",194330280101760
5,19,16,"(19, 16, 5)",col_strict,"(1, 1, 1, 1, 1, 1, 1, 1, 1, 1, 1, 1, 1, 1, 1, 1, 1, 1, 1, 1, 1, 1, 1, 1, 1, 1, 1, 1, 1, 1, 1, 1, 1, 1, 1, 1, 1, 1, 1, 1)",287350935505920
5,19,16,"(19, 16, 5)",two_part,"(38, 2)",0
5,19,16,"(19, 16, 5)",two_part,"(37, 3)",0
5,19,16,"(19, 16, 5)",two_part,"(36, 4)",0
5,19,16,"(19, 16, 5)",two_part,"(35, 5)",0
5,19,16,"(19, 16, 5)",two_part,"(34, 6)",0
5,19,16,"(19, 16, 5)",two_part,"(33, 7)",0
5,19,16,"(19, 16, 5)",two_part,"(32, 8)",0
5,19,16,"(19, 16, 5)",two_part,"(31, 9)",0
5,19,16,"(19, 16, 5)",two_part,"(30, 10)",0
5,19,16,"(19, 16, 5)",two_part,"(29, 11)",0
5,19,16,"(19, 16, 5)",two_part,"(28, 12)",0
5,19,16,"(19, 16, 5)",two_part,"(27, 13)",0
5,19,16,"(19, 16, 5)",two_part,"(26, 14)",0
5,19,16,"(19, 16, 5)",two_part,"(25, 15)",0
5,19,16,"(19, 16, 5)",two_part,"(24, 16)",0
5,19,16,"(19, 16, 5)",two_part,"(23, 17)",0
5,19,16,"(19, 16, 5)",two_part,"(22, 18)",0
5,19,16,"(19, 16, 5)",two_part,"(21, 19)",0
5,19,16,"(19, 16, 5)",two_part,"(20, 20)",0
5,19,16,"(19, 16, 5)",hook_A,"(36, 2, 2)",0
5,19,16,"(19, 16, 5)",hook_A,"(34, 2, 2, 2)",0
5,19,16,"(19, 16, 5)",hook_A,"(32, 2, 2, 2, 2)",0
5,19,16,"(19, 16, 5)",hook_A,"(30, 2, 2, 2, 2, 2)",0
5,19,16,"(19, 16, 5)",hook_A,"(28, 2, 2, 2, 2, 2, 2)",0
5,19,16,"(19, 16, 5)",hook_A,"(26, 2, 2, 2, 2, 2, 2, 2)",0
5,19,16,"(19, 16, 5)",hook_A,"(24, 2, 2, 2, 2, 2, 2, 2, 2)",0
5,19,16,"(19, 16, 5)",hook_A,"(22, 2, 2, 2, 2, 2, 2, 2, 2, 2)",0
5,19,16,"(19, 16, 5)",hook_A,"(20, 2, 2, 2, 2, 2, 2, 2, 2, 2, 2)",0
5,19,16,"(19, 16, 5)",hook_A,"(18, 2, 2, 2, 2, 2, 2, 2, 2, 2, 2, 2)",13662
5,19,16,"(19, 16, 5)",hook_A,"(16, 2, 2, 2, 2, 2, 2, 2, 2, 2, 2, 2, 2)",518364
5,19,16,"(19, 16, 5)",hook_A,"(14, 2, 2, 2, 2, 2, 2, 2, 2, 2, 2, 2, 2, 2)",8315164
5,19,16,"(19, 16, 5)",hook_A,"(12, 2, 2, 2, 2, 2, 2, 2, 2, 2, 2, 2, 2, 2, 2)",82021940
5,19,16,"(19, 16, 5)",hook_A,"(10, 2, 2, 2, 2, 2, 2, 2, 2, 2, 2, 2, 2, 2, 2, 2)",577002426
5,19,16,"(19, 16, 5)",hook_A,"(8, 2, 2, 2, 2, 2, 2, 2, 2, 2, 2, 2, 2, 2, 2, 2, 2)",3110953456
5,19,16,"(19, 16, 5)",hook_A,"(6, 2, 2, 2, 2, 2, 2, 2, 2, 2, 2, 2, 2, 2, 2, 2, 2, 2)",13263041776
5,19,16,"(19, 16, 5)",hook_A,"(4, 2, 2, 2, 2, 2, 2, 2, 2, 2, 2, 2, 2, 2, 2, 2, 2, 2, 2)",44361277776
5,19,16,"(19, 16, 5)",hook_A,"(2, 2, 2, 2, 2, 2, 2, 2, 2, 2, 2, 2, 2, 2, 2, 2, 2, 2, 2, 2)",106065822528
5,20,5,"(20, 5, 5)",col_strict,"(30,)",0
5,20,5,"(20, 5, 5)",col_strict,"(29, 1)",0
5,20,5,"(20, 5, 5)",col_strict,"(28, 1, 1)",0
5,20,5,"(20, 5, 5)",col_strict,"(27, 1, 1, 1)",0
5,20,5,"(20, 5, 5)",col_strict,"(26, 1, 1, 1, 1)",0
5,20,5,"(20, 5, 5)",col_strict,"(25, 1, 1, 1, 1, 1)",0
5,20,5,"(20, 5, 5)",col_strict,"(24, 1, 1, 1, 1, 1, 1)",0
5,20,5,"(20, 5, 5)",col_strict,"(23, 1, 1, 1, 1, 1, 1, 1)",0
5,20,5,"(20, 5, 5)",col_strict,"(22, 1, 1, 1, 1, 1, 1, 1, 1)",0
5,20,5,"(20, 5, 5)",col_strict,"(21, 1, 1, 1, 1, 1, 1, 1, 1, 1)",0
5,20,5,"(20, 5, 5)",col_strict,"(20, 1, 1, 1, 1, 1, 1, 1, 1, 1, 1)",42
5,20,5,"(20, 5, 5)",col_strict,"(19, 1, 1, 1, 1, 1, 1, 1, 1, 1, 1, 1)",462
5,20,5,"(20, 5, 5)",col_strict,"(18, 1, 1, 1, 1, 1, 1, 1, 1, 1, 1, 1, 1)",2772
5,20,5,"(20, 5, 5)",col_strict,"(17, 1, 1, 1, 1, 1, 1, 1, 1, 1, 1, 1, 1, 1)",12012
5,20,5,"(20, 5, 5)",col_strict,"(16, 1, 1, 1, 1, 1, 1, 1, 1, 1, 1, 1, 1, 1, 1)",42042
5,20,5,"(20, 5, 5)",col_strict,"(15, 1, 1, 1, 1, 1, 1, 1, 1, 1, 1, 1, 1, 1, 1, 1)",126126
5,20,5,"(20, 5, 5)",col_strict,"(14, 1, 1, 1, 1, 1, 1, 1, 1, 1, 1, 1, 1, 1, 1, 1, 1)",336336
5,20,5,"(20, 5, 5)",col_strict,"(13, 1, 1, 1, 1, 1, 1, 1, 1, 1, 1, 1, 1, 1, 1, 1, 1, 1)",816816
5,20,5,"(20, 5, 5)",col_strict,"(12, 1, 1, 1, 1, 1, 1, 1, 1, 1, 1, 1, 1, 1, 1, 1, 1, 1, 1)",1837836
5,20,5,"(20, 5, 5)",col_strict,"(11, 1, 1, 1, 1, 1, 1, 1, 1, 1, 1, 1, 1, 1, 1, 1, 1, 1, 1, 1)",3879876
5,20,5,"(20, 5, 5)",col_strict,"(10, 1, 1, 1, 1, 1, 1, 1, 1, 1, 1, 1, 1, 1, 1, 1, 1, 1, 1, 1, 1)",7759752
5,20,5,"(20, 5, 5)",col_strict,"(9, 1, 1, 1, 1, 1, 1, 1, 1, 1, 1, 1, 1, 1, 1, 1, 1, 1, 1, 1, 1, 1)",14814072
5,20,5,"(20, 5, 5)",col_strict,"(8, 1, 1, 1, 1, 1, 1, 1, 1, 1, 1, 1, 1, 1, 1, 1, 1, 1, 1, 1, 1, 1, 1)",27159132
5,20,5,"(20, 5, 5)",col_strict,"(7, 1, 1, 1, 1, 1, 1, 1, 1, 1, 1, 1, 1, 1, 1, 1, 1, 1, 1, 1, 1, 1, 1, 1)",48050772
5,20,5,"(20, 5, 5)",col_strict,"(6, 1, 1, 1, 1, 1, 1, 1, 1, 1, 1, 1, 1, 1, 1, 1, 1, 1, 1, 1, 1, 1, 1, 1, 1)",82372752
5,20,5,"(20, 5, 5)",col_strict,"(5, 1, 1, 1, 1, 1, 1, 1, 1, 1, 1, 1, 1, 1, 1, 1, 1, 1, 1, 1, 1, 1, 1, 1, 1, 1)",137287920
5,20,5,"(20, 5, 5)",col_strict,"(4, 1, 1, 1, 1, 1, 1, 1, 1, 1, 1, 1, 1, 1, 1, 1, 1, 1, 1, 1, 1, 1, 1, 1, 1, 1, 1)",223042040
5,20,5,"(20, 5, 5)",col_strict,"(3, 1, 1, 1, 1, 1, 1, 1, 1, 1, 1, 1, 1, 1, 1, 1, 1, 1, 1, 1, 1, 1, 1, 1, 1, 1, 1, 1)",353166840
5,20,5,"(20, 5, 5)",col_strict,"(2, 1, 1, 1, 1, 1, 1, 1, 1, 1, 1, 1, 1, 1, 1, 1, 1, 1, 1, 1, 1, 1, 1, 1, 1, 1, 1, 1, 1)",537984720
5,20,5,"(20, 5, 5)",col_strict,"(1, 1, 1, 1, 1, 1, 1, 1, 1, 1, 1, 1, 1, 1, 1, 1, 1, 1, 1, 1, 1, 1, 1, 1, 1, 1, 1, 1, 1, 1)",742931280
5,20,5,"(20, 5, 5)",two_part,"(28, 2)",0
5,20,5,"(20, 5, 5)",two_part,"(27, 3)",0
5,20,5,"(20, 5, 5)",two_part,"(26, 4)",0
5,20,5,"(20, 5, 5)",two_part,"(25, 5)",0
5,20,5,"(20, 5, 5)",two_part,"(24, 6)",0
5,20,5,"(20, 5, 5)",two_part,"(23, 7)",0
5,20,5,"(20, 5, 5)",two_part,"(22, 8)",0
5,20,5,"(20, 5, 5)",two_part,"(21, 9)",0
5,20,5,"(20, 5, 5)",two_part,"(20, 10)",0
5,20,5,"(20, 5, 5)",two_part,"(19, 11)",0
5,20,5,"(20, 5, 5)",two_part,"(18, 12)",0
5,20,5,"(20, 5, 5)",two_part,"(17, 13)",0
5,20,5,"(20, 5, 5)",two_part,"(16, 14)",0
5,20,5,"(20, 5, 5)",two_part,"(15, 15)",0
5,20,5,"(20, 5, 5)",hook_A,"(26, 2, 2)",0
5,20,5,"(20, 5, 5)",hook_A,"(24, 2, 2, 2)",0
5,20,5,"(20, 5, 5)",hook_A,"(22, 2, 2, 2, 2)",0
5,20,5,"(20, 5, 5)",hook_A,"(20, 2, 2, 2, 2, 2)",6
5,20,5,"(20, 5, 5)",hook_A,"(18, 2, 2, 2, 2, 2, 2)",171
5,20,5,"(20, 5, 5)",hook_A,"(16, 2, 2, 2, 2, 2, 2, 2)",1526
5,20,5,"(20, 5, 5)",hook_A,"(14, 2, 2, 2, 2, 2, 2, 2, 2)",8288
5,20,5,"(20, 5, 5)",hook_A,"(12, 2, 2, 2, 2, 2, 2, 2, 2, 2)",33516
5,20,5,"(20, 5, 5)",hook_A,"(10, 2, 2, 2, 2, 2, 2, 2, 2, 2, 2)",110964
5,20,5,"(20, 5, 5)",hook_A,"(8, 2, 2, 2, 2, 2, 2, 2, 2, 2, 2, 2)",317394
5,20,5,"(20, 5, 5)",hook_A,"(6, 2, 2, 2, 2, 2, 2, 2, 2, 2, 2, 2, 2)",811404
5,20,5,"(20, 5, 5)",hook_A,"(4, 2, 2, 2, 2, 2, 2, 2, 2, 2, 2, 2, 2, 2)",1893684
5,20,5,"(20, 5, 5)",hook_A,"(2, 2, 2, 2, 2, 2, 2, 2, 2, 2, 2, 2, 2, 2, 2)",3846934
5,20,7,"(20, 7, 5)",col_strict,"(32,)",0
5,20,7,"(20, 7, 5)",col_strict,"(31, 1)",0
5,20,7,"(20, 7, 5)",col_strict,"(30, 1, 1)",0
5,20,7,"(20, 7, 5)",col_strict,"(29, 1, 1, 1)",0
5,20,7,"(20, 7, 5)",col_strict,"(28, 1, 1, 1, 1)",0
5,20,7,"(20, 7, 5)",col_strict,"(27, 1, 1, 1, 1, 1)",0
5,20,7,"(20, 7, 5)",col_strict,"(26, 1, 1, 1, 1, 1, 1)",0
5,20,7,"(20, 7, 5)",col_strict,"(25, 1, 1, 1, 1, 1, 1, 1)",0
5,20,7,"(20, 7, 5)",col_strict,"(24, 1, 1, 1, 1, 1, 1, 1, 1)",0
5,20,7,"(20, 7, 5)",col_strict,"(23, 1, 1, 1, 1, 1, 1, 1, 1, 1)",0
5,20,7,"(20, 7, 5)",col_strict,"(22, 1, 1, 1, 1, 1, 1, 1, 1, 1, 1)",0
5,20,7,"(20, 7, 5)",col_strict,"(21, 1, 1, 1, 1, 1, 1, 1, 1, 1, 1, 1)",0
5,20,7,"(20, 7, 5)",col_strict,"(20, 1, 1, 1, 1, 1, 1, 1, 1, 1, 1, 1, 1)",297
5,20,7,"(20, 7, 5)",col_strict,"(19, 1, 1, 1, 1, 1, 1, 1, 1, 1, 1, 1, 1, 1)",3861
5,20,7,"(20, 7, 5)",col_strict,"(18, 1, 1, 1, 1, 1, 1, 1, 1, 1, 1, 1, 1, 1, 1)",27027
5,20,7,"(20, 7, 5)",col_strict,"(17, 1, 1, 1, 1, 1, 1, 1, 1, 1, 1, 1, 1, 1, 1, 1)",135135
5,20,7,"(20, 7, 5)",col_strict,"(16, 1, 1, 1, 1, 1, 1, 1, 1, 1, 1, 1, 1, 1, 1, 1, 1)",540540
5,20,7,"(20, 7, 5)",col_strict,"(15, 1, 1, 1, 1, 1, 1, 1, 1, 1, 1, 1, 1, 1, 1, 1, 1, 1)",1837836
5,20,7,"(20, 7, 5)",col_strict,"(14, 1, 1, 1, 1, 1, 1, 1, 1, 1, 1, 1, 1, 1, 1, 1, 1, 1, 1)",5513508
5,20,7,"(20, 7, 5)",col_strict,"(13, 1, 1, 1, 1, 1, 1, 1, 1, 1, 1, 1, 1, 1, 1, 1, 1, 1, 1, 1)",14965236
5,20,7,"(20, 7, 5)",col_strict,"(12, 1, 1, 1, 1, 1, 1, 1, 1, 1, 1, 1, 1, 1, 1, 1, 1, 1, 1, 1, 1)",37413090
5,20,7,"(20, 7, 5)",col_strict,"(11, 1, 1, 1, 1, 1, 1, 1, 1, 1, 1, 1, 1, 1, 1, 1, 1, 1, 1, 1, 1, 1)",87297210
5,20,7,"(20, 7, 5)",col_strict,"(10, 1, 1, 1, 1, 1, 1, 1, 1, 1, 1, 1, 1, 1, 1, 1, 1, 1, 1, 1, 1, 1, 1)",192053862
5,20,7,"(20, 7, 5)",col_strict,"(9, 1, 1, 1, 1, 1, 1, 1, 1, 1, 1, 1, 1, 1, 1, 1, 1, 1, 1, 1, 1, 1, 1, 1)",401567166
5,20,7,"(20, 7, 5)",col_strict,"(8, 1, 1, 1, 1, 1, 1, 1, 1, 1, 1, 1, 1, 1, 1, 1, 1, 1, 1, 1, 1, 1, 1, 1, 1)",803134332
5,20,7,"(20, 7, 5)",col_strict,"(7, 1, 1, 1, 1, 1, 1, 1, 1, 1, 1, 1, 1, 1, 1, 1, 1, 1, 1, 1, 1, 1, 1, 1, 1, 1)",1544489100
5,20,7,"(20, 7, 5)",col_strict,"(6, 1, 1, 1, 1, 1, 1, 1, 1, 1, 1, 1, 1, 1, 1, 1, 1, 1, 1, 1, 1, 1, 1, 1, 1, 1, 1)",2868286070
5,20,7,"(20, 7, 5)",col_strict,"(5, 1, 1, 1, 1, 1, 1, 1, 1, 1, 1, 1, 1, 1, 1, 1, 1, 1, 1, 1, 1, 1, 1, 1, 1, 1, 1, 1)",5161634010
5,20,7,"(20, 7, 5)",col_strict,"(4, 1, 1, 1, 1, 1, 1, 1, 1, 1, 1, 1, 1, 1, 1, 1, 1, 1, 1, 1, 1, 1, 1, 1, 1, 1, 1, 1, 1)",9016047495
5,20,7,"(20, 7, 5)",col_strict,"(3, 1, 1, 1, 1, 1, 1, 1, 1, 1, 1, 1, 1, 1, 1, 1, 1, 1, 1, 1, 1, 1, 1, 1, 1, 1, 1, 1, 1, 1)",15230091240
5,20,7,"(20, 7, 5)",col_strict,"(2, 1, 1, 1, 1, 1, 1, 1, 1, 1, 1, 1, 1, 1, 1, 1, 1, 1, 1, 1, 1, 1, 1, 1, 1, 1, 1, 1, 1, 1, 1)",24377432625
5,20,7,"(20, 7, 5)",col_strict,"(1, 1, 1, 1, 1, 1, 1, 1, 1, 1, 1, 1, 1, 1, 1, 1, 1, 1, 1, 1, 1, 1, 1, 1, 1, 1, 1, 1, 1, 1, 1, 1)",34546304520
5,20,7,"(20, 7, 5)",two_part,"(30, 2)",0
5,20,7,"(20, 7, 5)",two_part,"(29, 3)",0
5,20,7,"(20, 7, 5)",two_part,"(28, 4)",0
5,20,7,"(20, 7, 5)",two_part,"(27, 5)",0
5,20,7,"(20, 7, 5)",two_part,"(26, 6)",0
5,20,7,"(20, 7, 5)",two_part,"(25, 7)",0
5,20,7,"(20, 7, 5)",two_part,"(24, 8)",0
5,20,7,"(20, 7, 5)",two_part,"(23, 9)",0
5,20,7,"(20, 7, 5)",two_part,"(22, 10)",0
5,20,7,"(20, 7, 5)",two_part,"(21, 11)",0
5,20,7,"(20, 7, 5)",two_part,"(20, 12)",0
5,20,7,"(20, 7, 5)",two_part,"(19, 13)",0
5,20,7,"(20, 7, 5)",two_part,"(18, 14)",0
5,20,7,"(20, 7, 5)",two_part,"(17, 15)",0
5,20,7,"(20, 7, 5)",two_part,"(16, 16)",0
5,20,7,"(20, 7, 5)",hook_A,"(28, 2, 2)",0
5,20,7,"(20, 7, 5)",hook_A,"(26, 2, 2, 2)",0
5,20,7,"(20, 7, 5)",hook_A,"(24, 2, 2, 2, 2)",0
5,20,7,"(20, 7, 5)",hook_A,"(22, 2, 2, 2, 2, 2)",0
5,20,7,"(20, 7, 5)",hook_A,"(20, 2, 2, 2, 2, 2, 2)",36
5,20,7,"(20, 7, 5)",hook_A,"(18, 2, 2, 2, 2, 2, 2, 2)",1323
5,20,7,"(20, 7, 5)",hook_A,"(16, 2, 2, 2, 2, 2, 2, 2, 2)",14616
5,20,7,"(20, 7, 5)",hook_A,"(14, 2, 2, 2, 2, 2, 2, 2, 2, 2)",95508
5,20,7,"(20, 7, 5)",hook_A,"(12, 2, 2, 2, 2, 2, 2, 2, 2, 2, 2)",455085
5,20,7,"(20, 7, 5)",hook_A,"(10, 2, 2, 2, 2, 2, 2, 2, 2, 2, 2, 2)",1746954
5,20,7,"(20, 7, 5)",hook_A,"(8, 2, 2, 2, 2, 2, 2, 2, 2, 2, 2, 2, 2)",5719527
5,20,7,"(20, 7, 5)",hook_A,"(6, 2, 2, 2, 2, 2, 2, 2, 2, 2, 2, 2, 2, 2)",16556475
5,20,7,"(20, 7, 5)",hook_A,"(4, 2, 2, 2, 2, 2, 2, 2, 2, 2, 2, 2, 2, 2, 2)",43028167
5,20,7,"(20, 7, 5)",hook_A,"(2, 2, 2, 2, 2, 2, 2, 2, 2, 2, 2, 2, 2, 2, 2, 2)",92978340
5,20,9,"(20, 9, 5)",col_strict,"(34,)",0
5,20,9,"(20, 9, 5)",col_strict,"(33, 1)",0
5,20,9,"(20, 9, 5)",col_strict,"(32, 1, 1)",0
5,20,9,"(20, 9, 5)",col_strict,"(31, 1, 1, 1)",0
5,20,9,"(20, 9, 5)",col_strict,"(30, 1, 1, 1, 1)",0
5,20,9,"(20, 9, 5)",col_strict,"(29, 1, 1, 1, 1, 1)",0
5,20,9,"(20, 9, 5)",col_strict,"(28, 1, 1, 1, 1, 1, 1)",0
5,20,9,"(20, 9, 5)",col_strict,"(27, 1, 1, 1, 1, 1, 1, 1)",0
5,20,9,"(20, 9, 5)",col_strict,"(26, 1, 1, 1, 1, 1, 1, 1, 1)",0
5,20,9,"(20, 9, 5)",col_strict,"(25, 1, 1, 1, 1, 1, 1, 1, 1, 1)",0
5,20,9,"(20, 9, 5)",col_strict,"(24, 1, 1, 1, 1, 1, 1, 1, 1, 1, 1)",0
5,20,9,"(20, 9, 5)",col_strict,"(23, 1, 1, 1, 1, 1, 1, 1, 1, 1, 1, 1)",0
5,20,9,"(20, 9, 5)",col_strict,"(22, 1, 1, 1, 1, 1, 1, 1, 1, 1, 1, 1, 1)",0
5,20,9,"(20, 9, 5)",col_strict,"(21, 1, 1, 1, 1, 1, 1, 1, 1, 1, 1, 1, 1, 1)",0
5,20,9,"(20, 9, 5)",col_strict,"(20, 1, 1, 1, 1, 1, 1, 1, 1, 1, 1, 1, 1, 1, 1)",1001
5,20,9,"(20, 9, 5)",col_strict,"(19, 1, 1, 1, 1, 1, 1, 1, 1, 1, 1, 1, 1, 1, 1, 1)",15015
5,20,9,"(20, 9, 5)",col_strict,"(18, 1, 1, 1, 1, 1, 1, 1, 1, 1, 1, 1, 1, 1, 1, 1, 1)",120120
5,20,9,"(20, 9, 5)",col_strict,"(17, 1, 1, 1, 1, 1, 1, 1, 1, 1, 1, 1, 1, 1, 1, 1, 1, 1)",680680
5,20,9,"(20, 9, 5)",col_strict,"(16, 1, 1, 1, 1, 1, 1, 1, 1, 1, 1, 1, 1, 1, 1, 1, 1, 1, 1)",3063060
5,20,9,"(20, 9, 5)",col_strict,"(15, 1, 1, 1, 1, 1, 1, 1, 1, 1, 1, 1, 1, 1, 1, 1, 1, 1, 1, 1)",11639628
5,20,9,"(20, 9, 5)",col_strict,"(14, 1, 1, 1, 1, 1, 1, 1, 1, 1, 1, 1, 1, 1, 1, 1, 1, 1, 1, 1, 1)",38798760
5,20,9,"(20, 9, 5)",col_strict,"(13, 1, 1, 1, 1, 1, 1, 1, 1, 1, 1, 1, 1, 1, 1, 1, 1, 1, 1, 1, 1, 1)",116396280
5,20,9,"(20, 9, 5)",col_strict,"(12, 1, 1, 1, 1, 1, 1, 1, 1, 1, 1, 1, 1, 1, 1, 1, 1, 1, 1, 1, 1, 1, 1)",320089770
5,20,9,"(20, 9, 5)",col_strict,"(11, 1, 1, 1, 1, 1, 1, 1, 1, 1, 1, 1, 1, 1, 1, 1, 1, 1, 1, 1, 1, 1, 1, 1)",818007190
5,20,9,"(20, 9, 5)",col_strict,"(10, 1, 1, 1, 1, 1, 1, 1, 1, 1, 1, 1, 1, 1, 1, 1, 1, 1, 1, 1, 1, 1, 1, 1, 1)",1963217256
5,20,9,"(20, 9, 5)",col_strict,"(9, 1, 1, 1, 1, 1, 1, 1, 1, 1, 1, 1, 1, 1, 1, 1, 1, 1, 1, 1, 1, 1, 1, 1, 1, 1)",4461857400
5,20,9,"(20, 9, 5)",col_strict,"(8, 1, 1, 1, 1, 1, 1, 1, 1, 1, 1, 1, 1, 1, 1, 1, 1, 1, 1, 1, 1, 1, 1, 1, 1, 1, 1)",9667306870
5,20,9,"(20, 9, 5)",col_strict,"(7, 1, 1, 1, 1, 1, 1, 1, 1, 1, 1, 1, 1, 1, 1, 1, 1, 1, 1, 1, 1, 1, 1, 1, 1, 1, 1, 1)",20076985890
5,20,9,"(20, 9, 5)",col_strict,"(6, 1, 1, 1, 1, 1, 1, 1, 1, 1, 1, 1, 1, 1, 1, 1, 1, 1, 1, 1, 1, 1, 1, 1, 1, 1, 1, 1, 1)",40137502860
5,20,9,"(20, 9, 5)",col_strict,"(5, 1, 1, 1, 1, 1, 1, 1, 1, 1, 1, 1, 1, 1, 1, 1, 1, 1, 1, 1, 1, 1, 1, 1, 1, 1, 1, 1, 1, 1)",77450585940
5,20,9,"(20, 9, 5)",col_strict,"(4, 1, 1, 1, 1, 1, 1, 1, 1, 1, 1, 1, 1, 1, 1, 1, 1, 1, 1, 1, 1, 1, 1, 1, 1, 1, 1, 1, 1, 1, 1)",144175101525
5,20,9,"(20, 9, 5)",col_strict,"(3, 1, 1, 1, 1, 1, 1, 1, 1, 1, 1, 1, 1, 1, 1, 1, 1, 1, 1, 1, 1, 1, 1, 1, 1, 1, 1, 1, 1, 1, 1, 1)",256835323485
5,20,9,"(20, 9, 5)",col_strict,"(2, 1, 1, 1, 1, 1, 1, 1, 1, 1, 1, 1, 1, 1, 1, 1, 1, 1, 1, 1, 1, 1, 1, 1, 1, 1, 1, 1, 1, 1, 1, 1, 1)",426619443120
5,20,9,"(20, 9, 5)",col_strict,"(1, 1, 1, 1, 1, 1, 1, 1, 1, 1, 1, 1, 1, 1, 1, 1, 1, 1, 1, 1, 1, 1, 1, 1, 1, 1, 1, 1, 1, 1, 1, 1, 1, 1)",615253232880
5,20,9,"(20, 9, 5)",two_part,"(32, 2)",0
5,20,9,"(20, 9, 5)",two_part,"(31, 3)",0
5,20,9,"(20, 9, 5)",two_part,"(30, 4)",0
5,20,9,"(20, 9, 5)",two_part,"(29, 5)",0
5,20,9,"(20, 9, 5)",two_part,"(28, 6)",0
5,20,9,"(20, 9, 5)",two_part,"(27, 7)",0
5,20,9,"(20, 9, 5)",two_part,"(26, 8)",0
5,20,9,"(20, 9, 5)",two_part,"(25, 9)",0
5,20,9,"(20, 9, 5)",two_part,"(24, 10)",0
5,20,9,"(20, 9, 5)",two_part,"(23, 11)",0
5,20,9,"(20, 9, 5)",two_part,"(22, 12)",0
5,20,9,"(20, 9, 5)",two_part,"(21, 13)",0
5,20,9,"(20, 9, 5)",two_part,"(20, 14)",0
5,20,9,"(20, 9, 5)",two_part,"(19, 15)",0
5,20,9,"(20, 9, 5)",two_part,"(18, 16)",0
5,20,9,"(20, 9, 5)",two_part,"(17, 17)",0
5,20,9,"(20, 9, 5)",hook_A,"(30, 2, 2)",0
5,20,9,"(20, 9, 5)",hook_A,"(28, 2, 2, 2)",0
5,20,9,"(20, 9, 5)",hook_A,"(26, 2, 2, 2, 2)",0
5,20,9,"(20, 9, 5)",hook_A,"(24, 2, 2, 2, 2, 2)",0
5,20,9,"(20, 9, 5)",hook_A,"(22, 2, 2, 2, 2, 2, 2)",0
5,20,9,"(20, 9, 5)",hook_A,"(20, 2, 2, 2, 2, 2, 2, 2)",105
5,20,9,"(20, 9, 5)",hook_A,"(18, 2, 2, 2, 2, 2, 2, 2, 2)",4900
5,20,9,"(20, 9, 5)",hook_A,"(16, 2, 2, 2, 2, 2, 2, 2, 2, 2)",65520
5,20,9,"(20, 9, 5)",hook_A,"(14, 2, 2, 2, 2, 2, 2, 2, 2, 2, 2)",505260
5,20,9,"(20, 9, 5)",hook_A,"(12, 2, 2, 2, 2, 2, 2, 2, 2, 2, 2, 2)",2790975
5,20,9,"(20, 9, 5)",hook_A,"(10, 2, 2, 2, 2, 2, 2, 2, 2, 2, 2, 2, 2)",12251316
5,20,9,"(20, 9, 5)",hook_A,"(8, 2, 2, 2, 2, 2, 2, 2, 2, 2, 2, 2, 2, 2)",45360822
5,20,9,"(20, 9, 5)",hook_A,"(6, 2, 2, 2, 2, 2, 2, 2, 2, 2, 2, 2, 2, 2, 2)",146764800
5,20,9,"(20, 9, 5)",hook_A,"(4, 2, 2, 2, 2, 2, 2, 2, 2, 2, 2, 2, 2, 2, 2, 2)",416241735
5,20,9,"(20, 9, 5)",hook_A,"(2, 2, 2, 2, 2, 2, 2, 2, 2, 2, 2, 2, 2, 2, 2, 2, 2)",938160912
5,20,11,"(20, 11, 5)",col_strict,"(36,)",0
5,20,11,"(20, 11, 5)",col_strict,"(35, 1)",0
5,20,11,"(20, 11, 5)",col_strict,"(34, 1, 1)",0
5,20,11,"(20, 11, 5)",col_strict,"(33, 1, 1, 1)",0
5,20,11,"(20, 11, 5)",col_strict,"(32, 1, 1, 1, 1)",0
5,20,11,"(20, 11, 5)",col_strict,"(31, 1, 1, 1, 1, 1)",0
5,20,11,"(20, 11, 5)",col_strict,"(30, 1, 1, 1, 1, 1, 1)",0
5,20,11,"(20, 11, 5)",col_strict,"(29, 1, 1, 1, 1, 1, 1, 1)",0
5,20,11,"(20, 11, 5)",col_strict,"(28, 1, 1, 1, 1, 1, 1, 1, 1)",0
5,20,11,"(20, 11, 5)",col_strict,"(27, 1, 1, 1, 1, 1, 1, 1, 1, 1)",0
5,20,11,"(20, 11, 5)",col_strict,"(26, 1, 1, 1, 1, 1, 1, 1, 1, 1, 1)",0
5,20,11,"(20, 11, 5)",col_strict,"(25, 1, 1, 1, 1, 1, 1, 1, 1, 1, 1, 1)",0
5,20,11,"(20, 11, 5)",col_strict,"(24, 1, 1, 1, 1, 1, 1, 1, 1, 1, 1, 1, 1)",0
5,20,11,"(20, 11, 5)",col_strict,"(23, 1, 1, 1, 1, 1, 1, 1, 1, 1, 1, 1, 1, 1)",0
5,20,11,"(20, 11, 5)",col_strict,"(22, 1, 1, 1, 1, 1, 1, 1, 1, 1, 1, 1, 1, 1, 1)",0
5,20,11,"(20, 11, 5)",col_strict,"(21, 1, 1, 1, 1, 1, 1, 1, 1, 1, 1, 1, 1, 1, 1, 1)",0
5,20,11,"(20, 11, 5)",col_strict,"(20, 1, 1, 1, 1, 1, 1, 1, 1, 1, 1, 1, 1, 1, 1, 1, 1)",2548
5,20,11,"(20, 11, 5)",col_strict,"(19, 1, 1, 1, 1, 1, 1, 1, 1, 1, 1, 1, 1, 1, 1, 1, 1, 1)",43316
5,20,11,"(20, 11, 5)",col_strict,"(18, 1, 1, 1, 1, 1, 1, 1, 1, 1, 1, 1, 1, 1, 1, 1, 1, 1, 1)",389844
5,20,11,"(20, 11, 5)",col_strict,"(17, 1, 1, 1, 1, 1, 1, 1, 1, 1, 1, 1, 1, 1, 1, 1, 1, 1, 1, 1)",2469012
5,20,11,"(20, 11, 5)",col_strict,"(16, 1, 1, 1, 1, 1, 1, 1, 1, 1, 1, 1, 1, 1, 1, 1, 1, 1, 1, 1, 1)",12345060
5,20,11,"(20, 11, 5)",col_strict,"(15, 1, 1, 1, 1, 1, 1, 1, 1, 1, 1, 1, 1, 1, 1, 1, 1, 1, 1, 1, 1, 1)",51849252
5,20,11,"(20, 11, 5)",col_strict,"(14, 1, 1, 1, 1, 1, 1, 1, 1, 1, 1, 1, 1, 1, 1, 1, 1, 1, 1, 1, 1, 1, 1)",190113924
5,20,11,"(20, 11, 5)",col_strict,"(13, 1, 1, 1, 1, 1, 1, 1, 1, 1, 1, 1, 1, 1, 1, 1, 1, 1, 1, 1, 1, 1, 1, 1)",624660036
5,20,11,"(20, 11, 5)",col_strict,"(12, 1, 1, 1, 1, 1, 1, 1, 1, 1, 1, 1, 1, 1, 1, 1, 1, 1, 1, 1, 1, 1, 1, 1, 1)",1873980108
5,20,11,"(20, 11, 5)",col_strict,"(11, 1, 1, 1, 1, 1, 1, 1, 1, 1, 1, 1, 1, 1, 1, 1, 1, 1, 1, 1, 1, 1, 1, 1, 1, 1)",5205500300
5,20,11,"(20, 11, 5)",col_strict,"(10, 1, 1, 1, 1, 1, 1, 1, 1, 1, 1, 1, 1, 1, 1, 1, 1, 1, 1, 1, 1, 1, 1, 1, 1, 1, 1)",13534249950
5,20,11,"(20, 11, 5)",col_strict,"(9, 1, 1, 1, 1, 1, 1, 1, 1, 1, 1, 1, 1, 1, 1, 1, 1, 1, 1, 1, 1, 1, 1, 1, 1, 1, 1, 1)",33219184050
5,20,11,"(20, 11, 5)",col_strict,"(8, 1, 1, 1, 1, 1, 1, 1, 1, 1, 1, 1, 1, 1, 1, 1, 1, 1, 1, 1, 1, 1, 1, 1, 1, 1, 1, 1, 1)",77495418000
5,20,11,"(20, 11, 5)",col_strict,"(7, 1, 1, 1, 1, 1, 1, 1, 1, 1, 1, 1, 1, 1, 1, 1, 1, 1, 1, 1, 1, 1, 1, 1, 1, 1, 1, 1, 1, 1)",172731522600
5,20,11,"(20, 11, 5)",col_strict,"(6, 1, 1, 1, 1, 1, 1, 1, 1, 1, 1, 1, 1, 1, 1, 1, 1, 1, 1, 1, 1, 1, 1, 1, 1, 1, 1, 1, 1, 1, 1)",369143979750
5,20,11,"(20, 11, 5)",col_strict,"(5, 1, 1, 1, 1, 1, 1, 1, 1, 1, 1, 1, 1, 1, 1, 1, 1, 1, 1, 1, 1, 1, 1, 1, 1, 1, 1, 1, 1, 1, 1, 1)",757139840730
5,20,11,"(20, 11, 5)",col_strict,"(4, 1, 1, 1, 1, 1, 1, 1, 1, 1, 1, 1, 1, 1, 1, 1, 1, 1, 1, 1, 1, 1, 1, 1, 1, 1, 1, 1, 1, 1, 1, 1, 1)",1485491094360
5,20,11,"(20, 11, 5)",col_strict,"(3, 1, 1, 1, 1, 1, 1, 1, 1, 1, 1, 1, 1, 1, 1, 1, 1, 1, 1, 1, 1, 1, 1, 1, 1, 1, 1, 1, 1, 1, 1, 1, 1, 1)",2756027405040
5,20,11,"(20, 11, 5)",col_strict,"(2, 1, 1, 1, 1, 1, 1, 1, 1, 1, 1, 1, 1, 1, 1, 1, 1, 1, 1, 1, 1, 1, 1, 1, 1, 1, 1, 1, 1, 1, 1, 1, 1, 1, 1)",4698297414720
5,20,11,"(20, 11, 5)",col_strict,"(1, 1, 1, 1, 1, 1, 1, 1, 1, 1, 1, 1, 1, 1, 1, 1, 1, 1, 1, 1, 1, 1, 1, 1, 1, 1, 1, 1, 1, 1, 1, 1, 1, 1, 1, 1)",6851683729800
5,20,11,"(20, 11, 5)",two_part,"(34, 2)",0
5,20,11,"(20, 11, 5)",two_part,"(33, 3)",0
5,20,11,"(20, 11, 5)",two_part,"(32, 4)",0
5,20,11,"(20, 11, 5)",two_part,"(31, 5)",0
5,20,11,"(20, 11, 5)",two_part,"(30, 6)",0
5,20,11,"(20, 11, 5)",two_part,"(29, 7)",0
5,20,11,"(20, 11, 5)",two_part,"(28, 8)",0
5,20,11,"(20, 11, 5)",two_part,"(27, 9)",0
5,20,11,"(20, 11, 5)",two_part,"(26, 10)",0
5,20,11,"(20, 11, 5)",two_part,"(25, 11)",0
5,20,11,"(20, 11, 5)",two_part,"(24, 12)",0
5,20,11,"(20, 11, 5)",two_part,"(23, 13)",0
5,20,11,"(20, 11, 5)",two_part,"(22, 14)",0
5,20,11,"(20, 11, 5)",two_part,"(21, 15)",0
5,20,11,"(20, 11, 5)",two_part,"(20, 16)",0
5,20,11,"(20, 11, 5)",two_part,"(19, 17)",0
5,20,11,"(20, 11, 5)",two_part,"(18, 18)",0
5,20,11,"(20, 11, 5)",hook_A,"(32, 2, 2)",0
5,20,11,"(20, 11, 5)",hook_A,"(30, 2, 2, 2)",0
5,20,11,"(20, 11, 5)",hook_A,"(28, 2, 2, 2, 2)",0
5,20,11,"(20, 11, 5)",hook_A,"(26, 2, 2, 2, 2, 2)",0
5,20,11,"(20, 11, 5)",hook_A,"(24, 2, 2, 2, 2, 2, 2)",0
5,20,11,"(20, 11, 5)",hook_A,"(22, 2, 2, 2, 2, 2, 2, 2)",0
5,20,11,"(20, 11, 5)",hook_A,"(20, 2, 2, 2, 2, 2, 2, 2, 2)",238
5,20,11,"(20, 11, 5)",hook_A,"(18, 2, 2, 2, 2, 2, 2, 2, 2, 2)",13734
5,20,11,"(20, 11, 5)",hook_A,"(16, 2, 2, 2, 2, 2, 2, 2, 2, 2, 2)",217980
5,20,11,"(20, 11, 5)",hook_A,"(14, 2, 2, 2, 2, 2, 2, 2, 2, 2, 2, 2)",1952874
5,20,11,"(20, 11, 5)",hook_A,"(12, 2, 2, 2, 2, 2, 2, 2, 2, 2, 2, 2, 2)",12343023
5,20,11,"(20, 11, 5)",hook_A,"(10, 2, 2, 2, 2, 2, 2, 2, 2, 2, 2, 2, 2, 2)",61264853
5,20,11,"(20, 11, 5)",hook_A,"(8, 2, 2, 2, 2, 2, 2, 2, 2, 2, 2, 2, 2, 2, 2)",253667414
5,20,11,"(20, 11, 5)",hook_A,"(6, 2, 2, 2, 2, 2, 2, 2, 2, 2, 2, 2, 2, 2, 2, 2)",902783700
5,20,11,"(20, 11, 5)",hook_A,"(4, 2, 2, 2, 2, 2, 2, 2, 2, 2, 2, 2, 2, 2, 2, 2, 2)",2733974516
5,20,11,"(20, 11, 5)",hook_A,"(2, 2, 2, 2, 2, 2, 2, 2, 2, 2, 2, 2, 2, 2, 2, 2, 2, 2)",6328337652
5,20,13,"(20, 13, 5)",col_strict,"(38,)",0
5,20,13,"(20, 13, 5)",col_strict,"(37, 1)",0
5,20,13,"(20, 13, 5)",col_strict,"(36, 1, 1)",0
5,20,13,"(20, 13, 5)",col_strict,"(35, 1, 1, 1)",0
5,20,13,"(20, 13, 5)",col_strict,"(34, 1, 1, 1, 1)",0
5,20,13,"(20, 13, 5)",col_strict,"(33, 1, 1, 1, 1, 1)",0
5,20,13,"(20, 13, 5)",col_strict,"(32, 1, 1, 1, 1, 1, 1)",0
5,20,13,"(20, 13, 5)",col_strict,"(31, 1, 1, 1, 1, 1, 1, 1)",0
5,20,13,"(20, 13, 5)",col_strict,"(30, 1, 1, 1, 1, 1, 1, 1, 1)",0
5,20,13,"(20, 13, 5)",col_strict,"(29, 1, 1, 1, 1, 1, 1, 1, 1, 1)",0
5,20,13,"(20, 13, 5)",col_strict,"(28, 1, 1, 1, 1, 1, 1, 1, 1, 1, 1)",0
5,20,13,"(20, 13, 5)",col_strict,"(27, 1, 1, 1, 1, 1, 1, 1, 1, 1, 1, 1)",0
5,20,13,"(20, 13, 5)",col_strict,"(26, 1, 1, 1, 1, 1, 1, 1, 1, 1, 1, 1, 1)",0
5,20,13,"(20, 13, 5)",col_strict,"(25, 1, 1, 1, 1, 1, 1, 1, 1, 1, 1, 1, 1, 1)",0
5,20,13,"(20, 13, 5)",col_strict,"(24, 1, 1, 1, 1, 1, 1, 1, 1, 1, 1, 1, 1, 1, 1)",0
5,20,13,"(20, 13, 5)",col_strict,"(23, 1, 1, 1, 1, 1, 1, 1, 1, 1, 1, 1, 1, 1, 1, 1)",0
5,20,13,"(20, 13, 5)",col_strict,"(22, 1, 1, 1, 1, 1, 1, 1, 1, 1, 1, 1, 1, 1, 1, 1, 1)",0
5,20,13,"(20, 13, 5)",col_strict,"(21, 1, 1, 1, 1, 1, 1, 1, 1, 1, 1, 1, 1, 1, 1, 1, 1, 1)",0
5,20,13,"(20, 13, 5)",col_strict,"(20, 1, 1, 1, 1, 1, 1, 1, 1, 1, 1, 1, 1, 1, 1, 1, 1, 1, 1)",5508
5,20,13,"(20, 13, 5)",col_strict,"(19, 1, 1, 1, 1, 1, 1, 1, 1, 1, 1, 1, 1, 1, 1, 1, 1, 1, 1, 1)",104652
5,20,13,"(20, 13, 5)",col_strict,"(18, 1, 1, 1, 1, 1, 1, 1, 1, 1, 1, 1, 1, 1, 1, 1, 1, 1, 1, 1, 1)",1046520
5,20,13,"(20, 13, 5)",col_strict,"(17, 1, 1, 1, 1, 1, 1, 1, 1, 1, 1, 1, 1, 1, 1, 1, 1, 1, 1, 1, 1, 1)",7325640
5,20,13,"(20, 13, 5)",col_strict,"(16, 1, 1, 1, 1, 1, 1, 1, 1, 1, 1, 1, 1, 1, 1, 1, 1, 1, 1, 1, 1, 1, 1)",40291020
5,20,13,"(20, 13, 5)",col_strict,"(15, 1, 1, 1, 1, 1, 1, 1, 1, 1, 1, 1, 1, 1, 1, 1, 1, 1, 1, 1, 1, 1, 1, 1)",185338692
5,20,13,"(20, 13, 5)",col_strict,"(14, 1, 1, 1, 1, 1, 1, 1, 1, 1, 1, 1, 1, 1, 1, 1, 1, 1, 1, 1, 1, 1, 1, 1, 1)",741354768
5,20,13,"(20, 13, 5)",col_strict,"(13, 1, 1, 1, 1, 1, 1, 1, 1, 1, 1, 1, 1, 1, 1, 1, 1, 1, 1, 1, 1, 1, 1, 1, 1, 1)",2647695600
5,20,13,"(20, 13, 5)",col_strict,"(12, 1, 1, 1, 1, 1, 1, 1, 1, 1, 1, 1, 1, 1, 1, 1, 1, 1, 1, 1, 1, 1, 1, 1, 1, 1, 1)",8604959870
5,20,13,"(20, 13, 5)",col_strict,"(11, 1, 1, 1, 1, 1, 1, 1, 1, 1, 1, 1, 1, 1, 1, 1, 1, 1, 1, 1, 1, 1, 1, 1, 1, 1, 1, 1)",25813659690
5,20,13,"(20, 13, 5)",col_strict,"(10, 1, 1, 1, 1, 1, 1, 1, 1, 1, 1, 1, 1, 1, 1, 1, 1, 1, 1, 1, 1, 1, 1, 1, 1, 1, 1, 1, 1)",72262876140
5,20,13,"(20, 13, 5)",col_strict,"(9, 1, 1, 1, 1, 1, 1, 1, 1, 1, 1, 1, 1, 1, 1, 1, 1, 1, 1, 1, 1, 1, 1, 1, 1, 1, 1, 1, 1, 1)",190376140500
5,20,13,"(20, 13, 5)",col_strict,"(8, 1, 1, 1, 1, 1, 1, 1, 1, 1, 1, 1, 1, 1, 1, 1, 1, 1, 1, 1, 1, 1, 1, 1, 1, 1, 1, 1, 1, 1, 1)",475011687150
5,20,13,"(20, 13, 5)",col_strict,"(7, 1, 1, 1, 1, 1, 1, 1, 1, 1, 1, 1, 1, 1, 1, 1, 1, 1, 1, 1, 1, 1, 1, 1, 1, 1, 1, 1, 1, 1, 1, 1)",1127405360970
5,20,13,"(20, 13, 5)",col_strict,"(6, 1, 1, 1, 1, 1, 1, 1, 1, 1, 1, 1, 1, 1, 1, 1, 1, 1, 1, 1, 1, 1, 1, 1, 1, 1, 1, 1, 1, 1, 1, 1, 1)",2550605545440
5,20,13,"(20, 13, 5)",col_strict,"(5, 1, 1, 1, 1, 1, 1, 1, 1, 1, 1, 1, 1, 1, 1, 1, 1, 1, 1, 1, 1, 1, 1, 1, 1, 1, 1, 1, 1, 1, 1, 1, 1, 1)",5495519826720
5,20,13,"(20, 13, 5)",col_strict,"(4, 1, 1, 1, 1, 1, 1, 1, 1, 1, 1, 1, 1, 1, 1, 1, 1, 1, 1, 1, 1, 1, 1, 1, 1, 1, 1, 1, 1, 1, 1, 1, 1, 1, 1)",11216539707120
5,20,13,"(20, 13, 5)",col_strict,"(3, 1, 1, 1, 1, 1, 1, 1, 1, 1, 1, 1, 1, 1, 1, 1, 1, 1, 1, 1, 1, 1, 1, 1, 1, 1, 1, 1, 1, 1, 1, 1, 1, 1, 1, 1)",21404789046000
5,20,13,"(20, 13, 5)",col_strict,"(2, 1, 1, 1, 1, 1, 1, 1, 1, 1, 1, 1, 1, 1, 1, 1, 1, 1, 1, 1, 1, 1, 1, 1, 1, 1, 1, 1, 1, 1, 1, 1, 1, 1, 1, 1, 1)",37095897719520
5,20,13,"(20, 13, 5)",col_strict,"(1, 1, 1, 1, 1, 1, 1, 1, 1, 1, 1, 1, 1, 1, 1, 1, 1, 1, 1, 1, 1, 1, 1, 1, 1, 1, 1, 1, 1, 1, 1, 1, 1, 1, 1, 1, 1, 1)",54443457404640
5,20,13,"(20, 13, 5)",two_part,"(36, 2)",0
5,20,13,"(20, 13, 5)",two_part,"(35, 3)",0
5,20,13,"(20, 13, 5)",two_part,"(34, 4)",0
5,20,13,"(20, 13, 5)",two_part,"(33, 5)",0
5,20,13,"(20, 13, 5)",two_part,"(32, 6)",0
5,20,13,"(20, 13, 5)",two_part,"(31, 7)",0
5,20,13,"(20, 13, 5)",two_part,"(30, 8)",0
5,20,13,"(20, 13, 5)",two_part,"(29, 9)",0
5,20,13,"(20, 13, 5)",two_part,"(28, 10)",0
5,20,13,"(20, 13, 5)",two_part,"(27, 11)",0
5,20,13,"(20, 13, 5)",two_part,"(26, 12)",0
5,20,13,"(20, 13, 5)",two_part,"(25, 13)",0
5,20,13,"(20, 13, 5)",two_part,"(24, 14)",0
5,20,13,"(20, 13, 5)",two_part,"(23, 15)",0
5,20,13,"(20, 13, 5)",two_part,"(22, 16)",0
5,20,13,"(20, 13, 5)",two_part,"(21, 17)",0
5,20,13,"(20, 13, 5)",two_part,"(20, 18)",0
5,20,13,"(20, 13, 5)",two_part,"(19, 19)",0
5,20,13,"(20, 13, 5)",hook_A,"(34, 2, 2)",0
5,20,13,"(20, 13, 5)",hook_A,"(32, 2, 2, 2)",0
5,20,13,"(20, 13, 5)",hook_A,"(30, 2, 2, 2, 2)",0
5,20,13,"(20, 13, 5)",hook_A,"(28, 2, 2, 2, 2, 2)",0
5,20,13,"(20, 13, 5)",hook_A,"(26, 2, 2, 2, 2, 2, 2)",0
5,20,13,"(20, 13, 5)",hook_A,"(24, 2, 2, 2, 2, 2, 2, 2)",0
5,20,13,"(20, 13, 5)",hook_A,"(22, 2, 2, 2, 2, 2, 2, 2, 2)",0
5,20,13,"(20, 13, 5)",hook_A,"(20, 2, 2, 2, 2, 2, 2, 2, 2, 2)",468
5,20,13,"(20, 13, 5)",hook_A,"(18, 2, 2, 2, 2, 2, 2, 2, 2, 2, 2)",32670
5,20,13,"(20, 13, 5)",hook_A,"(16, 2, 2, 2, 2, 2, 2, 2, 2, 2, 2, 2)",605880
5,20,13,"(20, 13, 5)",hook_A,"(14, 2, 2, 2, 2, 2, 2, 2, 2, 2, 2, 2, 2)",6226308
5,20,13,"(20, 13, 5)",hook_A,"(12, 2, 2, 2, 2, 2, 2, 2, 2, 2, 2, 2, 2, 2)",44544864
5,20,13,"(20, 13, 5)",hook_A,"(10, 2, 2, 2, 2, 2, 2, 2, 2, 2, 2, 2, 2, 2, 2)",247325260
5,20,13,"(20, 13, 5)",hook_A,"(8, 2, 2, 2, 2, 2, 2, 2, 2, 2, 2, 2, 2, 2, 2, 2)",1128276240
5,20,13,"(20, 13, 5)",hook_A,"(6, 2, 2, 2, 2, 2, 2, 2, 2, 2, 2, 2, 2, 2, 2, 2, 2)",4324122576
5,20,13,"(20, 13, 5)",hook_A,"(4, 2, 2, 2, 2, 2, 2, 2, 2, 2, 2, 2, 2, 2, 2, 2, 2, 2)",13681907632
5,20,13,"(20, 13, 5)",hook_A,"(2, 2, 2, 2, 2, 2, 2, 2, 2, 2, 2, 2, 2, 2, 2, 2, 2, 2, 2)",32134443120
5,20,15,"(20, 15, 5)",col_strict,"(40,)",0
5,20,15,"(20, 15, 5)",col_strict,"(39, 1)",0
5,20,15,"(20, 15, 5)",col_strict,"(38, 1, 1)",0
5,20,15,"(20, 15, 5)",col_strict,"(37, 1, 1, 1)",0
5,20,15,"(20, 15, 5)",col_strict,"(36, 1, 1, 1, 1)",0
5,20,15,"(20, 15, 5)",col_strict,"(35, 1, 1, 1, 1, 1)",0
5,20,15,"(20, 15, 5)",col_strict,"(34, 1, 1, 1, 1, 1, 1)",0
5,20,15,"(20, 15, 5)",col_strict,"(33, 1, 1, 1, 1, 1, 1, 1)",0
5,20,15,"(20, 15, 5)",col_strict,"(32, 1, 1, 1, 1, 1, 1, 1, 1)",0
5,20,15,"(20, 15, 5)",col_strict,"(31, 1, 1, 1, 1, 1, 1, 1, 1, 1)",0
5,20,15,"(20, 15, 5)",col_strict,"(30, 1, 1, 1, 1, 1, 1, 1, 1, 1, 1)",0
5,20,15,"(20, 15, 5)",col_strict,"(29, 1, 1, 1, 1, 1, 1, 1, 1, 1, 1, 1)",0
5,20,15,"(20, 15, 5)",col_strict,"(28, 1, 1, 1, 1, 1, 1, 1, 1, 1, 1, 1, 1)",0
5,20,15,"(20, 15, 5)",col_strict,"(27, 1, 1, 1, 1, 1, 1, 1, 1, 1, 1, 1, 1, 1)",0
5,20,15,"(20, 15, 5)",col_strict,"(26, 1, 1, 1, 1, 1, 1, 1, 1, 1, 1, 1, 1, 1, 1)",0
5,20,15,"(20, 15, 5)",col_strict,"(25, 1, 1, 1, 1, 1, 1, 1, 1, 1, 1, 1, 1, 1, 1, 1)",0
5,20,15,"(20, 15, 5)",col_strict,"(24, 1, 1, 1, 1, 1, 1, 1, 1, 1, 1, 1, 1, 1, 1, 1, 1)",0
5,20,15,"(20, 15, 5)",col_strict,"(23, 1, 1, 1, 1, 1, 1, 1, 1, 1, 1, 1, 1, 1, 1, 1, 1, 1)",0
5,20,15,"(20, 15, 5)",col_strict,"(22, 1, 1, 1, 1, 1, 1, 1, 1, 1, 1, 1, 1, 1, 1, 1, 1, 1, 1)",0
5,20,15,"(20, 15, 5)",col_strict,"(21, 1, 1, 1, 1, 1, 1, 1, 1, 1, 1, 1, 1, 1, 1, 1, 1, 1, 1, 1)",0
5,20,15,"(20, 15, 5)",col_strict,"(20, 1, 1, 1, 1, 1, 1, 1, 1, 1, 1, 1, 1, 1, 1, 1, 1, 1, 1, 1, 1)",10659
5,20,15,"(20, 15, 5)",col_strict,"(19, 1, 1, 1, 1, 1, 1, 1, 1, 1, 1, 1, 1, 1, 1, 1, 1, 1, 1, 1, 1, 1)",223839
5,20,15,"(20, 15, 5)",col_strict,"(18, 1, 1, 1, 1, 1, 1, 1, 1, 1, 1, 1, 1, 1, 1, 1, 1, 1, 1, 1, 1, 1, 1)",2462229
5,20,15,"(20, 15, 5)",col_strict,"(17, 1, 1, 1, 1, 1, 1, 1, 1, 1, 1, 1, 1, 1, 1, 1, 1, 1, 1, 1, 1, 1, 1, 1)",18877089
5,20,15,"(20, 15, 5)",col_strict,"(16, 1, 1, 1, 1, 1, 1, 1, 1, 1, 1, 1, 1, 1, 1, 1, 1, 1, 1, 1, 1, 1, 1, 1, 1)",113262534
5,20,15,"(20, 15, 5)",col_strict,"(15, 1, 1, 1, 1, 1, 1, 1, 1, 1, 1, 1, 1, 1, 1, 1, 1, 1, 1, 1, 1, 1, 1, 1, 1, 1)",566312670
5,20,15,"(20, 15, 5)",col_strict,"(14, 1, 1, 1, 1, 1, 1, 1, 1, 1, 1, 1, 1, 1, 1, 1, 1, 1, 1, 1, 1, 1, 1, 1, 1, 1, 1)",2453970740
5,20,15,"(20, 15, 5)",col_strict,"(13, 1, 1, 1, 1, 1, 1, 1, 1, 1, 1, 1, 1, 1, 1, 1, 1, 1, 1, 1, 1, 1, 1, 1, 1, 1, 1, 1)",9464139360
5,20,15,"(20, 15, 5)",col_strict,"(12, 1, 1, 1, 1, 1, 1, 1, 1, 1, 1, 1, 1, 1, 1, 1, 1, 1, 1, 1, 1, 1, 1, 1, 1, 1, 1, 1, 1)",33110077455
5,20,15,"(20, 15, 5)",col_strict,"(11, 1, 1, 1, 1, 1, 1, 1, 1, 1, 1, 1, 1, 1, 1, 1, 1, 1, 1, 1, 1, 1, 1, 1, 1, 1, 1, 1, 1, 1)",106564205475
5,20,15,"(20, 15, 5)",col_strict,"(10, 1, 1, 1, 1, 1, 1, 1, 1, 1, 1, 1, 1, 1, 1, 1, 1, 1, 1, 1, 1, 1, 1, 1, 1, 1, 1, 1, 1, 1, 1)",318856818735
5,20,15,"(20, 15, 5)",col_strict,"(9, 1, 1, 1, 1, 1, 1, 1, 1, 1, 1, 1, 1, 1, 1, 1, 1, 1, 1, 1, 1, 1, 1, 1, 1, 1, 1, 1, 1, 1, 1, 1)",893885629455
5,20,15,"(20, 15, 5)",col_strict,"(8, 1, 1, 1, 1, 1, 1, 1, 1, 1, 1, 1, 1, 1, 1, 1, 1, 1, 1, 1, 1, 1, 1, 1, 1, 1, 1, 1, 1, 1, 1, 1, 1)",2360664142200
5,20,15,"(20, 15, 5)",col_strict,"(7, 1, 1, 1, 1, 1, 1, 1, 1, 1, 1, 1, 1, 1, 1, 1, 1, 1, 1, 1, 1, 1, 1, 1, 1, 1, 1, 1, 1, 1, 1, 1, 1, 1)",5892232884120
5,20,15,"(20, 15, 5)",col_strict,"(6, 1, 1, 1, 1, 1, 1, 1, 1, 1, 1, 1, 1, 1, 1, 1, 1, 1, 1, 1, 1, 1, 1, 1, 1, 1, 1, 1, 1, 1, 1, 1, 1, 1, 1)",13914188497440
5,20,15,"(20, 15, 5)",col_strict,"(5, 1, 1, 1, 1, 1, 1, 1, 1, 1, 1, 1, 1, 1, 1, 1, 1, 1, 1, 1, 1, 1, 1, 1, 1, 1, 1, 1, 1, 1, 1, 1, 1, 1, 1, 1)",31030848950640
5,20,15,"(20, 15, 5)",col_strict,"(4, 1, 1, 1, 1, 1, 1, 1, 1, 1, 1, 1, 1, 1, 1, 1, 1, 1, 1, 1, 1, 1, 1, 1, 1, 1, 1, 1, 1, 1, 1, 1, 1, 1, 1, 1, 1)",64974290930010
5,20,15,"(20, 15, 5)",col_strict,"(3, 1, 1, 1, 1, 1, 1, 1, 1, 1, 1, 1, 1, 1, 1, 1, 1, 1, 1, 1, 1, 1, 1, 1, 1, 1, 1, 1, 1, 1, 1, 1, 1, 1, 1, 1, 1, 1)",126079585568640
5,20,15,"(20, 15, 5)",col_strict,"(2, 1, 1, 1, 1, 1, 1, 1, 1, 1, 1, 1, 1, 1, 1, 1, 1, 1, 1, 1, 1, 1, 1, 1, 1, 1, 1, 1, 1, 1, 1, 1, 1, 1, 1, 1, 1, 1, 1)",220420386575730
5,20,15,"(20, 15, 5)",col_strict,"(1, 1, 1, 1, 1, 1, 1, 1, 1, 1, 1, 1, 1, 1, 1, 1, 1, 1, 1, 1, 1, 1, 1, 1, 1, 1, 1, 1, 1, 1, 1, 1, 1, 1, 1, 1, 1, 1, 1, 1)",324392267035980
5,20,15,"(20, 15, 5)",two_part,"(38, 2)",0
5,20,15,"(20, 15, 5)",two_part,"(37, 3)",0
5,20,15,"(20, 15, 5)",two_part,"(36, 4)",0
5,20,15,"(20, 15, 5)",two_part,"(35, 5)",0
5,20,15,"(20, 15, 5)",two_part,"(34, 6)",0
5,20,15,"(20, 15, 5)",two_part,"(33, 7)",0
5,20,15,"(20, 15, 5)",two_part,"(32, 8)",0
5,20,15,"(20, 15, 5)",two_part,"(31, 9)",0
5,20,15,"(20, 15, 5)",two_part,"(30, 10)",0
5,20,15,"(20, 15, 5)",two_part,"(29, 11)",0
5,20,15,"(20, 15, 5)",two_part,"(28, 12)",0
5,20,15,"(20, 15, 5)",two_part,"(27, 13)",0
5,20,15,"(20, 15, 5)",two_part,"(26, 14)",0
5,20,15,"(20, 15, 5)",two_part,"(25, 15)",0
5,20,15,"(20, 15, 5)",two_part,"(24, 16)",0
5,20,15,"(20, 15, 5)",two_part,"(23, 17)",0
5,20,15,"(20, 15, 5)",two_part,"(22, 18)",0
5,20,15,"(20, 15, 5)",two_part,"(21, 19)",0
5,20,15,"(20, 15, 5)",two_part,"(20, 20)",0
5,20,15,"(20, 15, 5)",hook_A,"(36, 2, 2)",0
5,20,15,"(20, 15, 5)",hook_A,"(34, 2, 2, 2)",0
5,20,15,"(20, 15, 5)",hook_A,"(32, 2, 2, 2, 2)",0
5,20,15,"(20, 15, 5)",hook_A,"(30, 2, 2, 2, 2, 2)",0
5,20,15,"(20, 15, 5)",hook_A,"(28, 2, 2, 2, 2, 2, 2)",0
5,20,15,"(20, 15, 5)",hook_A,"(26, 2, 2, 2, 2, 2, 2, 2)",0
5,20,15,"(20, 15, 5)",hook_A,"(24, 2, 2, 2, 2, 2, 2, 2, 2)",0
5,20,15,"(20, 15, 5)",hook_A,"(22, 2, 2, 2, 2, 2, 2, 2, 2, 2)",0
5,20,15,"(20, 15, 5)",hook_A,"(20, 2, 2, 2, 2, 2, 2, 2, 2, 2, 2)",837
5,20,15,"(20, 15, 5)",hook_A,"(18, 2, 2, 2, 2, 2, 2, 2, 2, 2, 2, 2)",69432
5,20,15,"(20, 15, 5)",hook_A,"(16, 2, 2, 2, 2, 2, 2, 2, 2, 2, 2, 2, 2)",1485297
5,20,15,"(20, 15, 5)",hook_A,"(14, 2, 2, 2, 2, 2, 2, 2, 2, 2, 2, 2, 2, 2)",17320953
5,20,15,"(20, 15, 5)",hook_A,"(12, 2, 2, 2, 2, 2, 2, 2, 2, 2, 2, 2, 2, 2, 2)",138631675
5,20,15,"(20, 15, 5)",hook_A,"(10, 2, 2, 2, 2, 2, 2, 2, 2, 2, 2, 2, 2, 2, 2, 2)",846466530
5,20,15,"(20, 15, 5)",hook_A,"(8, 2, 2, 2, 2, 2, 2, 2, 2, 2, 2, 2, 2, 2, 2, 2, 2)",4154943156
5,20,15,"(20, 15, 5)",hook_A,"(6, 2, 2, 2, 2, 2, 2, 2, 2, 2, 2, 2, 2, 2, 2, 2, 2, 2)",16710685092
5,20,15,"(20, 15, 5)",hook_A,"(4, 2, 2, 2, 2, 2, 2, 2, 2, 2, 2, 2, 2, 2, 2, 2, 2, 2, 2)",54146821329
5,20,15,"(20, 15, 5)",hook_A,"(2, 2, 2, 2, 2, 2, 2, 2, 2, 2, 2, 2, 2, 2, 2, 2, 2, 2, 2, 2)",127859165307
