a,b,j,H_5,v_2
3,0,2,88200,3
3,0,3,27000,3
3,0,6,70200,3
3,0,7,592200,3
3,0,10,35896680,3
3,0,11,98875800,3
7,0,2,891000,3
7,0,3,491400,3
7,0,6,102600,3
7,0,7,761400,3
7,0,10,41391000,3
7,0,11,111018600,3
7,4,2,33180840,3
7,4,3,23255640,3
7,4,6,2735640,3
7,4,7,622440,3
7,4,10,2213640,3
7,4,11,14766840,3
11,0,2,3767400,3
11,0,3,2522520,3
11,0,6,480600,3
11,0,7,1045800,3
11,0,10,47161800,3
11,0,11,123852600,3
11,4,2,123956280,3
11,4,3,95989320,3
11,4,6,24787080,3
11,4,7,11564280,3
11,4,10,1333080,3
11,4,11,8925480,3
11,8,2,781288200,3
11,8,3,655313400,3
11,8,6,267939000,3
11,8,7,166509000,3
11,8,10,13645800,3
11,8,11,3979800,3
15,0,2,10814040,3
15,0,3,7986600,3
15,0,6,2241000,3
15,0,7,2159640,3
15,0,10,52817400,3
15,0,11,136571400,3
15,4,2,333675720,3
15,4,3,273336120,3
15,4,6,101293560,3
15,4,7,60541320,3
15,4,10,5717160,3
15,4,11,7657560,3
15,8,2,2055180600,3
15,8,3,1787200200,3
15,8,6,901038600,3
15,8,7,637169400,3
15,8,10,125587800,3
15,8,11,54469800,3
15,12,2,7143935400,3
15,12,3,6421002840,3
15,12,6,3847397400,3
15,12,7,2991479400,3
15,12,10,978453000,3
15,12,11,567243000,3
19,0,2,24864840,3
19,0,3,19487160,3
19,0,6,7157880,3
19,0,7,5554440,3
19,0,10,58703400,3
19,0,11,149105880,3
19,4,2,737656920,3
19,4,3,626420520,3
19,4,6,285961320,3
19,4,7,193840920,3
19,4,10,34558200,3
19,4,11,19510920,3
19,8,2,4476733800,3
19,8,3,3987106200,3
19,8,6,2290541400,3
19,8,7,1745116200,3
19,8,10,524953800,3
19,8,11,294617400,3
19,12,2,15444891000,3
19,12,3,14129466120,3
19,12,6,9279376200,3
19,12,7,7579769400,3
19,12,10,3191189400,3
19,12,11,2134420200,3
19,16,2,39710242440,3
19,16,3,36946740600,3
19,16,6,26376262200,3
19,16,7,22483508040,3
19,16,10,11559882600,3
19,16,11,8564232600,3
23,0,2,49491000,3
23,0,3,40365000,3
23,0,6,17742600,3
23,0,7,13419000,3
23,0,10,65902680,3
23,0,11,162124200,3
23,4,2,1429797096,3
23,4,3,1244946456,3
23,4,6,651076056,3
23,4,7,476329896,3
23,4,10,125627976,3
23,4,11,71612856,3
23,8,2,8588562840,3
23,8,3,7779905640,3
23,8,6,4885289640,3
23,8,7,3906244440,3
23,8,10,1505987640,3
23,8,11,970512840,3
23,12,2,29474270280,3
23,12,3,27307982520,3
23,12,6,19121545080,3
23,12,7,16149014280,3
23,12,10,7982551080,3
23,12,11,5809515480,3
23,16,2,75537628920,3
23,16,3,70994144520,3
23,16,6,53263231560,3
23,16,7,46552718520,3
23,16,10,26833115160,3
23,16,11,21041539560,3
23,20,2,161731575720,3
23,20,3,153505586520,3
23,20,6,120715965720,3
23,20,7,107967663720,3
23,20,10,68837704200,3
23,20,11,56621731320,3
27,0,2,89001000,3
27,0,3,74698200,3
27,0,6,37243800,3
27,0,7,28679400,3
27,0,10,76235400,3
27,0,11,177031800,3
27,4,2,2522572920,3
27,4,3,2237197320,3
27,4,6,1287502920,3
27,4,7,991454520,3
27,4,10,335277720,3
27,4,11,209670120,3
27,8,2,15038713800,3
27,8,3,13795903800,3
27,8,6,9239556600,3
27,8,7,7641880200,3
27,8,10,3468364200,3
27,8,11,2433677400,3
27,12,2,51407256600,3
27,12,3,48084964200,3
27,12,6,35299103400,3
27,12,7,30535709400,3
27,12,10,16860022200,3
27,12,11,12969376200,3
27,16,2,131431933800,3
27,16,3,124472424600,3
27,16,6,96905741400,3
27,16,7,86262594600,3
27,16,10,53928678600,3
27,16,11,43970988600,3
27,20,2,280950377400,3
27,20,3,268360230600,3
27,20,6,217532968200,3
27,20,7,197446087800,3
27,20,10,134126659800,3
27,20,11,113626636200,3
27,24,2,531834118920,3
27,24,3,511184227320,3
27,24,6,426688180920,3
27,24,7,392743640520,3
27,24,10,282940191720,3
27,24,11,246158340120,3
1,0,2,10800,4
1,0,3,720,4
1,0,6,61200,4
1,0,7,529200,4
1,0,10,33577200,4
1,0,11,93517200,4
3,0,4,3600,4
3,0,5,-720,4
3,0,12,244177200,4
3,2,2,1002960,4
3,2,3,442800,4
3,2,6,2160,4
3,2,7,-5040,4
3,2,10,17145360,4
3,2,11,59128560,4
6,3,1,15800400,4
6,3,3,7290000,4
6,3,5,1537200,4
6,3,7,25200,4
6,3,9,706320,4
6,3,11,29106000,4
7,0,4,226800,4
7,0,5,75600,4
7,0,12,268606800,4
7,2,2,8012400,4
7,2,3,5043600,4
7,2,6,277200,4
7,2,7,25200,4
7,2,10,11646000,4
7,2,11,43890000,4
7,4,4,14285520,4
7,4,5,7248240,4
7,4,12,61277040,4
9,0,2,1956240,4
9,0,3,1211760,4
9,0,6,200880,4
9,0,7,861840,4
9,0,10,44283600,4
9,0,11,117416880,4
9,4,2,67682160,4
9,4,3,50265360,4
9,4,6,9585360,4
9,4,7,3506160,4
9,4,10,1589040,4
9,4,11,11082960,4
9,8,2,433976400,4
9,8,3,354682800,4
9,8,6,123606000,4
9,8,7,69022800,4
9,8,10,2336400,4
9,8,11,1782000,4
10,3,1,61916400,4
10,3,3,36082800,4
10,3,5,13899600,4
10,3,7,2494800,4
10,3,9,488880,4
10,3,11,19882800,4
10,7,1,464864400,4
10,7,3,325250640,4
10,7,5,175734000,4
10,7,7,62218800,4
10,7,9,9752400,4
10,7,11,2019600,4
11,0,4,1544400,4
11,0,5,831600,4
11,0,12,294361200,4
11,2,2,31222800,4
11,2,3,22604400,4
11,2,6,4158000,4
11,2,7,1587600,4
11,2,10,9752400,4
11,2,11,37249200,4
11,4,4,68566320,4
11,4,5,44142480,4
11,4,12,39707280,4
11,8,4,521439120,4
11,8,5,389070000,4
11,8,12,7642800,4
11,10,2,1538737200,4
11,10,3,1322410320,4
11,10,6,620816400,4
11,10,7,419655600,4
11,10,10,60303600,4
11,10,11,20624400,4
14,3,1,170931600,4
14,3,3,112914000,4
14,3,5,56674800,4
14,3,7,18673200,4
14,3,9,3358800,4
14,3,11,15843600,4
14,7,1,1266289200,4
14,7,3,956959920,4
14,7,5,600339600,4
14,7,7,287398800,4
14,7,9,89910000,4
14,7,11,14137200,4
14,11,1,4761666000,4
14,11,3,3861046800,4
14,11,5,2738545200,4
14,11,7,1621574640,4
14,11,9,740653200,4
14,11,11,224110800,4
15,0,4,5569200,4
15,0,5,3603600,4
15,0,12,320196240,4
15,2,2,85978800,4
15,2,3,67087440,4
15,2,6,20077200,4
15,2,7,10810800,4
15,2,10,9298800,4
15,2,11,33814800,4
15,4,4,211474320,4
15,4,5,152675760,4
15,4,12,29887920,4
15,8,4,1494042480,4
15,8,5,1192539600,4
15,8,12,22453200,4
15,10,2,4021140240,4
15,10,3,3562671600,4
15,10,6,1981047600,4
15,10,7,1478925840,4
15,10,10,390546000,4
15,10,11,199998000,4
15,12,4,5605189200,4
15,12,5,4733276400,4
15,12,12,290012400,4
17,0,2,16758000,4
17,0,3,12790800,4
17,0,6,4165200,4
17,0,7,3452400,4
17,0,10,55681200,4
17,0,11,142837200,4
17,4,2,505950480,4
17,4,3,422740080,4
17,4,6,176024880,4
17,4,7,113032080,4
17,4,10,15155280,4
17,4,11,10684080,4
17,8,2,3091057200,4
17,8,3,2723317200,4
17,8,6,1475658000,4
17,8,7,1087959600,4
17,8,10,273423600,4
17,8,11,137926800,4
17,12,2,10700600400,4
17,12,3,9710794800,4
17,12,6,6118729200,4
17,12,7,4889077200,4
17,12,10,1843002000,4
17,12,11,1159686000,4
17,16,2,27568825200,4
17,16,3,25487168400,4
17,16,6,17626626000,4
17,16,7,14782950000,4
17,16,10,7042129200,4
17,16,11,5016805200,4
18,3,1,383811120,4
18,3,3,274140720,4
18,3,5,159768720,4
18,3,7,70171920,4
18,3,9,20790000,4
18,3,11,16481520,4
18,7,1,2819290320,4
18,7,3,2239468560,4
18,7,5,1539516720,4
18,7,7,870708720,4
18,7,9,373660560,4
18,7,11,106215120,4
18,11,1,10559268720,4
18,11,3,8877239280,4
18,11,5,6707808720,4
18,11,7,4421123280,4
18,11,9,2426744880,4
18,11,11,1025964720,4
18,15,1,28418599440,4
18,15,3,24732645840,4
18,15,5,19798251120,4
18,15,7,14301509040,4
18,15,9,9064697040,4
18,15,11,4823018640,4
19,0,4,14651280,4
19,0,5,10465200,4
19,0,12,345605040,4
19,2,2,192786000,4
19,2,3,157615920,4
19,2,6,61628400,4
19,2,7,38984400,4
19,2,10,13280400,4
19,2,11,33356400,4
19,4,4,509134320,4
19,4,5,393166800,4
19,4,12,28915920,4
19,8,4,3441387600,4
19,8,5,2865980400,4
19,8,12,148143600,4
19,10,2,8721638640,4
19,10,3,7885967760,4
19,10,6,4885408080,4
19,10,7,3871632240,4
19,10,10,1409396400,4
19,10,11,873568080,4
19,12,4,12623655600,4
19,12,5,10984669200,4
19,12,12,1321174800,4
19,16,4,33733501200,4
19,16,5,30170314800,4
19,16,12,6031214640,4
19,18,2,59235699600,4
19,18,3,55460156400,4
19,18,6,40826458800,4
19,18,7,35341866000,4
19,18,10,19494766800,4
19,18,11,14955850800,4
22,3,1,751842000,4
22,3,3,566442000,4
22,3,5,363409200,4
22,3,7,188924400,4
22,3,9,74578320,4
22,3,11,31611600,4
22,7,1,5490342000,4
22,7,3,4515750000,4
22,7,5,3301678800,4
22,7,7,2074942800,4
22,7,9,1067119920,4
22,7,11,416631600,4
22,11,1,20506122000,4
22,11,3,17685954000,4
22,11,5,13961785200,4
22,11,7,9881146800,4
22,11,9,6083516880,4
22,11,11,3110240400,4
22,15,1,55099278000,4
22,15,3,48927870000,4
22,15,5,40505648400,4
22,15,7,30840944400,4
22,15,9,21189049200,4
22,15,11,12769974000,4
22,19,1,121589067600,4
22,19,3,110111475600,4
22,19,5,94114350000,4
22,19,7,75206905200,4
22,19,9,55468158480,4
22,19,11,37072530000,4
23,0,4,31878000,4
23,0,5,24227280,4
23,0,12,370818000,4
23,2,2,377310960,4
23,2,3,318474000,4
23,2,6,147566160,4
23,2,7,102558960,4
23,2,10,29853360,4
23,2,11,40804560,4
23,4,4,1046250576,4
23,4,5,844513776,4
23,4,12,52467696,4
23,8,4,6866806320,4
23,8,5,5887380240,4
23,8,12,578849040,4
23,10,2,16681962960,4
23,10,3,15304077360,4
23,10,6,10216283760,4
23,10,7,8423850960,4
23,10,10,3734465040,4
23,10,11,2576277360,4
23,12,4,24803151120,4
23,12,5,22041906480,4
23,12,12,4008383280,4
23,16,4,65667118320,4
23,16,5,59699399760,4
23,16,12,15901719120,4
23,18,2,112546914480,4
23,18,3,106343200080,4
23,18,6,81851060880,4
23,18,7,72443836080,4
23,18,10,44130599280,4
23,18,11,35529112080,4
23,20,4,143772768720,4
23,20,5,132753394800,4
23,20,12,45321732720,4
25,0,2,67087440,4
25,0,3,55566000,4
25,0,6,26146800,4
25,0,7,19913040,4
25,0,10,70534800,4
25,0,11,169225200,4
25,4,2,1918350000,4
25,4,3,1686862800,4
25,4,6,928970640,4
25,4,7,698871600,4
25,4,10,211382640,4
25,4,11,126314640,4
25,8,2,11476726800,4
25,8,3,10466492400,4
25,8,6,6803722800,4
25,8,7,5540547600,4
25,8,10,2335410000,4
25,8,11,1577598000,4
25,12,2,39303154800,4
25,12,3,36599930640,4
25,12,6,26284366800,4
25,12,7,22486690800,4
25,12,10,11802596400,4
25,12,11,8854088400,4
25,16,2,100598274000,4
25,16,3,94932356400,4
25,16,6,72644569200,4
25,16,7,64118754000,4
25,16,10,38612624400,4
25,16,11,30926502000,4
25,20,2,215202427440,4
25,20,3,204948651600,4
25,20,6,163797699600,4
25,20,7,147657893040,4
25,20,10,97404879600,4
25,20,11,81405258000,4
25,24,2,407595661200,4
25,24,3,390773401200,4
25,24,6,322296830640,4
25,24,7,294964966800,4
25,24,10,207458450640,4
25,24,11,178540478640,4
26,3,1,1336633200,4
26,3,3,1046818800,4
26,3,5,718146000,4
26,3,7,417186000,4
26,3,9,196841520,4
26,3,11,81370800,4
26,7,1,9718909200,4
26,7,3,8201768400,4
26,7,5,6268230000,4
26,7,7,4235886000,4
26,7,9,2449394640,4
26,7,11,1156755600,4
26,11,1,36225025200,4
26,11,3,31842897840,4
26,11,5,25955542800,4
26,11,7,19322528400,4
26,11,9,12864121200,4
26,11,11,7428812400,4
26,15,1,97218219600,4
26,15,3,87638559120,4
26,15,5,74379380400,4
26,15,7,58833183600,4
26,15,9,42779696400,4
26,15,11,28044651600,4
26,19,1,214364248560,4
26,19,3,196559622000,4
26,19,5,171441556560,4
26,19,7,141226439760,4
26,19,9,108837313200,4
26,19,11,77453901360,4
26,23,1,414631386000,4
26,23,3,384879474000,4
26,23,5,342346402800,4
26,23,7,290263402800,4
26,23,9,232980682320,4
26,23,11,175408707600,4
27,0,4,61074000,4
27,0,5,48438000,4
27,0,12,396802800,4
27,2,2,670381200,4
27,2,3,579106800,4
27,2,6,301806000,4
27,2,7,223146000,4
27,2,10,72334800,4
27,2,11,66250800,4
27,4,4,1926106800,4
27,4,5,1604194320,4
27,4,12,134799120,4
27,8,4,12379061520,4
27,8,5,10840158000,4
27,8,12,1614135600,4
27,10,2,29145121200,4
27,10,3,27030056400,4
27,10,6,19057338000,4
27,10,7,16162935600,4
27,10,10,8184639600,4
27,10,11,6044346000,4
27,12,4,44214833520,4
27,12,5,39908408400,4
27,12,12,9587365200,4
27,16,4,116262217680,4
27,16,5,106994924400,4
27,16,12,34840940400,4
27,18,2,195653883600,4
27,18,3,186155463600,4
27,18,6,148138988400,4
27,18,7,133272594000,4
27,18,10,87185034000,4
27,18,11,72594601200,4
27,20,4,253383908400,4
27,20,5,236319584400,4
27,20,12,94195213200,4
27,24,4,486476499600,4
27,24,5,458136166320,4
27,24,12,210504435120,4
27,26,2,706897724400,4
27,26,3,681170893200,4
27,26,6,575334738000,4
27,26,7,532540537200,4
27,26,10,392692129200,4
27,26,11,345221989200,4
30,3,1,2210115600,4
30,3,3,1782594000,4
30,3,5,1284850800,4
30,3,7,807534000,4
30,3,9,430019280,4
30,3,11,196218000,4
30,7,1,16017447600,4
30,7,3,13786478640,4
30,7,5,10893565200,4
30,7,7,7762314000,4
30,7,9,4872582000,4
30,7,11,2610946800,4
30,11,1,59607147600,4
30,11,3,53172147600,4
30,11,5,44412519600,4
30,11,7,34334521200,4
30,11,9,24190079760,4
30,11,11,15201925200,4
30,15,1,159821046000,4
30,15,3,145764630000,4
30,15,5,126098456400,4
30,15,7,102661125840,4
30,15,9,77848225200,4
30,15,11,54212122800,4
30,19,1,352186868880,4
30,19,3,326074850640,4
30,19,5,288894013680,4
30,19,7,243564993840,4
30,19,9,193998626640,4
30,19,11,144570404880,4
30,23,1,680918238000,4
30,23,3,637299630000,4
30,23,5,574427725200,4
30,23,7,496554886800,4
30,23,9,409478788080,4
30,23,11,319891532400,4
30,27,1,1198914670800,4
30,27,3,1131321684240,4
30,27,5,1033014020400,4
30,27,7,909825462000,4
30,27,9,769812109200,4
30,27,11,622476162000,4
0,0,2,1440,5
0,0,6,64800,5
0,0,10,32608800,5
2,0,2,36000,5
2,0,3,7200,5
2,0,6,64800,5
2,0,7,554400,5
2,0,10,34682400,5
2,0,11,96112800,5
2,1,1,352800,5
2,1,7,151200,5
2,1,9,7123680,5
3,0,8,2973600,5
3,0,9,11340000,5
3,1,2,352800,5
3,1,6,1440,5
3,1,10,25057440,5
3,3,2,2308320,5
3,3,3,1170720,5
3,3,6,4320,5
3,3,7,-10080,5
3,3,10,11553120,5
3,3,11,45551520,5
4,0,3,70560,5
4,0,7,635040,5
4,0,11,101774880,5
4,1,5,7200,5
4,1,7,131040,5
4,3,3,2368800,5
4,3,5,237600,5
4,3,11,38642400,5
4,4,3,5050080,5
4,4,7,10080,5
4,4,11,27485280,5
5,0,2,332640,5
5,0,3,151200,5
5,0,4,50400,5
5,0,5,7200,5
5,0,6,79200,5
5,0,7,678240,5
5,0,10,38556000,5
5,0,11,104781600,5
5,0,12,256119840,5
5,2,4,756000,5
5,2,5,194400,5
5,2,12,147564000,5
5,4,2,13940640,5
5,4,3,8972640,5
5,4,4,4796640,5
5,4,5,1896480,5
5,4,6,427680,5
5,4,7,30240,5
5,4,10,3710880,5
5,4,11,21811680,5
5,4,12,82455840,5
6,1,1,3088800,5
6,1,7,127200,5
6,1,9,6069600,5
6,3,2,11426400,5
6,3,6,367200,5
6,3,10,6156000,5
6,5,3,27306720,5
6,5,5,8618400,5
6,5,11,10692000,5
7,0,8,3693600,5
7,0,9,13528800,5
7,1,2,3088800,5
7,1,6,64800,5
7,1,10,22932000,5
7,3,2,17344800,5
7,3,3,11584800,5
7,3,6,957600,5
7,3,7,151200,5
7,3,10,5335200,5
7,3,11,25898400,5
7,4,8,30240,5
7,4,9,90720,5
7,5,3,42285600,5
7,5,7,1965600,5
7,5,11,8368800,5
7,6,2,94802400,5
7,6,3,71316000,5
7,6,4,48595680,5
7,6,5,28922400,5
7,6,6,14162400,5
7,6,7,5119200,5
7,6,10,453600,5
7,6,11,4989600,5
7,6,12,28116000,5
8,0,2,1346400,5
8,0,6,136800,5
8,0,10,42835680,5
8,1,5,635040,5
8,1,7,151200,5
8,3,1,33153120,5
8,3,7,493920,5
8,3,9,525600,5
8,4,2,48144096,5
8,4,6,5381856,5
8,4,10,1850976,5
8,5,5,25155360,5
8,5,7,4445280,5
8,7,1,251428320,5
8,7,7,21762720,5
8,7,9,1568160,5
8,8,2,312063840,5
8,8,6,78956640,5
8,8,10,764640,5
9,2,2,16754400,5
9,2,3,11452320,5
9,2,4,6890400,5
9,2,5,3477600,5
9,2,6,1360800,5
9,2,7,352800,5
9,2,10,10504800,5
9,2,11,39952800,5
9,2,12,122623200,5
9,6,4,108813600,5
9,6,5,71388000,5
9,6,12,19254240,5
10,0,2,2751840,5
10,0,3,1778400,5
10,0,6,309600,5
10,0,7,937440,5
10,0,10,45727200,5
10,0,11,120636000,5
10,1,1,12448800,5
10,1,7,352800,5
10,1,9,6017760,5
10,3,2,49140000,5
10,3,6,6717600,5
10,3,10,3952800,5
10,4,2,92645280,5
10,4,3,70368480,5
10,4,6,15858720,5
10,4,7,6662880,5
10,4,10,1401120,5
10,4,11,9882720,5
10,5,3,125143200,5
10,5,5,58740000,5
10,5,11,5013600,5
10,7,2,399016800,5
10,7,6,111996000,5
10,7,10,2181600,5
10,8,2,588588000,5
10,8,3,487749600,5
10,8,6,185292000,5
10,8,7,109720800,5
10,8,10,6127200,5
10,8,11,2191200,5
10,9,1,955674720,5
10,9,7,181651680,5
10,9,9,44462880,5
11,0,8,4425120,5
11,0,9,15775200,5
11,1,2,12448800,5
11,1,6,1360800,5
11,1,10,22730400,5
11,3,2,65973600,5
11,3,3,49543200,5
11,3,6,10850400,5
11,3,7,4586400,5
11,3,10,3679200,5
11,3,11,18583200,5
11,4,8,4122720,5
11,4,9,997920,5
11,5,3,169837920,5
11,5,7,25855200,5
11,5,11,4428000,5
11,6,2,345492000,5
11,6,3,280355040,5
11,6,4,213285600,5
11,6,5,149652000,5
11,6,6,94644000,5
11,6,7,52164000,5
11,6,10,1965600,5
11,6,11,2613600,5
11,6,12,14580000,5
11,8,8,90266400,5
11,8,9,40410720,5
11,9,2,1112237280,5
11,9,6,416314080,5
11,9,10,30250080,5
11,11,2,2077639200,5
11,11,3,1803241440,5
11,11,6,894391200,5
11,11,7,624607200,5
11,11,10,110224800,5
11,11,11,43048800,5
12,0,3,3477600,5
12,0,7,1202400,5
12,0,11,127058400,5
12,1,5,4461600,5
12,1,7,1020000,5
12,3,3,66463200,5
12,3,5,29858400,5
12,3,11,17488800,5
12,4,3,128057760,5
12,4,7,18752160,5
12,4,11,8163360,5
12,5,5,118404000,5
12,5,7,40471200,5
12,7,3,578340000,5
12,7,5,340140000,5
12,7,11,3880800,5
12,8,3,862898400,5
12,8,7,243208800,5
12,8,11,8316000,5
12,9,5,793308960,5
12,9,7,389864160,5
12,11,3,2362370400,5
12,11,5,1604354400,5
12,11,11,80013600,5
12,12,3,3146925600,5
12,12,7,1255917600,5
12,12,11,144842400,5
13,0,4,3088800,5
13,0,5,1853280,5
13,0,12,307317600,5
13,2,4,28173600,5
13,2,5,17777760,5
13,2,12,109236960,5
13,4,4,125244576,5
13,4,5,86119776,5
13,4,12,33945696,5
13,6,4,379844640,5
13,6,5,279888480,5
13,6,12,11881440,5
13,8,4,913237920,5
13,8,5,707814240,5
13,8,12,9203040,5
13,10,4,1882409760,5
13,10,5,1514348640,5
13,10,12,27790560,5
13,12,4,3480066720,5
13,12,5,2879664480,5
13,12,12,105245280,5
14,1,1,34884000,5
14,1,7,2579040,5
14,1,9,6415200,5
14,3,2,142840800,5
14,3,6,34725600,5
14,3,10,3823200,5
14,5,3,377163360,5
14,5,5,215114400,5
14,5,11,4834080,5
14,7,2,1122530400,5
14,7,6,432799200,5
14,7,10,39160800,5
14,9,1,2593974240,5
14,9,7,742724640,5
14,9,9,289383840,5
14,11,2,4350659040,5
14,11,6,2163794400,5
14,11,10,435132000,5
14,13,3,6695892000,5
14,13,5,4946853600,5
14,13,11,601624800,5
15,0,8,5536800,5
15,0,9,18079200,5
15,1,2,34884000,5
15,1,6,7207200,5
15,1,10,23162400,5
15,3,2,179344800,5
15,3,3,143661600,5
15,3,6,47930400,5
15,3,7,27165600,5
15,3,10,4557600,5
15,3,11,15357600,5
15,4,8,31708320,5
15,4,9,14001120,5
15,5,3,476733600,5
15,5,7,121998240,5
15,5,11,6631200,5
15,6,2,917244000,5
15,6,3,777924000,5
15,6,4,629364960,5
15,6,5,481312800,5
15,6,6,343893600,5
15,6,7,226044000,5
15,6,10,30088800,5
15,6,11,11642400,5
15,6,12,11988000,5
15,8,8,415303200,5
15,8,9,244205280,5
15,9,2,2915399520,5
15,9,6,1360510560,5
15,9,10,228584160,5
15,11,2,5415228000,5
15,11,3,4834533600,5
15,11,6,2797308000,5
15,11,7,2134188000,5
15,11,10,632383200,5
15,11,11,346312800,5
15,12,8,2206945440,5
15,12,9,1528178400,5
15,13,3,8370280800,5
15,13,7,4089439200,5
15,13,11,886284000,5
15,14,4,9510268320,5
15,14,5,8185937760,5
15,14,12,765767520,5
16,0,2,13543200,5
16,0,6,3088800,5
16,0,10,54237600,5
16,1,5,16279200,5
16,1,7,5594400,5
16,3,1,261424800,5
16,3,7,38253600,5
16,3,9,9133920,5
16,4,2,413108640,5
16,4,6,134814240,5
16,4,10,9476640,5
16,5,5,361773600,5
16,5,7,166168800,5
16,7,1,1927648800,5
16,7,7,519573600,5
16,7,9,195164640,5
16,8,2,2533581600,5
16,8,6,1161770400,5
16,8,10,188791200,5
16,9,5,2226299040,5
16,9,7,1296116640,5
16,11,1,7232752800,5
16,11,7,2760861600,5
16,11,9,1398952800,5
16,12,2,8787895200,5
16,12,6,4884026400,5
16,12,10,1359136800,5
16,13,5,7872199200,5
16,13,7,5246287200,5
16,15,1,19486202400,5
16,15,7,9152287200,5
16,15,9,5494111200,5
16,16,2,22667623200,5
16,16,6,14180292000,5
16,16,10,5366109600,5
17,2,2,131392800,5
17,2,3,105199200,5
17,2,4,79535520,5
17,2,5,56181600,5
17,2,6,36597600,5
17,2,7,21621600,5
17,2,10,10346400,5
17,2,11,33026400,5
17,2,12,101138400,5
17,6,4,985762080,5
17,6,5,776181600,5
17,6,12,18770400,5
17,10,2,6033736800,5
17,10,3,5405421600,5
17,10,4,4699447200,5
17,10,5,3948501600,5
17,10,6,3189780000,5
17,10,7,2461687200,5
17,10,10,780012000,5
17,10,11,446292000,5
17,10,12,225957600,5
17,14,4,14506832160,5
17,14,5,12665846880,5
17,14,12,1602643680,5
18,0,2,20512800,5
18,0,3,15876000,5
18,0,6,5508000,5
18,0,7,4384800,5
18,0,10,57163680,5
18,0,11,145965600,5
18,1,1,79057440,5
18,1,7,10768800,5
18,1,9,8920800,5
18,3,2,331420320,5
18,3,6,110380320,5
18,3,10,11481120,5
18,4,2,613632096,5
18,4,3,517085856,5
18,4,6,226018656,5
18,4,7,149380896,5
18,4,10,23306976,5
18,4,11,14151456,5
18,5,3,895618080,5
18,5,5,573219360,5
18,5,11,24346080,5
18,7,2,2552346720,5
18,7,6,1191258720,5
18,7,10,211972320,5
18,8,2,3735879840,5
18,8,3,3310100640,5
18,8,6,1849508640,5
18,8,7,1387441440,5
18,8,10,383876640,5
18,8,11,205143840,5
18,9,1,5762012256,5
18,9,7,2115148896,5
18,9,9,1044108576,5
18,11,2,9797467680,5
18,11,6,5552802720,5
18,11,10,1641417120,5
18,12,2,12909869280,5
18,12,3,11764962720,5
18,12,6,7575418080,5
18,12,7,6123509280,5
18,12,10,2447434080,5
18,12,11,1591080480,5
18,13,3,15307457760,5
18,13,5,11943204960,5
18,13,11,2375667360,5
18,15,2,26764547040,5
18,15,6,17069603040,5
18,15,10,6783527520,5
18,16,2,33225081120,5
18,16,3,30818581920,5
18,16,6,21670054560,5
18,16,7,18329394720,5
18,16,10,9089408160,5
18,16,11,6610966560,5
18,17,1,43076103840,5
18,17,7,23162660640,5
18,17,9,15432893280,5
19,0,8,8134560,5
19,0,9,21178080,5
19,1,2,79057440,5
19,1,6,23133600,5
19,1,10,25149600,5
19,3,2,398930400,5
19,3,3,332877600,5
19,3,6,140767200,5
19,3,7,92080800,5
19,3,10,16264800,5
19,3,11,18295200,5
19,4,8,120849120,5
19,4,9,68130720,5
19,5,3,1082964960,5
19,5,7,371679840,5
19,5,11,36912480,5
19,6,2,2009953440,5
19,6,3,1754517600,5
19,6,4,1475992800,5
19,6,5,1189792800,5
19,6,6,912592800,5
19,6,7,660299040,5
19,6,10,155325600,5
19,6,11,77695200,5
19,6,12,39140640,5
19,8,8,1256762400,5
19,8,9,846165600,5
19,9,2,6335889120,5
19,9,6,3402205920,5
19,9,10,881647200,5
19,11,2,11725153440,5
19,11,3,10667685600,5
19,11,6,6816564000,5
19,11,7,5489699040,5
19,11,10,2159661600,5
19,11,11,1394210400,5
19,12,8,5957370720,5
19,12,9,4477082400,5
19,13,3,18374320800,5
19,13,7,10227549600,5
19,13,11,3152397600,5
19,14,4,21259919520,5
19,14,5,18782440800,5
19,14,12,3006004320,5
19,16,8,18629488800,5
19,16,9,14947999200,5
19,17,2,48742980000,5
19,17,6,33007917600,5
19,17,10,15133946400,5
19,19,2,71337863520,5
19,19,3,66974735520,5
19,19,6,49966593120,5
19,19,7,43543775520,5
19,19,10,24752095200,5
19,19,11,19270674720,5
20,0,3,23680800,5
20,0,7,6999840,5
20,0,11,152272800,5
20,1,5,43092000,5
20,1,7,18943200,5
20,3,3,400586400,5
20,3,5,246103200,5
20,3,11,21218400,5
20,4,3,752254560,5
20,4,7,247534560,5
20,4,11,27295200,5
20,5,5,866224800,5
20,5,7,470564640,5
20,7,3,3229100640,5
20,7,5,2295597600,5
20,7,11,222631200,5
20,8,3,4763152800,5
20,8,7,2168100000,5
20,8,11,410810400,5
20,9,5,5064141600,5
20,9,7,3274155360,5
20,11,3,12716589600,5
20,11,5,9839556000,5
20,11,11,1854597600,5
20,12,3,16834134240,5
20,12,7,9283125600,5
20,12,11,2807791200,5
20,13,5,17427319200,5
20,13,7,12495261600,5
20,15,3,35294162400,5
20,15,5,28770688800,5
20,15,11,8075440800,5
20,16,3,43947424800,5
20,16,7,27311508000,5
20,16,11,10927677600,5
20,17,5,44950701600,5
20,17,7,34403896800,5
20,19,3,79597395360,5
20,19,5,67186173600,5
20,19,11,24247951200,5
20,20,3,95289717600,5
20,20,7,64176611040,5
20,20,11,30684376800,5
21,0,2,35604000,5
21,0,3,28516320,5
21,0,4,22024800,5
21,0,5,16279200,5
21,0,6,11556000,5
21,0,7,8762400,5
21,0,10,62042400,5
21,0,11,155484000,5
21,0,12,358192800,5
21,2,4,181067040,5
21,2,5,136936800,5
21,2,12,97221600,5
21,4,2,1041112800,5
21,4,3,896171040,5
21,4,4,741740640,5
21,4,5,586826400,5
21,4,6,440719200,5
21,4,7,311656800,5
21,4,10,69228000,5
21,4,11,38109600,5
21,4,12,35920800,5
21,6,4,2130055200,5
21,6,5,1750485600,5
21,6,12,83052000,5
21,8,2,6283332000,5
21,8,3,5647471200,5
21,8,4,4933761120,5
21,8,5,4174192800,5
21,8,6,3405088800,5
21,8,7,2663920800,5
21,8,10,920253600,5
21,8,11,558597600,5
21,8,12,309117600,5
21,10,4,9902349600,5
21,10,5,8565967200,5
21,10,12,946360800,5
21,12,2,21615804000,5
21,12,3,19910167200,5
21,12,4,17947052640,5
21,12,5,15795568800,5
21,12,6,13537087200,5
21,12,7,11260216800,5
21,12,10,5178549600,5
21,12,11,3630650400,5
21,12,12,2388765600,5
21,14,4,30140843040,5
21,14,5,26894498400,5
21,14,12,5192056800,5
21,16,2,55479924000,5
21,16,3,51899862240,5
21,16,4,47718434400,5
21,16,5,43055997600,5
21,16,6,38056989600,5
21,16,7,32883060000,5
21,16,10,17995399200,5
21,16,11,13755823200,5
21,16,12,10073700000,5
21,18,4,72076281120,5
21,18,5,65635048800,5
21,18,12,17912901600,5
21,20,2,118904940000,5
21,20,3,112420012320,5
21,20,4,104772578400,5
21,20,5,96148375200,5
21,20,6,86772924000,5
21,20,7,76902818400,5
21,20,10,47109938400,5
21,20,11,38023524000,5
21,20,12,29750608800,5
22,1,1,155844000,5
22,1,7,31096800,5
22,1,9,17405280,5
22,3,2,664092000,5
22,3,6,269992800,5
22,3,10,42962400,5
22,5,3,1823724000,5
22,5,5,1259498400,5
22,5,11,108708000,5
22,7,2,5044572000,5
22,7,6,2674360800,5
22,7,10,694245600,5
22,9,1,11203077600,5
22,9,7,4856695200,5
22,9,9,2764018080,5
22,11,2,19235580000,5
22,11,6,11926159200,5
22,11,10,4469234400,5
22,13,3,30376836000,5
22,13,5,24620191200,5
22,13,11,6660309600,5
22,15,2,52342524000,5
22,15,6,35753004000,5
22,15,10,16759288800,5
22,17,1,83469204000,5
22,17,7,49339432800,5
22,17,9,35246193120,5
22,19,2,116489973600,5
22,19,6,84901672800,5
22,19,10,45974930400,5
22,21,3,156466332000,5
22,21,5,135387655200,5
22,21,11,57939386400,5
23,0,8,14061600,5
23,0,9,26546400,5
23,1,2,155844000,5
23,1,6,56881440,5
23,1,10,31825440,5
23,3,2,776524320,5
23,3,3,666450720,5
23,3,6,328252320,5
23,3,7,233845920,5
23,3,10,57417120,5
23,3,11,39791520,5
23,4,8,328186656,5
23,4,9,210996576,5
23,5,3,2139490080,5
23,5,7,887150880,5
23,5,11,148171680,5
23,6,2,3872175840,5
23,6,3,3449291040,5
23,6,4,2980988640,5
23,6,5,2489640480,5
23,6,6,2000083680,5
23,6,7,1537129440,5
23,6,10,496838880,5
23,6,11,295051680,5
23,6,12,163499040,5
23,8,8,2993790240,5
23,8,9,2184887520,5
23,9,2,12135648096,5
23,9,6,7179663456,5
23,9,10,2422922976,5
23,11,2,22399584480,5
23,11,3,20657126880,5
23,11,6,14143050720,5
23,11,7,11810746080,5
23,11,10,5547489120,5
23,11,11,3937338720,5
23,12,8,13234021920,5
23,12,9,10481274720,5
23,13,3,35451617760,5
23,13,7,21605240160,5
23,13,11,8314155360,5
23,14,4,41556636576,5
23,14,5,37396519776,5
23,14,12,8412729696,5
23,16,8,39774258720,5
23,16,9,33135441120,5
23,17,2,92662820640,5
23,17,6,66402894240,5
23,17,10,34665524640,5
23,19,2,135471432096,5
23,19,3,128304068256,5
23,19,6,99865076256,5
23,19,7,88872196896,5
23,19,10,55444658976,5
23,19,11,45142945056,5
23,20,8,94842105120,5
23,20,9,81684897120,5
23,21,3,182252172960,5
23,21,7,130006265760,5
23,21,11,70196263200,5
23,22,2,225507952800,5
23,22,3,214861926240,5
23,22,4,202222009440,5
23,22,5,187853450400,5
23,22,6,172080871200,5
23,22,7,155277712800,5
23,22,10,102849156000,5
23,22,11,86111013600,5
23,22,12,70394032800,5
24,0,2,57788640,5
24,0,6,21638880,5
24,0,10,68104800,5
24,1,5,94116000,5
24,1,7,48347040,5
24,3,1,1012888800,5
24,3,7,286322400,5
24,3,9,124740000,5
24,4,2,1660629600,5
24,4,6,780789600,5
24,4,10,164314080,5
24,5,5,1773684000,5
24,5,7,1073651040,5
24,7,1,7379618400,5
24,7,7,3011988000,5
24,7,9,1651860000,5
24,8,2,9954252000,5
24,8,6,5784933600,5
24,8,10,1886652000,5
24,9,5,10020523680,5
24,9,7,6955552800,5
24,11,1,27532159200,5
24,11,7,14011129440,5
24,11,9,9000784800,5
24,12,2,34123874400,5
24,12,6,22489077600,5
24,12,10,9752248800,5
24,13,5,33845671200,5
24,13,7,25538066400,5
24,15,1,73930358880,5
24,15,7,43148276640,5
24,15,9,30567106080,5
24,16,2,87395747040,5
24,16,6,62389260000,5
24,16,10,32319266400,5
24,17,5,86301194400,5
24,17,7,68706237600,5
24,19,1,163075096800,5
24,19,7,104328991200,5
24,19,9,78787447200,5
24,20,2,187037151840,5
24,20,6,141022550880,5
24,20,10,82186898400,5
24,21,5,184480192800,5
24,21,7,152386143840,5
24,23,1,315508284000,5
24,23,7,215499866400,5
24,23,9,170139463200,5
24,24,2,354356402400,5
24,24,6,277967052000,5
24,24,10,175995370080,5
25,2,2,508149600,5
25,2,3,434276640,5
25,2,4,358020000,5
25,2,5,283452000,5
25,2,6,214452000,5
25,2,7,154173600,5
25,2,10,46821600,5
25,2,11,50445600,5
25,2,12,101541600,5
25,6,4,4064873760,5
25,6,5,3441679200,5
25,6,12,296517600,5
25,10,2,22265137440,5
25,10,3,20544904800,5
25,10,4,18566992800,5
25,10,5,16399490400,5
25,10,6,14122447200,5
25,10,7,11822963040,5
25,10,10,5634871200,5
25,10,11,4035765600,5
25,10,12,2735324640,5
25,14,4,55950055200,5
25,14,5,50718726240,5
25,14,12,12955672800,5
25,18,2,149815461600,5
25,18,3,142080976800,5
25,18,4,132939442080,5
25,18,5,122600930400,5
25,18,6,111321194400,5
25,18,7,99392378400,5
25,18,10,62914773600,5
25,18,11,51583197600,5
25,18,12,41134975200,5
25,22,4,270900237600,5
25,22,5,252887349600,5
25,22,12,102090348000,5
26,0,2,77464800,5
26,0,3,64602720,5
26,0,6,31327200,5
26,0,7,23983200,5
26,0,10,73231200,5
26,0,11,173023200,5
26,1,1,278330400,5
26,1,7,71949600,5
26,1,9,37951200,5
26,3,2,1200391200,5
26,3,6,560196000,5
26,3,10,124624800,5
26,4,2,2204969760,5
26,4,3,1947477600,5
26,4,6,1097292960,5
26,4,7,835601760,5
26,4,10,267968160,5
26,4,11,163899360,5
26,5,3,3335663520,5
26,5,5,2431360800,5
26,5,11,334044000,5
26,7,2,9028303200,5
26,7,6,5242082400,5
26,7,10,1732600800,5
26,8,2,13167554400,5
26,8,3,12045045600,5
26,8,6,7951759200,5
26,8,7,6527887200,5
26,8,10,2859948000,5
26,8,11,1970892000,5
26,9,1,19808062560,5
26,9,7,9672737760,5
26,9,9,6052096800,5
26,11,2,34258442400,5
26,11,6,22676032800,5
26,11,10,9975290400,5
26,12,2,45050896800,5
26,12,3,42048770400,5
26,12,6,30542292000,5
26,12,7,26280021600,5
26,12,10,14161946400,5
26,12,11,10764223200,5
26,13,3,54535010400,5
26,13,5,45455810400,5
26,13,11,15164935200,5
26,15,2,92953375200,5
26,15,6,66786501600,5
26,15,10,35142357600,5
26,16,2,115243192800,5
26,16,3,108952633440,5
26,16,6,84118975200,5
26,16,7,74573704800,5
26,16,10,45789256800,5
26,16,11,37016632800,5
26,17,1,147210890400,5
26,17,7,93308695200,5
26,17,9,70043545440,5
26,19,2,206478185760,5
26,19,6,156800460960,5
26,19,10,92825984160,5
26,20,2,246435156000,5
26,20,3,235053133920,5
26,20,6,189234410400,5
26,20,7,171193154400,5
26,20,10,114659690400,5
26,20,11,96503378400,5
26,21,3,278945483040,5
26,21,5,245881245600,5
26,21,11,118921471200,5
26,23,2,401500476000,5
26,23,6,317247400800,5
26,23,10,203920869600,5
26,24,2,466620017760,5
26,24,3,447949288800,5
26,24,6,371743716960,5
26,24,7,341225105760,5
26,24,10,242993576160,5
26,24,11,210302235360,5
26,25,1,555812863200,5
26,25,7,398648527200,5
26,25,9,325141840800,5
27,0,8,25898400,5
27,0,9,36396000,5
27,1,2,278330400,5
27,1,6,118404000,5
27,1,10,48535200,5
27,3,2,1374242400,5
27,3,3,1203962400,5
27,3,6,659599200,5
27,3,7,497296800,5
27,3,10,156952800,5
27,3,11,102564000,5
27,4,8,728941920,5
27,4,9,508788000,5
27,5,3,3828232800,5
27,5,7,1811628000,5
27,5,11,424274400,5
27,6,2,6801127200,5
27,6,3,6150060000,5
27,6,4,5420832480,5
27,6,5,4644064800,5
27,6,6,3854368800,5
27,6,7,3087396000,5
27,6,10,1222452000,5
27,6,11,806652000,5
27,6,12,501184800,5
27,8,8,6110964000,5
27,8,9,4704397920,5
27,9,2,21224221920,5
27,9,6,13478749920,5
27,9,10,5433498720,5
27,11,2,39099060000,5
27,11,3,36425656800,5
27,11,6,26236029600,5
27,11,7,22485304800,5
27,11,10,11919664800,5
27,11,11,8994664800,5
27,12,8,25774207200,5
27,12,9,21168393120,5
27,13,3,62345959200,5
27,13,7,40608717600,5
27,13,11,18193744800,5
27,14,4,73799575200,5
27,14,5,67327060320,5
27,14,12,19144257120,5
27,16,8,75354813600,5
27,16,9,64479840480,5
27,17,2,161154640800,5
27,17,6,120479853600,5
27,17,10,69042362400,5
27,19,2,235415869920,5
27,19,3,224444092320,5
27,19,6,180332413920,5
27,19,7,162987071520,5
27,19,10,108743130720,5
27,19,11,91367385120,5
27,20,8,176522824800,5
27,20,9,155251706400,5
27,21,3,318430418400,5
27,21,7,237132770400,5
27,21,11,139786178400,5
27,22,2,391493916000,5
27,22,3,375204765600,5
27,22,4,355767105120,5
27,22,5,333539824800,5
27,22,6,308964664800,5
27,22,7,282553816800,5
27,22,10,198127893600,5
27,22,11,170283405600,5
27,22,12,143566365600,5
27,24,8,356982181920,5
27,24,9,320130856800,5
27,25,2,614702844000,5
27,25,6,496841896800,5
27,25,10,334425938400,5
27,27,2,809093527200,5
27,27,3,780542632800,5
27,27,6,662804532000,5
27,27,7,615058812000,5
27,27,10,458313760800,5
27,27,11,404793496800,5
28,0,3,85932000,5
28,0,7,34063200,5
28,0,11,181288800,5
28,1,5,180779040,5
28,1,7,103298400,5
28,3,3,1378170720,5
28,3,5,970794720,5
28,3,11,128351520,5
28,4,3,2558113056,5
28,4,7,1168132896,5
28,4,11,264740256,5
28,5,5,3257043360,5
28,5,7,2126386080,5
28,7,3,10723376160,5
28,7,5,8342298720,5
28,7,11,1773969120,5
28,8,3,15731180640,5
28,8,7,8892937440,5
28,8,11,2973711840,5
28,9,5,17956735776,5
28,9,7,13119484896,5
28,11,3,41486496480,5
28,11,5,34257930720,5
28,11,11,10796802720,5
28,12,3,54749308320,5
28,12,7,35289989280,5
28,12,11,15498600480,5
28,13,5,59830860960,5
28,13,7,46873712160,5
28,15,3,113940519840,5
28,15,5,97687905120,5
28,15,11,39516063840,5
28,16,3,141595089120,5
28,16,7,99279220320,5
28,16,11,51868222560,5
28,17,5,151268843040,5
28,17,7,124018604640,5
28,19,3,255196853856,5
28,19,5,224440855776,5
28,19,11,107089383456,5
28,20,3,305089535520,5
28,20,7,226618981920,5
28,20,11,132949813920,5
28,21,5,321498525600,5
28,21,7,272022118560,5
28,23,3,499205325600,5
28,23,5,447163836000,5
28,23,11,239512812000,5
28,24,3,580892079456,5
28,24,7,449906044896,5
28,24,11,286449029856,5
28,25,5,606586171680,5
28,25,7,525190629600,5
28,27,3,886754181600,5
28,27,5,805342318560,5
28,27,11,469620819360,5
28,28,3,1011500572320,5
28,28,7,808575599520,5
28,28,11,546909945120,5
29,0,4,81557280,5
29,0,5,65772000,5
29,0,12,410588640,5
29,2,4,640807200,5
29,2,5,524296800,5
29,2,12,123314400,5
29,4,4,2531918880,5
29,4,5,2135201760,5
29,4,12,213792480,5
29,6,4,7091028000,5
29,6,5,6137301600,5
29,6,12,799619040,5
29,8,4,16136820000,5
29,8,5,14251960800,5
29,8,12,2480940000,5
29,10,4,31970530080,5
29,10,5,28683093600,5
29,10,12,6340451040,5
29,12,4,57375943200,5
29,12,5,52117164000,5
29,12,12,13943397600,5
29,14,4,95619394080,5
29,14,5,87723185760,5
29,14,12,27337574880,5
29,16,4,150449767200,5
29,16,5,139152722400,5
29,16,12,49053327840,5
29,18,4,226098496800,5
29,18,5,210539887200,5
29,18,12,82103551200,5
29,20,4,327279566880,5
29,20,5,306501343200,5
29,20,12,129983689440,5
29,22,4,459189511200,5
29,22,5,432136303200,5
29,22,12,196671736800,5
29,24,4,627507413280,5
29,24,5,593026529760,5
29,24,12,286628237280,5
29,26,4,838394906400,5
29,26,5,795236335200,5
29,26,12,404796284640,5
29,28,4,1098496173600,5
29,28,5,1045312581600,5
29,28,12,556601522400,5
30,1,1,461815200,5
30,1,7,143925600,5
30,1,9,78852960,5
30,3,2,2010175200,5
30,3,6,1037944800,5
30,3,10,293148000,5
30,5,3,5636584800,5
30,5,5,4277181600,5
30,5,11,807444000,5
30,7,2,15005628000,5
30,7,6,9327391200,5
30,7,10,3646648800,5
30,9,1,32615462880,5
30,9,7,17416254240,5
30,9,9,11658932640,5
30,11,2,56727871200,5
30,11,6,39462962400,5
30,11,10,19484661600,5
30,13,3,90864180000,5
30,13,5,77379276000,5
30,13,11,30050143200,5
30,15,2,153579270240,5
30,15,6,114710450400,5
30,15,10,65730463200,5
30,17,1,241925191200,5
30,17,7,161775180000,5
30,17,9,126013125600,5
30,19,2,340648086240,5
30,19,6,267021542880,5
30,19,10,168993226080,5
30,21,3,462283826400,5
30,21,5,413377524000,5
30,21,11,219170397600,5
30,23,2,661708476000,5
30,23,6,537033823200,5
30,23,10,364568018400,5
30,25,1,912612808800,5
30,25,7,679803630240,5
30,25,9,568354298400,5
30,27,2,1169220492000,5
30,27,6,974070770400,5
30,27,10,696435804000,5
30,29,3,1465470087840,5
30,29,5,1345300195680,5
30,29,11,837086294880,5
0,0,0,43200,6
0,0,1,14400,6
0,0,7,527040,6
0,0,8,2635200,6
0,0,9,10152000,6
1,0,0,100800,6
1,0,1,43200,6
1,0,8,2704320,6
1,0,9,10468800,6
1,1,0,302400,6
1,1,1,158400,6
1,1,3,8640,6
1,1,8,1650240,6
1,1,9,7819200,6
1,1,11,82353600,6
2,0,1,100800,6
2,0,9,10872000,6
2,1,2,158400,6
2,1,3,43200,6
2,1,4,2880,6
2,1,10,26251200,6
2,1,12,207144000,6
2,2,1,907200,6
2,2,2,475200,6
2,2,4,25920,6
2,2,9,4547520,6
2,2,10,19828800,6
2,2,12,180532800,6
3,1,3,129600,6
3,1,4,24000,6
3,1,5,-960,6
3,1,11,76645440,6
3,1,12,202392000,6
3,3,5,54720,6
4,0,2,181440,6
4,0,10,37195200,6
4,1,3,302400,6
4,1,9,6350400,6
4,2,3,947520,6
4,2,4,331200,6
4,2,5,52800,6
4,2,11,54024000,6
4,2,12,156830400,6
4,3,1,6350400,6
4,3,4,993600,6
4,3,6,14400,6
4,3,12,123566400,6
4,4,2,8326080,6
4,4,10,5261760,6
5,0,8,3326400,6
5,0,9,12398400,6
5,1,4,221760,6
5,1,5,43200,6
5,1,7,129600,6
5,1,12,195393600,6
5,2,2,3240000,6
5,2,3,1794240,6
5,2,6,14400,6
5,2,8,267840,6
5,2,9,2635200,6
5,2,10,13608000,6
5,2,11,49896000,6
5,3,4,2076480,6
5,3,5,676800,6
5,3,6,100800,6
5,3,12,110548800,6
5,4,8,-20160,6
5,4,9,181440,6
5,5,4,9720000,6
5,5,5,4449600,6
5,5,7,181440,6
5,5,12,61583040,6
6,0,0,1425600,6
6,0,2,561600,6
6,0,3,285120,6
6,0,8,3510720,6
6,0,10,39960000,6
6,0,11,107870400,6
6,1,0,4276800,6
6,1,6,14400,6
6,1,8,1170240,6
6,1,11,72072000,6
6,2,0,9979200,6
6,2,2,5227200,6
6,2,5,504000,6
6,2,8,244800,6
6,2,10,12484800,6
6,4,3,14852160,6
6,4,4,8583360,6
6,4,6,1206720,6
6,4,11,17709120,6
6,4,12,70614720,6
6,5,1,49896000,6
6,5,4,16891200,6
6,5,6,3240000,6
6,5,7,705600,6
6,5,12,49896000,6
6,6,4,30340800,6
6,6,5,16891200,6
6,6,6,7387200,6
6,6,12,35640000,6
7,0,0,2059200,6
7,0,1,1425600,6
7,1,0,6177600,6
7,1,1,4593600,6
7,1,7,129600,6
7,1,8,1166400,6
7,1,9,6022080,6
7,2,0,14414400,6
7,2,1,11246400,6
7,2,8,225600,6
7,2,9,2214720,6
7,3,1,23284800,6
7,3,9,601920,6
7,5,2,58027200,6
7,5,10,907200,6
7,6,8,1080000,6
7,6,9,60480,6
7,7,0,203860800,6
7,7,2,146836800,6
7,7,3,113400000,6
7,7,8,3240000,6
7,7,10,302400,6
7,7,11,3326400,6
8,0,0,2882880,6
8,0,1,2059200,6
8,0,3,792000,6
8,0,8,3873600,6
8,0,9,14097600,6
8,0,11,114206400,6
8,1,0,8648640,6
8,1,2,4593600,6
8,1,4,1512000,6
8,1,6,181440,6
8,1,8,1166400,6
8,1,9,6004800,6
8,1,10,22789440,6
8,1,11,70741440,6
8,1,12,189604800,6
8,2,0,20180160,6
8,2,1,16061760,6
8,2,3,7761600,6
8,2,8,216000,6
8,2,9,2088000,6
8,2,11,41722560,6
8,3,2,25312320,6
8,3,4,10670400,6
8,3,5,5382720,6
8,3,10,4749120,6
8,3,11,23411520,6
8,3,12,83603520,6
8,4,4,22464576,6
8,4,5,12355776,6
8,4,7,1624896,6
8,4,12,53925696,6
8,5,3,62758080,6
8,5,9,60480,6
8,6,4,74168640,6
8,6,5,46572480,6
8,6,7,10463040,6
8,6,12,22904640,6
8,7,0,285405120,6
8,7,3,166224960,6
8,7,5,79974720,6
8,7,6,45990720,6
8,7,8,7623360,6
8,8,0,412251840,6
8,8,1,366949440,6
8,8,3,251000640,6
8,8,8,16770240,6
8,8,9,4633920,6
8,8,11,1995840,6
9,0,0,3931200,6
9,0,1,2882880,6
9,0,4,665280,6
9,0,5,302400,6
9,0,8,4052160,6
9,0,9,14662080,6
9,0,12,281413440,6
9,1,0,11793600,6
9,1,1,9172800,6
9,1,3,4276800,6
9,1,8,1176000,6
9,1,9,6004800,6
9,1,11,70401600,6
9,2,0,27518400,6
9,2,1,22276800,6
9,3,1,45864000,6
9,3,2,35755200,6
9,3,4,16315200,6
9,3,9,475200,6
9,3,10,4305600,6
9,3,12,77544000,6
9,4,4,33754560,6
9,4,5,19784640,6
9,4,12,48116160,6
9,5,3,89933760,6
9,5,4,63046080,6
9,5,5,39297600,6
9,5,11,5791680,6
9,5,12,29903040,6
9,6,2,190607040,6
9,6,3,149774400,6
9,6,6,40824000,6
9,6,8,6753600,6
9,6,9,1425600,6
9,6,10,388800,6
9,6,11,3326400,6
9,7,0,389188800,6
9,7,2,293716800,6
9,7,5,120792000,6
9,7,8,15529920,6
9,7,10,763200,6
9,8,0,562161600,6
9,8,1,504504000,6
9,8,4,272203200,6
9,8,5,193032000,6
9,8,8,31752000,6
9,8,9,10843200,6
9,8,12,9979200,6
9,9,0,787026240,6
9,9,1,712071360,6
9,9,3,514071360,6
9,9,8,59088960,6
9,9,9,23578560,6
9,9,11,2122560,6
10,0,1,3931200,6
10,0,9,15220800,6
10,1,2,9172800,6
10,1,3,6177600,6
10,1,4,3706560,6
10,1,10,22708800,6
10,1,12,187876800,6
10,2,1,30139200,6
10,2,2,23150400,6
10,2,4,10296000,6
10,2,9,1915200,6
10,2,10,10094400,6
10,2,12,118526400,6
10,4,5,30150720,6
10,5,1,192628800,6
10,5,4,90273600,6
10,5,6,33307200,6
10,5,12,26245440,6
10,6,4,154474560,6
10,6,5,105105600,6
10,6,6,63518400,6
10,6,12,16603200,6
10,8,1,677476800,6
10,8,9,22034880,6
10,9,2,838918080,6
10,9,4,562438080,6
10,9,5,420966720,6
10,9,10,14973120,6
10,9,11,4086720,6
10,9,12,7001280,6
10,10,1,1311710400,6
10,10,2,1161800640,6
10,10,4,801662400,6
10,10,9,81950400,6
10,10,10,32126400,6
10,10,12,6747840,6
11,1,3,8648640,6
11,1,4,5428800,6
11,1,5,2980800,6
11,1,11,70142400,6
11,1,12,187444800,6
11,3,5,20750400,6
11,5,2,213796800,6
11,5,10,907200,6
11,6,8,23768640,6
11,6,9,8164800,6
11,7,3,438177600,6
11,7,4,341547840,6
11,7,6,164116800,6
11,7,11,2376000,6
11,7,12,9979200,6
11,9,4,765443520,6
11,9,5,584988480,6
11,9,7,270809280,6
11,9,12,7001280,6
11,10,4,1087416000,6
11,10,5,848318400,6
11,10,12,8856000,6
11,11,5,1193227200,6
12,0,6,734400,6
12,1,3,11793600,6
12,1,9,6108480,6
12,2,3,30542400,6
12,2,4,20704320,6
12,2,5,12542400,6
12,2,11,36187200,6
12,2,12,111931200,6
12,3,4,46912320,6
12,3,6,16632000,6
12,3,7,7761600,6
12,3,9,1062720,6
12,3,12,64584000,6
12,4,6,37028160,6
12,5,9,6350400,6
12,5,11,4075200,6
12,6,4,287570880,6
12,6,5,207144000,6
12,6,7,79358400,6
12,6,12,13003200,6
12,7,4,458243520,6
12,7,6,232776000,6
12,7,9,34413120,6
12,7,12,9028800,6
12,8,6,375883200,6
12,9,3,1242077760,6
12,9,9,125893440,6
12,10,3,1734955200,6
12,10,4,1444027200,6
12,10,5,1145092800,6
12,10,11,40824000,6
12,10,12,14990400,6
12,11,4,1990486080,6
12,11,6,1226750400,6
12,11,7,880084800,6
12,11,9,349634880,6
12,11,12,29505600,6
12,12,6,1707393600,6
13,0,2,6609600,6
13,0,3,4680000,6
13,0,7,1425600,6
13,0,8,4881600,6
13,0,9,16891200,6
13,0,10,49999680,6
13,0,11,130248000,6
13,1,4,10584000,6
13,1,5,6431040,6
13,1,7,1656000,6
13,1,12,187185600,6
13,2,7,4656960,6
13,2,8,1924800,6
13,2,9,2203200,6
13,3,4,63201600,6
13,3,5,41670720,6
13,3,6,24448320,6
13,3,12,61427520,6
13,4,2,209676096,6
13,4,3,167576256,6
13,4,7,28840896,6
13,4,8,13035456,6
13,4,9,4608576,6
13,4,10,2102976,6
13,4,11,7621056,6
13,5,4,226111680,6
13,5,5,161367360,6
13,5,7,60540480,6
13,5,12,19212480,6
13,6,7,116043840,6
13,6,8,61871040,6
13,6,9,27397440,6
13,7,4,602717760,6
13,7,5,456390720,6
13,7,6,321174720,6
13,7,12,8838720,6
13,8,2,1304571840,6
13,8,3,1116440640,6
13,8,7,344053440,6
13,8,8,207810240,6
13,8,9,109581120,6
13,8,10,47960640,6
13,8,11,16779840,6
13,9,4,1332144576,6
13,9,5,1053331776,6
13,9,7,544936896,6
13,9,12,14325696,6
13,10,7,826378560,6
13,10,8,545952960,6
13,10,9,325892160,6
13,11,4,2589238080,6
13,11,5,2114502720,6
13,11,6,1645254720,6
13,11,12,55414080,6
13,12,2,4557833280,6
13,12,3,4048873920,6
13,12,7,1712249280,6
13,12,8,1207120320,6
13,12,9,786784320,6
13,12,10,463942080,6
13,12,11,239820480,6
13,13,4,4584565440,6
13,13,5,3837936960,6
13,13,7,2362916160,6
13,13,12,187565760,6
14,0,0,13953600,6
14,0,6,1586880,6
14,0,7,1736640,6
14,0,8,5175360,6
14,1,0,41860800,6
14,1,6,5054400,6
14,1,8,2174400,6
14,1,11,70372800,6
14,2,0,97675200,6
14,2,2,68299200,6
14,2,5,24494400,6
14,2,8,3222720,6
14,2,10,9201600,6
14,4,2,266293440,6
14,4,4,164139840,6
14,4,7,42517440,6
14,4,10,3395520,6
14,4,12,31717440,6
14,5,1,527446080,6
14,5,4,294684480,6
14,5,6,144406080,6
14,5,7,87272640,6
14,5,12,17778240,6
14,6,4,492811200,6
14,6,5,370382400,6
14,6,6,258350400,6
14,6,12,11413440,6
14,7,0,1381406400,6
14,7,4,779083200,6
14,7,8,172019520,6
14,7,12,9979200,6
14,8,0,1995364800,6
14,8,6,687067200,6
14,8,7,473688000,6
14,8,8,298123200,6
14,9,0,2793510720,6
14,9,3,2040603840,6
14,9,5,1373037120,6
14,9,6,1043259840,6
14,9,8,487909440,6
14,10,0,3809332800,6
14,10,2,3228863040,6
14,10,5,1967112000,6
14,10,8,761060160,6
14,10,10,263131200,6
14,12,2,5742273600,6
14,12,4,4447684800,6
14,12,7,2284632000,6
14,12,10,684936000,6
14,12,12,179582400,6
14,13,4,5850936000,6
14,13,6,4027060800,6
14,13,9,1610280000,6
14,13,12,308491200,6
14,14,4,7564415040,6
14,14,5,6457389120,6
14,14,6,5322133440,6
14,14,12,501963840,6
15,0,0,17236800,6
15,0,1,13953600,6
15,1,0,51710400,6
15,1,1,43502400,6
15,1,7,3864000,6
15,1,8,2846400,6
15,1,9,6730560,6
15,2,0,120657600,6
15,2,1,104241600,6
15,2,8,5135040,6
15,2,9,3499200,6
15,3,1,212587200,6
15,3,9,5676480,6
15,5,2,571112640,6
15,5,10,13003200,6
15,6,8,133848000,6
15,6,9,69284160,6
15,7,0,1706443200,6
15,7,2,1401105600,6
15,7,3,1204424640,6
15,7,8,243522240,6
15,7,10,64094400,6
15,7,11,25502400,6
15,8,0,2464862400,6
15,8,1,2284286400,6
15,9,0,3450807360,6
15,9,1,3216058560,6
15,9,3,2560662720,6
15,9,8,670777920,6
15,9,9,415005120,6
15,9,11,108250560,6
15,10,0,4705646400,6
15,10,1,4406875200,6
15,10,4,3052075200,6
15,10,5,2515195200,6
15,10,8,1034980800,6
15,10,9,668779200,6
15,10,12,87877440,6
15,11,1,5900731200,6
15,11,9,1030397760,6
15,13,6,5172868800,6
15,14,2,11807536320,6
15,14,3,10734016320,6
15,14,7,5470153920,6
15,14,8,4200419520,6
15,14,9,3062733120,6
15,14,10,2097956160,6
15,14,11,1330378560,6
15,15,0,16702459200,6
15,15,6,8833406400,6
15,15,7,7179157440,6
15,15,8,5604436800,6
16,0,0,21067200,6
16,0,1,17236800,6
16,0,7,2721600,6
16,0,8,5987520,6
16,0,9,18734400,6
16,1,0,63201600,6
16,1,2,43502400,6
16,1,4,24235200,6
16,1,6,9979200,6
16,1,8,3810240,6
16,1,9,7214400,6
16,1,10,23428800,6
16,1,11,70804800,6
16,1,12,187790400,6
16,2,0,147470400,6
16,2,1,128318400,6
16,2,3,84542400,6
16,2,8,7828800,6
16,2,9,4789440,6
16,2,11,33316800,6
16,3,2,222436800,6
16,3,3,180302400,6
16,3,4,137920320,6
16,3,10,5918400,6
16,3,12,54158400,6
16,4,3,341945280,6
16,4,4,268390080,6
16,4,5,197663040,6
16,4,11,8648640,6
16,4,12,28520640,6
16,5,3,594861120,6
16,5,9,49896000,6
16,6,4,792590400,6
16,6,5,615556800,6
16,6,7,303912000,6
16,6,12,14184000,6
16,7,0,2085652800,6
16,7,6,741096000,6
16,7,8,335361600,6
16,7,11,43243200,6
16,8,0,3012609600,6
16,8,1,2801937600,6
16,8,7,839966400,6
16,8,8,564244800,6
16,8,9,345942720,6
16,9,0,4217653440,6
16,9,2,3591656640,6
16,9,4,2711465280,6
16,9,6,1745634240,6
16,9,8,901212480,6
16,9,9,578018880,6
16,9,10,334808640,6
16,9,11,170216640,6
16,9,12,75176640,6
16,10,0,5751345600,6
16,10,1,5402779200,6
16,10,3,4412128320,6
16,10,8,1377673920,6
16,10,9,918561600,6
16,10,11,304603200,6
16,11,2,6664257600,6
16,11,3,5981826240,6
16,11,4,5213073600,6
16,11,10,891144000,6
16,11,12,261489600,6
16,12,3,7938504000,6
16,12,4,6976031040,6
16,12,5,5941944000,6
16,12,11,823521600,6
16,12,12,446932800,6
16,13,3,10341259200,6
16,13,9,2925875520,6
16,14,4,11810796480,6
16,14,5,10242335040,6
16,14,7,6994088640,6
16,14,12,1125512640,6
16,15,0,20414116800,6
16,15,6,11135678400,6
16,15,8,7246653120,6
16,15,11,2678702400,6
16,16,0,25217438400,6
16,16,1,24125774400,6
16,16,7,11781403200,6
16,16,8,9455624640,6
16,16,9,7291944000,6
17,0,0,25502400,6
17,0,1,21067200,6
17,0,8,6552000,6
17,0,9,19454400,6
17,1,0,76507200,6
17,1,1,65419200,6
17,1,3,41860800,6
17,1,8,5140800,6
17,1,9,7922880,6
17,1,11,71121600,6
17,2,0,178516800,6
17,2,1,156340800,6
17,3,1,318225600,6
17,3,2,272865600,6
17,3,4,173517120,6
17,3,9,14051520,6
17,3,10,8136000,6
17,3,12,52430400,6
17,5,3,733723200,6
17,5,4,595684800,6
17,5,5,458395200,6
17,5,11,15681600,6
17,5,12,17899200,6
17,6,2,1384084800,6
17,6,3,1192536000,6
17,6,6,576993600,6
17,6,8,255528000,6
17,6,9,147026880,6
17,6,10,74260800,6
17,6,11,32788800,6
17,7,0,2524737600,6
17,7,2,2110449600,6
17,7,5,1240862400,6
17,7,8,451080000,6
17,7,10,147787200,6
17,8,0,3646843200,6
17,8,1,3402907200,6
17,8,8,750254400,6
17,8,9,476723520,6
17,9,0,5105580480,6
17,9,1,4788463680,6
17,9,3,3892870080,6
17,9,8,1186879680,6
17,9,9,785252160,6
17,9,11,256006080,6
17,10,0,6962155200,6
17,10,1,6558552000,6
17,11,1,8778369600,6
17,11,2,8117928000,6
17,11,4,6422950080,6
17,11,9,1859618880,6
17,11,10,1223208000,6
17,11,12,397425600,6
17,13,3,12642004800,6
17,13,4,11254893120,6
17,13,5,9748440000,6
17,13,11,1753646400,6
17,13,12,1051617600,6
17,14,7,8819254080,6
17,14,8,6972799680,6
17,14,9,5277303360,6
17,15,0,24711825600,6
17,15,2,22203115200,6
17,15,5,16198344000,6
17,15,8,9230155200,6
17,15,10,5226206400,6
17,16,0,30526372800,6
17,16,1,29262340800,6
17,16,8,12004574400,6
17,16,9,9394418880,6
17,17,0,37310011200,6
17,17,1,35835307200,6
17,17,3,31409553600,6
17,17,8,15370689600,6
17,17,9,12198352320,6
17,17,11,6775876800,6
18,0,1,25502400,6
18,0,9,20260800,6
18,1,2,65419200,6
18,1,3,51710400,6
18,1,4,38760000,6
18,1,10,24373440,6
18,1,12,188654400,6
18,2,1,188717760,6
18,2,2,159888960,6
18,2,4,99316800,6
18,2,9,9374400,6
18,2,10,11511360,6
18,2,12,99696960,6
18,4,5,316675776,6
18,5,1,1178210880,6
18,5,4,734633280,6
18,5,6,421692480,6
18,5,12,20623680,6
18,6,4,1212344640,6
18,6,5,966444480,6
18,6,6,730399680,6
18,6,12,26706240,6
18,8,1,4095685440,6
18,8,9,641632320,6
18,9,2,5289996096,6
18,9,4,4096512576,6
18,9,5,3428467776,6
18,9,10,654566976,6
18,9,11,371105856,6
18,9,12,186981696,6
18,10,1,7890442560,6
18,10,2,7285037760,6
18,10,4,5737911360,6
18,10,9,1623101760,6
18,10,10,1059791040,6
18,10,12,339197760,6
18,12,5,9041820480,6
18,13,4,13698104640,6
18,13,6,10113428160,6
18,13,7,8285108160,6
18,13,9,4931115840,6
18,13,12,1479677760,6
18,14,4,17641440576,6
18,14,5,15497971776,6
18,14,6,13248795456,6
18,14,12,2220837696,6
18,16,1,35178010560,6
18,16,9,11927805120,6
18,17,2,40790312640,6
18,17,3,37965775680,6
18,17,4,34679983680,6
18,17,10,11951432640,6
18,17,12,6257528640,6
18,18,1,52234015680,6
18,18,2,49579548480,6
18,18,4,42455223360,6
18,18,9,19670938560,6
18,18,10,15454313280,6
18,18,12,8422159680,6
19,1,3,63201600,6
19,1,4,48081600,6
19,1,5,34516800,6
19,1,11,72072000,6
19,1,12,189224640,6
19,3,5,199454400,6
19,5,2,1256418240,6
19,5,10,75902400,6
19,6,8,445780800,6
19,6,9,276868800,6
19,7,3,2700371520,6
19,7,4,2303179200,6
19,7,6,1481284800,6
19,7,11,156340800,6
19,7,12,75556800,6
19,9,4,4961113920,6
19,9,5,4186468800,6
19,9,7,2647149120,6
19,9,12,277485120,6
19,10,4,6940140480,6
19,10,5,5924491200,6
19,10,12,491451840,6
19,11,5,8161108800,6
19,13,6,12364833600,6
19,14,2,25463296320,6
19,14,3,23512547520,6
19,14,7,13526032320,6
19,14,8,10948701120,6
19,14,9,8535481920,6
19,14,10,6369451200,6
19,14,11,4513629120,6
19,15,2,31995311040,6
19,15,4,26957206080,6
19,15,7,17575496640,6
19,15,10,8670110400,6
19,15,12,4316178240,6
19,17,3,45499734720,6
19,17,4,41717592000,6
19,17,5,37508827200,6
19,17,11,11421009600,6
19,17,12,8229988800,6
19,19,5,56135332800,6
20,0,2,29874240,6
20,0,10,60321600,6
20,1,3,76507200,6
20,1,9,12087360,6
20,2,3,190175040,6
20,2,4,149688000,6
20,2,5,111585600,6
20,2,11,34171200,6
20,2,12,97675200,6
20,3,1,544824000,6
20,3,4,322217280,6
20,3,6,177019200,6
20,3,12,50299200,6
20,4,2,879600960,6
20,4,10,49608000,6
20,5,9,192628800,6
20,5,11,54388800,6
20,6,4,1780551360,6
20,6,5,1449864000,6
20,6,7,829828800,6
20,6,12,57412800,6
20,7,1,3989304000,6
20,7,4,2773224000,6
20,7,6,1821441600,6
20,7,7,1375934400,6
20,7,12,112622400,6
20,8,2,5322715200,6
20,8,10,701870400,6
20,9,3,6790196160,6
20,9,9,1749188160,6
20,10,3,9406411200,6
20,10,4,8322552000,6
20,10,5,7153876800,6
20,10,11,1177444800,6
20,10,12,690863040,6
20,11,1,14918904000,6
20,11,4,11337226560,6
20,11,6,8285716800,6
20,11,12,1139054400,6
20,12,2,18336225600,6
20,12,10,4094395200,6
20,13,9,7835849280,6
20,13,11,4107902400,6
20,14,4,25409799360,6
20,14,5,22565217600,6
20,14,7,16489604160,6
20,14,12,3986285760,6
20,15,1,40116600000,6
20,15,4,32199451200,6
20,15,6,25123406400,6
20,15,7,21385650240,6
20,15,12,5668971840,6
20,16,2,47101608000,6
20,16,10,14508936000,6
20,17,3,54104235840,6
20,17,9,23811163200,6
20,18,3,65929665600,6
20,18,4,60880870080,6
20,18,5,55229947200,6
20,18,11,18895694400,6
20,18,12,14136408000,6
20,19,1,88569835200,6
20,19,4,73749591360,6
20,19,6,60092539200,6
20,19,12,18446218560,6
20,20,2,101004805440,6
20,20,10,38431713600,6
21,0,8,10537920,6
21,0,9,23457600,6
21,1,4,71649600,6
21,1,5,53169600,6
21,1,7,24456000,6
21,1,12,190728000,6
21,2,2,273528000,6
21,2,3,227534400,6
21,2,6,97675200,6
21,2,8,40276800,6
21,2,9,24027840,6
21,2,10,19281600,6
21,2,11,35582400,6
21,3,4,388365120,6
21,3,5,300484800,6
21,3,6,219844800,6
21,3,12,51105600,6
21,4,8,205477440,6
21,4,9,124770240,6
21,5,4,1299499200,6
21,5,5,1049083200,6
21,5,7,587966400,6
21,5,12,45316800,6
21,6,7,1030104000,6
21,6,8,726517440,6
21,6,9,478094400,6
21,7,4,3311931840,6
21,7,5,2764372800,6
21,7,6,2217211200,6
21,7,12,162993600,6
21,8,8,1985515200,6
21,8,9,1398150720,6
21,9,4,7094283840,6
21,9,5,6073502400,6
21,9,7,4006900800,6
21,9,12,555508800,6
21,10,2,12221352000,6
21,10,3,11137072320,6
21,10,6,7184520000,6
21,10,8,4526329920,6
21,10,9,3360830400,6
21,10,10,2362190400,6
21,10,11,1554984000,6
21,11,4,13476916800,6
21,11,5,11765361600,6
21,11,6,9981489600,6
21,11,12,1535976000,6
21,12,8,9054561600,6
21,12,9,7003765440,6
21,13,4,23451933120,6
21,13,5,20790580800,6
21,13,7,15122884800,6
21,13,12,3579249600,6
21,14,7,19918324800,6
21,14,8,16437551040,6
21,14,9,13126328640,6
21,15,4,38173176000,6
21,15,5,34261531200,6
21,15,6,30085992000,6
21,15,12,7321924800,6
21,16,8,27704379840,6
21,16,9,22689633600,6
21,17,4,58956229440,6
21,17,5,53452324800,6
21,17,7,41365396800,6
21,17,12,13562337600,6
21,18,2,82706904000,6
21,18,3,77817326400,6
21,18,6,58676356800,6
21,18,8,44045870400,6
21,18,9,36816534720,6
21,18,10,29930673600,6
21,18,11,23577681600,6
21,19,4,87278418240,6
21,19,5,79798814400,6
21,19,6,71691883200,6
21,19,12,23260564800,6
21,20,8,66814585920,6
21,20,9,56791627200,6
21,21,4,124778808000,6
21,21,5,114898593600,6
21,21,7,92751768000,6
21,21,12,37538424000,6
22,0,0,58968000,6
22,0,2,42120000,6
22,0,3,34056000,6
22,0,8,12139200,6
22,0,10,63892800,6
22,0,11,158760000,6
22,1,0,176904000,6
22,1,6,46267200,6
22,1,8,20520000,6
22,1,11,74894400,6
22,2,0,412776000,6
22,2,2,322296000,6
22,2,5,166372800,6
22,2,8,52296000,6
22,2,10,23889600,6
22,4,3,1059825600,6
22,4,4,884191680,6
22,4,6,538228800,6
22,4,11,52632000,6
22,4,12,42724800,6
22,5,1,2299752000,6
22,5,4,1545595200,6
22,5,6,981288000,6
22,5,7,726062400,6
22,5,12,61876800,6
22,6,4,2528729280,6
22,6,5,2095675200,6
22,6,6,1666843200,6
22,6,12,117777600,6
22,7,0,5837832000,6
22,7,4,3925696320,6
22,7,8,1531800000,6
22,7,12,229521600,6
22,8,0,8432424000,6
22,8,2,7368504000,6
22,8,3,6649704000,6
22,8,8,2450875200,6
22,8,10,1186142400,6
22,8,11,743265600,6
22,9,0,11805393600,6
22,9,3,9465825600,6
22,9,5,7227144000,6
22,9,6,6032116800,6
22,9,8,3752395200,6
22,10,0,16098264000,6
22,10,2,14321736000,6
22,10,5,10178078400,6
22,10,8,5534827200,6
22,10,10,2989396800,6
22,12,3,23390136000,6
22,12,4,21167161920,6
22,12,6,16148260800,6
22,12,11,4623825600,6
22,12,12,3119745600,6
22,13,4,27641718720,6
22,13,6,21416788800,6
22,13,9,11878125120,6
22,13,12,4627972800,6
22,14,4,35505046080,6
22,14,5,31820712000,6
22,14,6,27893764800,6
22,14,12,6655924800,6
22,15,0,57139992000,6
22,15,4,44943595200,6
22,15,8,25932571200,6
22,15,12,9317044800,6
22,16,0,70584696000,6
22,16,2,64929384000,6
22,16,3,60886728000,6
22,16,8,33328728000,6
22,16,10,22081550400,6
22,16,11,17106638400,6
22,17,0,86270184000,6
22,17,6,56372500800,6
22,17,8,42225288000,6
22,17,11,22493169600,6
22,18,0,104432328000,6
22,18,2,96766488000,6
22,18,5,77449867200,6
22,18,8,52815067200,6
22,18,10,36510782400,6
22,20,3,131764248000,6
22,20,4,123116011200,6
22,20,6,102692232000,6
22,20,11,46623192000,6
22,20,12,36916228800,6
22,21,1,171470520000,6
22,21,4,146581807680,6
22,21,6,123155611200,6
22,21,7,110196676800,6
22,21,12,46419105600,6
22,22,4,173258205120,6
22,22,5,160510996800,6
22,22,6,146548180800,6
22,22,12,57679473600,6
23,0,0,68402880,6
23,0,1,58968000,6
23,1,0,205208640,6
23,1,1,181621440,6
23,1,7,39009600,6
23,1,8,26107200,6
23,1,9,21124800,6
23,2,0,478820160,6
23,2,1,431645760,6
23,2,8,66830400,6
23,2,9,41601600,6
23,3,1,875085120,6
23,3,9,97243200,6
23,5,2,2427122880,6
23,5,10,259277760,6
23,6,8,1122690240,6
23,6,9,773029440,6
23,7,0,6771885120,6
23,7,2,5882310720,6
23,7,3,5287239360,6
23,7,8,1881149760,6
23,7,10,890464320,6
23,7,11,551517120,6
23,8,0,9781611840,6
23,8,1,9262693440,6
23,9,0,13694256576,6
23,9,1,13019662656,6
23,9,3,11067541056,6
23,9,8,4562744256,6
23,9,9,3412224576,6
23,9,11,1618664256,6
23,10,0,18673986240,6
23,10,1,17815412160,6
23,10,4,13726848960,6
23,10,5,12008312640,6
23,10,8,6703824960,6
23,10,9,5122647360,6
23,10,12,1665264960,6
23,11,1,23825430720,6
23,11,9,7434866880,6
23,13,6,25327028160,6
23,14,2,48506268096,6
23,14,3,45296686656,6
23,14,7,28359688896,6
23,14,8,23784497856,6
23,14,9,19374624576,6
23,14,10,15269414976,6
23,14,11,11586286656,6
23,15,0,66282390720,6
23,15,6,42188408640,6
23,15,7,36606306240,6
23,15,8,31002229440,6
23,16,0,81878247360,6
23,16,1,79189306560,6
23,17,0,100073413440,6
23,17,1,96936315840,6
23,17,7,58420232640,6
23,17,8,50312162880,6
23,17,9,42317484480,6
23,18,0,121141500480,6
23,18,1,117509071680,6
23,18,8,62841199680,6
23,18,9,53315357760,6
23,19,1,141192507456,6
23,19,9,66357216576,6
23,21,2,191636228160,6
23,21,10,84553416000,6
23,22,8,137852648640,6
23,22,9,120233471040,6
23,23,0,280109793600,6
23,23,2,263682993600,6
23,23,3,251666625600,6
23,23,8,164195035200,6
23,23,10,123995966400,6
23,23,11,104624136000,6
24,0,0,78926400,6
24,0,1,68402880,6
24,0,3,47511360,6
24,0,8,16349760,6
24,0,9,28486080,6
24,0,11,165602880,6
24,1,0,236779200,6
24,1,2,181621440,6
24,1,4,121992000,6
24,1,6,69220800,6
24,1,8,32827200,6
24,1,9,25704000,6
24,1,10,34804800,6
24,1,11,78379200,6
24,1,12,194408640,6
24,2,0,552484800,6
24,2,1,499867200,6
24,2,3,373014720,6
24,2,8,84208320,6
24,2,9,53524800,6
24,2,11,44971200,6
24,3,2,902664000,6
24,3,4,648648000,6
24,3,5,518328000,6
24,3,10,75470400,6
24,3,11,50500800,6
24,3,12,61300800,6
24,4,4,1229640000,6
24,4,5,1001311680,6
24,4,7,579633600,6
24,4,12,65793600,6
24,5,3,2494618560,6
24,5,9,527446080,6
24,6,4,3491438400,6
24,6,5,2936779200,6
24,6,7,1851474240,6
24,6,12,222315840,6
24,7,0,7813713600,6
24,7,3,6153693120,6
24,7,5,4607716800,6
24,7,6,3797294400,6
24,7,8,2287158720,6
24,8,0,11286475200,6
24,8,1,10707681600,6
24,8,3,9048542400,6
24,8,8,3622449600,6
24,8,9,2684404800,6
24,8,11,1246449600,6
24,9,0,15801065280,6
24,9,2,14060692800,6
24,9,4,11500689600,6
24,9,6,8484091200,6
24,9,8,5498136000,6
24,9,9,4168584000,6
24,9,10,3011878080,6
24,9,11,2057140800,6
24,9,12,1315828800,6
24,10,0,21546907200,6
24,10,1,20589266880,6
24,10,3,17779901760,6
24,10,8,8049572160,6
24,10,9,6227686080,6
24,10,11,3244610880,6
24,11,2,25938843840,6
24,11,4,21738340800,6
24,11,5,19264766400,6
24,11,10,6810955200,6
24,11,11,4920264000,6
24,11,12,3366671040,6
24,12,4,28889438400,6
24,12,5,25784193600,6
24,12,7,19120852800,6
24,12,12,5076043200,6
24,13,3,41137761600,6
24,13,9,17324193600,6
24,14,4,48352075200,6
24,14,5,43676815680,6
24,14,7,33472152000,6
24,14,12,10499544000,6
24,15,0,76479681600,6
24,15,3,66179280960,6
24,15,5,55521028800,6
24,15,6,49458962880,6
24,15,8,36785367360,6
24,16,0,94474900800,6
24,16,1,91475697600,6
24,16,3,82311681600,6
24,16,8,47117716800,6
24,16,9,39548779200,6
24,16,11,25625390400,6
24,17,0,115469323200,6
24,17,2,107195659200,6
24,17,4,94208385600,6
24,17,6,77720644800,6
24,17,8,59515283520,6
24,17,9,50410382400,6
24,17,10,41645793600,6
24,17,11,33453604800,6
24,17,12,26030808000,6
24,18,0,139778654400,6
24,18,1,135727099200,6
24,18,3,123242212800,6
24,18,8,74239704000,6
24,18,9,63401486400,6
24,18,11,42991819200,6
24,19,2,156683419200,6
24,19,4,139181236800,6
24,19,5,128449087680,6
24,19,10,66319606080,6
24,19,11,54477720000,6
24,19,12,43538299200,6
24,20,4,166929929280,6
24,20,5,154562155200,6
24,20,7,126645301440,6
24,20,12,55104287040,6
24,21,3,211103236800,6
24,21,9,117884289600,6
24,22,4,234679156800,6
24,22,5,218557099200,6
24,22,7,181887182400,6
24,22,12,85129012800,6
24,23,0,323203608000,6
24,23,3,291423096000,6
24,23,5,257162558400,6
24,23,6,237041640000,6
24,23,8,193026859200,6
24,24,0,374916185280,6
24,24,1,366297422400,6
24,24,3,339256382400,6
24,24,8,228090744000,6
24,24,9,202032532800,6
24,24,11,150546513600,6
25,0,0,90619200,6
25,0,1,78926400,6
25,0,4,44712000,6
25,0,5,34776000,6
25,0,8,19051200,6
25,0,9,30744000,6
25,0,12,383624640,6
25,1,0,271857600,6
25,1,1,242625600,6
25,1,3,176904000,6
25,1,8,40824000,6
25,1,9,31268160,6
25,1,11,80827200,6
25,2,0,634334400,6
25,2,1,575870400,6
25,3,1,1166356800,6
25,3,2,1043582400,6
25,3,4,759170880,6
25,3,9,157711680,6
25,3,10,97675200,6
25,3,12,68328000,6
25,4,4,1436155200,6
25,4,5,1178994240,6
25,4,12,83419200,6
25,5,3,2892254400,6
25,5,4,2496254400,6
25,5,5,2083099200,6
25,5,11,259166400,6
25,5,12,151784640,6
25,6,2,5182833600,6
25,6,3,4654036800,6
25,6,6,2813976000,6
25,6,8,1662292800,6
25,6,9,1187040960,6
25,6,10,799243200,6
25,6,11,503236800,6
25,7,0,8971300800,6
25,7,2,7866331200,6
25,7,5,5390078400,6
25,7,8,2755650240,6
25,7,10,1404648000,6
25,8,0,12958545600,6
25,8,1,12315441600,6
25,8,4,9319913280,6
25,8,5,8081764800,6
25,8,8,4345454400,6
25,8,9,3265174080,6
25,8,12,998078400,6
25,9,0,18141963840,6
25,9,1,17305928640,6
25,9,3,14872334400,6
25,9,8,6570849600,6
25,9,9,5044536000,6
25,9,11,2579480640,6
25,10,0,24739041600,6
25,10,1,23674996800,6
25,11,1,31655332800,6
25,11,2,29881924800,6
25,11,4,25193626560,6
25,11,9,10802957760,6
25,11,10,8279812800,6
25,11,12,4242628800,6
25,12,4,33461812800,6
25,12,5,29985076800,6
25,12,12,6345460800,6
25,13,3,47482545600,6
25,13,4,43623823680,6
25,13,5,39329553600,6
25,13,11,12532708800,6
25,13,12,9193780800,6
25,14,7,39249403200,6
25,14,8,33370411200,6
25,14,9,27640872000,6
25,15,0,87810004800,6
25,15,2,81131077440,6
25,15,5,64432929600,6
25,15,8,43346318400,6
25,15,10,29562926400,6
25,16,0,108471182400,6
25,16,1,105138734400,6
25,16,4,88267383360,6
25,16,5,80770622400,6
25,16,8,55439294400,6
25,16,9,46856698560,6
25,16,12,23983128000,6
25,17,0,132575889600,6
25,17,1,128688033600,6
25,17,3,116727992640,6
25,17,8,69933474240,6
25,17,9,59619470400,6
25,17,11,40249492800,6
25,18,0,160486603200,6
25,18,1,155984875200,6
25,19,1,187406936640,6
25,19,2,180294206400,6
25,19,4,160777051200,6
25,19,9,92898792000,6
25,19,10,78733448640,6
25,19,12,52620321600,6
25,20,4,192781857600,6
25,20,5,178959796800,6
25,20,12,66408344640,6
25,21,3,243253483200,6
25,21,4,229351124160,6
25,21,5,213526152000,6
25,21,11,100500177600,6
25,21,12,82793995200,6
25,22,2,299964168000,6
25,22,3,286695944640,6
25,22,6,233038209600,6
25,22,8,189635826240,6
25,22,9,167078116800,6
25,22,10,144637819200,6
25,22,11,122818939200,6
25,23,0,371085624000,6
25,23,2,350691432000,6
25,23,5,297468715200,6
25,23,8,225519000000,6
25,23,10,173910542400,6
25,24,0,430459323840,6
25,24,1,420882920640,6
25,24,4,370690171200,6
25,24,5,347713698240,6
25,24,8,266299790400,6
25,24,9,236919816000,6
25,24,12,150758078400,6
25,25,0,496683835200,6
25,25,1,486002462400,6
25,25,3,452343528000,6
25,25,8,312407323200,6
25,25,9,279149976000,6
25,25,11,212694811200,6
26,0,1,90619200,6
26,0,9,33364800,6
26,1,2,242625600,6
26,1,3,205208640,6
26,1,4,167832000,6
26,1,10,43041600,6
26,1,12,198417600,6
26,2,1,660225600,6
26,2,2,585057600,6
26,2,4,417493440,6
26,2,9,85170240,6
26,2,10,58363200,6
26,2,12,104875200,6
26,4,5,1379338560,6
26,5,1,4077864000,6
26,5,4,2894011200,6
26,5,6,1970280000,6
26,5,12,199598400,6
26,6,4,4706280000,6
26,6,5,4009118400,6
26,6,6,3303518400,6
26,6,12,388584000,6
26,8,1,14097758400,6
26,8,9,3935574720,6
26,9,2,18588461760,6
26,9,4,15409195200,6
26,9,5,13556554560,6
26,9,10,4505780160,6
26,9,11,3195783360,6
26,9,12,2143373760,6
26,10,1,27095140800,6
26,10,2,25531646400,6
26,10,4,21419294400,6
26,10,9,8965771200,6
26,10,10,6820516800,6
26,10,12,3432715200,6
26,12,5,34680657600,6
26,13,4,50242720320,6
26,13,6,40319294400,6
26,13,7,34995470400,6
26,13,9,24468505920,6
26,13,12,11289499200,6
26,14,4,64411502400,6
26,14,5,58581610560,6
26,14,6,52297104960,6
26,14,12,15822653760,6
26,16,1,120277569600,6
26,16,9,55139227200,6
26,17,2,141319598400,6
26,17,3,133940606400,6
26,17,4,125226440640,6
26,17,10,58737960000,6
26,17,12,38200248000,6
26,18,1,178429204800,6
26,18,2,171588916800,6
26,18,4,152840387520,6
26,18,9,87825165120,6
26,18,10,74304590400,6
26,18,12,49446302400,6
26,20,5,206143963200,6
26,21,1,302215032000,6
26,21,4,263494728000,6
26,21,6,226479585600,6
26,21,12,98740411200,6
26,22,4,311165951040,6
26,22,5,291119716800,6
26,22,6,268991755200,6
26,22,12,121494081600,6
26,24,1,481351066560,6
26,24,9,276168830400,6
26,25,2,539356708800,6
26,25,4,493484472000,6
26,25,5,464816088000,6
26,25,10,287477035200,6
26,25,11,250213147200,6
26,25,12,214077297600,6
26,26,1,638593502400,6
26,26,2,620282577600,6
26,26,4,569150712000,6
26,26,9,380397931200,6
26,26,10,337853073600,6
26,26,12,254458929600,6
27,1,3,236779200,6
27,1,4,195074880,6
27,1,5,155064000,6
27,1,11,87595200,6
27,1,12,201096000,6
27,3,5,837345600,6
27,5,2,4271601600,6
27,5,10,663768000,6
27,6,8,2376360000,6
27,6,9,1748537280,6
27,7,3,9399240000,6
27,7,4,8364102720,6
27,7,6,6102619200,6
27,7,11,1440648000,6
27,7,12,924264000,6
27,9,4,17700984000,6
27,9,5,15640672320,6
27,9,7,11297603520,6
27,9,12,2680413120,6
27,10,4,24588715200,6
27,10,5,21900043200,6
27,10,12,4256280000,6
27,11,5,29890641600,6
27,13,6,46554408000,6
27,14,2,84489145920,6
27,14,3,79570192320,6
27,14,7,53022467520,6
27,14,8,45611881920,6
27,14,9,38321294400,6
27,14,10,31360374720,6
27,14,11,24916605120,6
27,15,2,106023124800,6
27,15,4,93223972800,6
27,15,7,68118667200,6
27,15,10,41481115200,6
27,15,12,26090769600,6
27,17,3,152991374400,6
27,17,4,143338144320,6
27,17,5,132412593600,6
27,17,11,56918030400,6
27,17,12,45692942400,6
27,19,5,196602208320,6
27,21,2,332790753600,6
27,21,10,163769198400,6
27,22,8,254873889600,6
27,22,9,226526742720,6
27,23,3,439256952000,6
27,23,4,417289561920,6
27,23,6,364259332800,6
27,23,11,205579281600,6
27,23,12,174610900800,6
27,25,4,563940312000,6
27,25,5,532162056000,6
27,25,7,458643662400,6
27,25,12,251733700800,6
27,26,4,650316962880,6
27,26,5,614833128000,6
27,26,12,298809000000,6
27,27,5,706798872000,6
28,0,6,43963200,6
28,1,3,271857600,6
28,1,9,55252800,6
28,2,3,663796800,6
28,2,4,558331200,6
28,2,5,453485760,6
28,2,11,77098560,6
28,2,12,115536960,6
28,3,4,1176379200,6
28,3,6,771664320,6
28,3,7,588409920,6
28,3,9,296510400,6
28,3,12,105779520,6
28,4,6,1501419456,6
28,5,9,1178210880,6
28,5,11,531833280,6
28,6,4,6213896640,6
28,6,5,5351676480,6
28,6,7,3611874240,6
28,6,12,637179840,6
28,7,4,9578439360,6
28,7,6,7065126720,6
28,7,9,3506016960,6
28,7,12,1163574720,6
28,8,6,10678040640,6
28,9,3,22320910656,6
28,9,9,8512992576,6
28,10,3,30795975360,6
28,10,4,28097962560,6
28,10,5,25119944640,6
28,10,11,7292640960,6
28,10,12,5220452160,6
28,11,4,38060182080,6
28,11,6,30200598720,6
28,11,7,26022386880,6
28,11,9,17859602880,6
28,11,12,7917180480,6
28,12,6,40592422080,6
28,13,9,33633714240,6
28,13,11,21657303360,6
28,14,4,84179664576,6
28,14,5,77018899776,6
28,14,7,61135960896,6
28,14,12,22966485696,6
28,15,4,106300347840,6
28,15,6,88325490240,6
28,15,9,58350594240,6
28,15,12,31177333440,6
28,16,6,111101578560,6
28,17,3,174006809280,6
28,17,9,94952911680,6
28,18,3,211692790080,6
28,18,4,199266557760,6
28,18,5,185147570880,6
28,18,11,85248694080,6
28,18,12,69814831680,6
28,19,4,240816096576,6
28,19,6,206425630656,6
28,19,7,187179160896,6
28,19,9,146810736576,6
28,19,12,88593189696,6
28,20,6,248900944320,6
28,21,9,217721540160,6
28,21,11,163302955200,6
28,22,4,405004616640,6
28,22,5,380443406400,6
28,22,7,323964676800,6
28,22,12,168543460800,6
28,23,4,474963007680,6
28,23,6,416325268800,6
28,23,9,311910194880,6
28,23,12,204652324800,6
28,24,6,487524373056,6
28,25,3,672220814400,6
28,25,9,434028974400,6
28,26,3,773922340800,6
28,26,4,739878235200,6
28,26,5,700682274240,6
28,26,11,400883144640,6
28,26,12,348768763200,6
28,27,4,848935080000,6
28,27,6,756687072960,6
28,27,7,703802381760,6
28,27,9,589157553600,6
28,27,12,410680733760,6
28,28,6,867344137920,6
29,0,6,51554880,6
29,0,8,35040960,6
29,0,9,43894080,6
29,1,4,259358400,6
29,1,5,209563200,6
29,1,7,122351040,6
29,1,12,208232640,6
29,2,7,312984000,6
29,2,8,226653120,6
29,2,9,157320000,6
29,3,4,1347681600,6
29,3,5,1119585600,6
29,3,6,897422400,6
29,3,12,125294400,6
29,4,6,1740934080,6
29,4,8,1030438080,6
29,4,9,741545280,6
29,5,4,4375615680,6
29,5,5,3741076800,6
29,5,7,2480466240,6
29,5,12,418587840,6
29,6,7,4200517440,6
29,6,8,3298968000,6
29,6,9,2488968000,6
29,7,4,10920571200,6
29,7,5,9554126400,6
29,7,6,8137368000,6
29,7,12,1446984000,6
29,8,6,12278548800,6
29,8,8,8367364800,6
29,8,9,6574536000,6
29,9,4,23042508480,6
29,9,5,20521373760,6
29,9,7,15153727680,6
29,9,12,4051903680,6
29,10,7,21603637440,6
29,10,8,18053300160,6
29,10,9,14655746880,6
29,11,4,43283937600,6
29,11,5,39088008000,6
29,11,6,34599355200,6
29,11,12,9557317440,6
29,12,6,46461240000,6
29,12,8,34656995520,6
29,12,9,28872648000,6
29,13,4,74669918400,6
29,13,5,68181768000,6
29,13,7,53839195200,6
29,13,12,19769745600,6
29,14,7,70149602880,6
29,14,8,60961222080,6
29,14,9,51847836480,6
29,15,4,120708060480,6
29,15,5,111212942400,6
29,15,6,100870822080,6
29,15,12,36978258240,6
29,16,6,126806644800,6
29,16,8,100231300800,6
29,16,9,86686459200,6
29,17,4,185388523200,6
29,17,5,172074369600,6
29,17,7,141954724800,6
29,17,12,63954475200,6
29,18,7,175186468800,6
29,18,8,156215102400,6
29,18,9,136976212800,6
29,19,4,273184015680,6
29,19,5,255141437760,6
29,19,6,235260002880,6
29,19,12,103952566080,6
29,20,6,283553196480,6
29,20,8,233143047360,6
29,20,9,206787343680,6
29,21,4,389049796800,6
29,21,5,365272084800,6
29,21,7,310638968640,6
29,21,12,160709250240,6
29,22,7,369783086400,6
29,22,8,335728105920,6
29,22,9,300672648000,6
29,23,4,538423675200,6
29,23,5,507806798400,6
29,23,6,473795928000,6
29,23,12,238443796800,6
29,24,6,554660124480,6
29,24,8,469165798080,6
29,24,9,423667471680,6
29,25,4,727226009280,6
29,25,5,688568616000,6
29,25,7,598751375040,6
29,25,12,341858024640,6
29,26,7,694729103040,6
29,26,8,639134193600,6
29,26,9,581289710400,6
29,27,4,961859707200,6
29,27,5,913863124800,6
29,27,6,860228424000,6
29,27,12,476136302400,6
29,28,6,985807454400,6
29,28,8,851793912000,6
29,28,9,779539809600,6
29,29,4,1249210226880,6
29,29,5,1190478461760,6
29,29,7,1052872188480,6
29,29,12,646945548480,6
30,0,0,169646400,6
30,0,6,60091200,6
30,0,7,47154240,6
30,0,8,40622400,6
30,1,0,508939200,6
30,1,6,190008000,6
30,1,8,105604800,6
30,1,11,104068800,6
30,2,0,1187524800,6
30,2,2,982872000,6
30,2,5,603086400,6
30,2,8,269115840,6
30,2,10,132120000,6
30,4,2,3683211840,6
30,4,4,2883531840,6
30,4,7,1591141440,6
30,4,10,614710080,6
30,4,12,266207040,6
30,5,1,6729307200,6
30,5,4,4977288000,6
30,5,6,3566721600,6
30,5,7,2877013440,6
30,5,12,522815040,6
30,6,4,8057972160,6
30,6,5,7006478400,6
30,6,6,5924923200,6
30,6,12,991742400,6
30,7,0,16794993600,6
30,7,4,12399172800,6
30,7,8,6259122240,6
30,7,12,1779624000,6
30,8,0,24259435200,6
30,8,6,14052830400,6
30,8,7,11849947200,6
30,8,8,9705528000,6
30,9,0,33963209280,6
30,9,3,28646101440,6
30,9,5,23351791680,6
30,9,6,20413874880,6
30,9,8,14464376640,6
30,10,0,46313467200,6
30,10,2,42308735040,6
30,10,5,32613096000,6
30,10,8,20844801600,6
30,10,10,13522996800,6
30,12,2,74550168000,6
30,12,4,64963569600,6
30,12,7,46446120000,6
30,12,10,27304401600,6
30,12,12,16610616000,6
30,13,4,84513266880,6
30,13,6,69654312000,6
30,13,9,45170671680,6
30,13,12,23451595200,6
30,14,4,108188619840,6
30,14,5,99508207680,6
30,14,6,90070418880,6
30,14,12,32307992640,6
30,15,0,164387361600,6
30,15,4,136534651200,6
30,15,8,90265291200,6
30,15,12,43557877440,6
30,16,0,203066740800,6
30,16,6,144124545600,6
30,16,7,129688104000,6
30,16,8,114767016000,6
30,17,0,248192683200,6
30,17,6,178896772800,6
30,17,8,144004271040,6
30,17,11,91075406400,6
30,18,0,300443774400,6
30,18,2,283177540800,6
30,18,5,238462977600,6
30,18,8,178557624000,6
30,18,10,136050436800,6
30,20,2,406450693440,6
30,20,4,369775828800,6
30,20,7,294570239040,6
30,20,10,207663105600,6
30,20,12,151317080640,6
30,21,1,496404216000,6
30,21,4,439491447360,6
30,21,6,384435892800,6
30,21,7,353240596800,6
30,21,12,186767380800,6
30,22,4,518642923200,6
30,22,5,488934465600,6
30,22,6,455947329600,6
30,22,12,228207672000,6
30,23,0,694702008000,6
30,23,4,608046713280,6
30,23,8,453760776000,6
30,23,12,276287457600,6
30,24,0,805854329280,6
30,24,6,628516946880,6
30,24,7,582772760640,6
30,24,8,534302677440,6
30,25,0,929831918400,6
30,25,3,857879035200,6
30,25,5,778605355200,6
30,25,6,731252203200,6
30,25,8,625174670400,6
30,26,0,1067584795200,6
30,26,2,1021667169600,6
30,26,5,899065627200,6
30,26,8,727228756800,6
30,26,10,597959611200,6
30,28,2,1332206251200,6
30,28,4,1239801420480,6
30,28,7,1044661800000,6
30,28,10,806679576000,6
30,28,12,641386468800,6
30,29,4,1409764731840,6
30,29,6,1273012130880,6
30,29,9,1020899816640,6
30,29,12,744842831040,6
30,30,4,1596645576000,6
30,30,5,1525685313600,6
30,30,6,1446028113600,6
30,30,12,860435231040,6
1,1,7,201600,7
1,1,10,27849600,7
2,0,0,201600,7
2,0,12,238492800,7
2,1,0,604800,7
2,1,8,1411200,7
2,1,11,79171200,7
2,2,0,1411200,7
2,2,8,604800,7
2,2,11,65404800,7
3,0,0,362880,7
3,0,1,201600,7
3,1,0,1088640,7
3,1,1,685440,7
3,1,8,1276800,7
3,1,9,6652800,7
3,2,0,2540160,7
3,2,1,1733760,7
3,2,5,5760,7
3,2,12,167736960,7
3,3,1,3669120,7
3,3,8,40320,7
3,3,9,1814400,7
3,3,12,139259520,7
4,0,0,604800,7
4,0,1,362880,7
4,0,4,17280,7
4,0,6,74880,7
4,1,0,1814400,7
4,1,2,685440,7
4,1,4,86400,7
4,1,11,74678400,7
4,2,0,4233600,7
4,2,1,3024000,7
4,2,8,309120,7
4,2,9,3024000,7
4,2,10,15120000,7
4,3,2,4233600,7
4,3,10,9072000,7
4,4,4,2436480,7
4,4,8,-40320,7
4,4,9,362880,7
5,0,0,950400,7
5,0,1,604800,7
5,1,0,2851200,7
5,1,1,1987200,7
5,1,3,604800,7
5,1,8,1180800,7
5,1,9,6168960,7
5,1,10,23587200,7
5,1,11,73180800,7
5,2,0,6652800,7
5,2,1,4924800,7
5,3,1,10281600,7
5,3,2,7171200,7
5,3,9,881280,7
5,3,10,7344000,7
5,3,11,33264000,7
5,5,3,16732800,7
5,5,6,1353600,7
5,5,10,1814400,7
5,5,11,14256000,7
6,0,1,950400,7
6,0,5,28800,7
6,0,6,86400,7
6,0,7,720000,7
6,1,2,1987200,7
6,1,3,1088640,7
6,1,4,470400,7
6,1,10,23184000,7
6,1,12,192931200,7
6,2,4,1491840,7
6,2,6,86400,7
6,2,11,46569600,7
6,2,12,139708800,7
6,3,0,19958400,7
6,3,12,99792000,7
6,4,0,35925120,7
6,4,5,3918720,7
6,4,7,174720,7
6,4,8,-13440,7
6,4,9,120960,7
6,5,0,59875200,7
6,5,8,40320,7
6,6,0,94089600,7
6,6,2,63504000,7
6,6,7,2160000,7
6,6,8,282240,7
6,6,10,604800,7
6,6,11,6652800,7
7,1,3,1814400,7
7,1,4,881280,7
7,1,5,316800,7
7,1,11,71280000,7
7,1,12,191030400,7
7,3,0,28828800,7
7,3,5,3024000,7
7,3,12,90921600,7
7,4,0,51891840,7
7,4,1,43021440,7
7,5,0,86486400,7
7,5,1,73180800,7
7,5,4,27504000,7
7,5,6,6652800,7
7,6,0,135907200,7
7,6,1,116899200,7
7,7,1,177724800,7
7,7,4,80277120,7
7,7,5,50601600,7
7,7,7,11433600,7
7,7,12,19958400,7
8,1,3,2851200,7
8,2,4,4406400,7
8,2,5,2021760,7
8,2,7,120960,7
8,2,10,11007360,7
8,2,12,127416960,7
8,3,0,40360320,7
8,3,3,17550720,7
8,3,6,2056320,7
8,3,8,40320,7
8,4,0,72648576,7
8,4,1,61117056,7
8,4,8,233856,7
8,4,9,72576,7
8,5,0,121080960,7
8,5,2,83825280,7
8,5,4,42526080,7
8,6,0,190270080,7
8,6,1,165559680,7
8,6,3,105114240,7
8,6,8,2989440,7
8,6,9,397440,7
8,6,10,362880,7
8,6,11,3991680,7
8,7,2,210798720,7
8,7,10,328320,7
8,8,4,188334720,7
8,8,5,129306240,7
8,8,7,41005440,7
8,8,12,11975040,7
9,1,4,2428800,7
9,1,5,1142400,7
9,1,10,22723200,7
9,1,12,188576640,7
9,2,9,1987200,7
9,3,0,55036800,7
9,3,5,8899200,7
9,3,6,3888000,7
9,3,8,201600,7
9,3,11,21456000,7
9,4,0,99066240,7
9,4,1,84389760,7
9,4,8,792960,7
9,4,9,120960,7
9,5,0,165110400,7
9,5,1,143095680,7
9,5,7,8749440,7
9,5,8,2540160,7
9,5,9,362880,7
9,5,10,604800,7
9,6,0,259459200,7
9,6,1,228009600,7
9,6,7,19232640,7
9,7,11,2217600,7
9,9,10,6503040,7
10,0,8,4233600,7
10,0,12,287879040,7
10,1,6,777600,7
10,2,5,5596800,7
10,2,11,38486400,7
10,3,8,604800,7
10,3,12,72489600,7
10,4,1,113742720,7
10,4,4,48862080,7
10,4,8,1975680,7
10,4,9,362880,7
10,5,2,160218240,7
10,5,7,15603840,7
10,5,10,604800,7
10,6,1,306633600,7
10,6,2,259459200,7
10,6,9,3749760,7
10,6,10,777600,7
10,6,11,2851200,7
10,7,4,248803200,7
10,7,8,28506240,7
10,8,5,278160000,7
10,8,8,55305600,7
10,8,12,8553600,7
10,10,6,437788800,7
10,10,11,9475200,7
11,1,7,604800,7
11,2,5,8553600,7
11,2,8,604800,7
11,2,9,1895040,7
11,2,12,114998400,7
11,3,8,1411200,7
11,3,12,68227200,7
11,5,4,125539200,7
11,5,8,10523520,7
11,5,9,3024000,7
11,7,2,530409600,7
11,7,5,247766400,7
11,7,7,96566400,7
11,7,9,19232640,7
11,7,10,5443200,7
11,9,3,945141120,7
11,9,11,9060480,7
11,11,4,1502582400,7
11,11,8,399047040,7
12,0,2,5040000,7
12,0,4,2217600,7
12,0,8,4636800,7
12,0,9,16329600,7
12,0,10,48585600,7
12,1,6,2217600,7
12,1,8,1449600,7
12,1,10,22780800,7
12,1,12,187228800,7
12,2,10,9475200,7
12,3,1,106243200,7
12,4,2,162610560,7
12,4,5,62520960,7
12,4,8,7647360,7
12,4,9,2298240,7
12,4,10,1503360,7
12,4,12,36581760,7
12,5,3,225590400,7
12,5,4,170294400,7
12,5,8,18345600,7
12,5,10,1814400,7
12,6,3,371088000,7
12,6,6,136080000,7
12,6,10,4579200,7
12,6,11,2851200,7
12,7,1,791683200,7
12,8,2,1017878400,7
12,8,4,696769920,7
12,8,8,139881600,7
12,8,9,68584320,7
12,8,10,26812800,7
12,9,6,578828160,7
12,9,8,237087360,7
12,9,10,55359360,7
12,9,11,19071360,7
12,9,12,8933760,7
12,10,7,597072000,7
12,10,10,104515200,7
12,11,1,2985091200,7
12,12,2,3566908800,7
12,12,5,2191305600,7
12,12,8,861033600,7
12,12,9,540328320,7
12,12,10,302198400,7
12,12,12,57974400,7
13,1,10,22861440,7
13,2,2,53496960,7
13,2,3,40406400,7
13,2,10,9279360,7
13,3,11,16571520,7
13,5,6,104906880,7
13,5,10,3749760,7
13,6,11,3991680,7
13,7,7,206190720,7
13,7,11,7413120,7
13,9,10,93902976,7
13,10,2,2559922560,7
13,10,3,2237535360,7
13,10,10,170087040,7
13,11,11,138030720,7
13,13,6,3084428160,7
13,13,10,712575360,7
14,0,2,8519040,7
14,0,3,6168960,7
14,0,5,2620800,7
14,0,9,17470080,7
14,0,10,51408000,7
14,0,11,133418880,7
14,2,1,83721600,7
14,2,6,14313600,7
14,2,9,2678400,7
14,2,11,34473600,7
14,3,0,195350400,7
14,3,12,58665600,7
14,4,0,351630720,7
14,4,8,20845440,7
14,4,9,8346240,7
14,5,0,586051200,7
14,5,8,46085760,7
14,6,0,920937600,7
14,6,2,734106240,7
14,6,7,164211840,7
14,6,8,92707200,7
14,6,10,17539200,7
14,6,11,6652800,7
14,8,3,1422288000,7
14,8,4,1176854400,7
14,8,5,926467200,7
14,8,9,166838400,7
14,8,11,31363200,7
14,8,12,13622400,7
14,9,4,1712269440,7
14,9,11,65197440,7
14,9,12,25280640,7
14,10,1,3555377280,7
14,10,4,2414263680,7
14,10,9,474180480,7
14,10,11,125297280,7
14,10,12,50682240,7
14,11,4,3314563200,7
14,11,8,1140048000,7
14,12,6,2986300800,7
14,12,9,1111017600,7
14,13,1,8065180800,7
14,13,7,3136924800,7
14,14,7,4212051840,7
14,14,11,919175040,7
15,3,0,241315200,7
15,3,12,56246400,7
15,4,0,434367360,7
15,4,1,388402560,7
15,5,0,723945600,7
15,5,1,654998400,7
15,5,4,377827200,7
15,5,6,194140800,7
15,6,0,1137628800,7
15,6,1,1039132800,7
15,7,1,1571011200,7
15,7,5,776092800,7
15,7,6,571420800,7
15,7,7,390633600,7
15,11,8,1536393600,7
15,11,12,164592000,7
15,13,2,9256982400,7
15,13,4,7364273280,7
15,13,8,3082012800,7
15,13,9,2193886080,7
15,13,10,1456560000,7
15,15,2,14852211840,7
15,15,3,13567305600,7
15,15,5,10496304000,7
15,15,9,4173379200,7
15,15,10,2937340800,7
15,15,11,1929916800,7
16,0,3,10177920,7
16,0,11,139708800,7
16,2,7,15523200,7
16,2,10,9648000,7
16,3,0,294940800,7
16,3,5,98409600,7
16,3,8,19958400,7
16,4,0,530893440,7
16,4,1,477267840,7
16,4,7,83744640,7
16,4,8,46327680,7
16,4,9,22135680,7
16,5,0,884822400,7
16,5,2,706070400,7
16,5,4,477475200,7
16,5,11,10032000,7
16,6,0,1390435200,7
16,6,1,1275523200,7
16,6,3,968653440,7
16,6,8,187367040,7
16,6,9,102729600,7
16,6,10,48470400,7
16,6,11,19958400,7
16,7,2,1728604800,7
16,7,4,1245363840,7
16,7,5,988041600,7
16,7,10,99446400,7
16,7,12,19958400,7
16,8,4,1871637120,7
16,8,5,1512470400,7
16,8,12,37699200,7
16,9,3,3174526080,7
16,10,4,3809116800,7
16,10,5,3171196800,7
16,10,10,560016000,7
16,10,12,144374400,7
16,11,5,4393046400,7
16,11,6,3561782400,7
16,11,11,513744000,7
16,13,6,6549379200,7
16,13,8,4021315200,7
16,13,10,1999152000,7
16,13,12,725328000,7
16,14,10,2850560640,7
16,15,3,16742459520,7
16,15,5,13115088000,7
16,16,3,20880167040,7
16,16,11,3734121600,7
17,0,4,9302400,7
17,0,5,6364800,7
17,0,12,332956800,7
17,1,7,7862400,7
17,1,10,23817600,7
17,2,8,11491200,7
17,3,0,357033600,7
17,3,8,28828800,7
17,3,11,15523200,7
17,4,0,642660480,7
17,4,1,580567680,7
17,4,4,336101760,7
17,5,0,1071100800,7
17,5,1,977961600,7
17,5,8,134870400,7
17,5,9,73180800,7
17,5,10,34473600,7
17,6,0,1683158400,7
17,6,1,1550102400,7
17,7,4,1544929920,7
17,7,6,946166400,7
17,7,11,69379200,7
17,7,12,31363200,7
17,8,4,2316885120,7
17,8,5,1893110400,7
17,8,12,61776000,7
17,9,4,3350424960,7
17,9,5,2778698880,7
17,9,7,1667998080,7
17,9,10,474641280,7
17,9,12,121207680,7
17,10,9,1233187200,7
17,11,5,5458492800,7
17,11,11,736560000,7
17,12,4,8585032320,7
17,12,8,3736252800,7
17,12,9,2708737920,7
17,13,10,2683267200,7
17,14,2,17661732480,7
17,14,3,16192990080,7
17,14,10,3792977280,7
17,15,1,23637398400,7
17,15,6,13864406400,7
17,15,9,7110633600,7
17,15,11,3631478400,7
17,16,4,23079646080,7
17,16,5,20427408000,7
17,16,12,3361564800,7
17,17,7,18715536000,7
17,17,10,9305020800,7
18,0,0,30602880,7
18,0,12,339292800,7
18,1,0,91808640,7
18,1,8,6921600,7
18,1,11,71533440,7
18,2,0,214220160,7
18,2,8,16329600,7
18,2,11,33010560,7
18,3,8,40360320,7
18,3,12,51131520,7
18,4,1,699785856,7
18,4,8,90013056,7
18,4,9,48456576,7
18,4,12,27789696,7
18,5,2,1046263680,7
18,5,10,52133760,7
18,6,1,1866775680,7
18,6,2,1675175040,7
18,6,9,204301440,7
18,6,10,109226880,7
18,6,11,51511680,7
18,7,0,3029685120,7
18,7,12,49230720,7
18,8,0,4376211840,7
18,8,5,2341722240,7
18,8,12,97511040,7
18,9,0,6126696576,7
18,9,3,4726947456,7
18,9,6,2756509056,7
18,9,8,1536022656,7
18,10,0,8354586240,7
18,10,5,4861280640,7
18,10,6,3969740160,7
18,10,8,2313144960,7
18,10,11,633029760,7
18,11,8,3364260480,7
18,11,12,581834880,7
18,12,8,4749333120,7
18,12,12,948689280,7
18,13,1,17861880960,7
18,14,11,3433136256,7
18,15,0,29654190720,7
18,15,12,3224327040,7
18,16,0,36631647360,7
18,16,12,4548424320,7
18,17,0,44772013440,7
18,17,5,31034471040,7
18,17,8,19211230080,7
18,18,0,54197700480,7
18,18,8,24202039680,7
18,18,11,11674270080,7
19,0,0,36432000,7
19,0,1,30602880,7
19,1,0,109296000,7
19,1,1,94723200,7
19,1,8,9244800,7
19,1,9,10281600,7
19,2,0,255024000,7
19,2,1,225878400,7
19,2,5,89923200,7
19,2,12,98524800,7
19,3,1,459043200,7
19,3,8,55036800,7
19,3,9,29750400,7
19,3,12,50371200,7
19,5,4,896618880,7
19,5,8,241503360,7
19,5,9,143095680,7
19,7,0,3606768000,7
19,7,5,1889251200,7
19,7,7,1101686400,7
19,7,8,769749120,7
19,7,9,498960000,7
19,8,0,5209776000,7
19,8,1,4889174400,7
19,9,0,7293686400,7
19,9,1,6876904320,7
19,9,8,1957461120,7
19,9,9,1362568320,7
19,10,0,9945936000,7
19,10,1,9415486080,7
19,10,8,2929772160,7
19,10,9,2099537280,7
19,11,1,12598185600,7
19,11,4,9463536000,7
19,11,8,4238908800,7
19,11,9,3115728000,7
19,13,2,19986595200,7
19,13,5,14490806400,7
19,13,8,8164944000,7
19,13,9,6256828800,7
19,13,10,4570012800,7
19,13,12,2029104000,7
19,15,0,35302608000,7
19,15,8,14403000960,7
19,15,9,11400842880,7
19,16,0,43609104000,7
19,16,1,41947804800,7
19,17,0,53300016000,7
19,17,1,51361833600,7
19,17,7,28364918400,7
19,17,8,23737096320,7
19,17,9,19279324800,7
19,18,0,64521072000,7
19,18,1,62276860800,7
19,18,4,51045552000,7
19,19,1,74844443520,7
19,19,8,37067829120,7
19,19,9,30740411520,7
19,19,12,14430683520,7
20,0,0,43056000,7
20,0,1,36432000,7
20,0,4,18057600,7
20,1,0,129168000,7
20,1,2,94723200,7
20,1,4,58988160,7
20,1,11,72777600,7
20,2,0,301392000,7
20,2,1,268272000,7
20,2,8,30464640,7
20,2,9,17827200,7
20,2,10,15811200,7
20,3,2,476265600,7
20,3,7,118742400,7
20,3,9,41374080,7
20,3,10,22838400,7
20,4,4,617247360,7
20,4,6,357091200,7
20,4,8,158981760,7
20,4,9,93260160,7
20,5,4,1084060800,7
20,5,8,313891200,7
20,5,10,107049600,7
20,6,3,2100470400,7
20,6,6,1126972800,7
20,6,10,214704000,7
20,6,11,113097600,7
20,7,0,4262544000,7
20,7,8,981210240,7
20,7,9,653443200,7
20,8,0,6157008000,7
20,8,1,5792688000,7
20,8,4,4137194880,7
20,9,0,8619811200,7
20,9,2,7529765760,7
20,9,4,5956191360,7
20,10,0,11754288000,7
20,10,1,11151504000,7
20,10,7,4770541440,7
20,10,8,3662870400,7
20,10,9,2674512000,7
20,10,10,1839657600,7
20,11,2,13924310400,7
20,11,9,3943013760,7
20,11,10,2792880000,7
20,12,4,15109776000,7
20,12,6,11257257600,7
20,12,8,7384083840,7
20,12,9,5634115200,7
20,13,3,21881059200,7
20,13,4,19758372480,7
20,13,8,10085443200,7
20,13,10,5824022400,7
20,14,6,19554883200,7
20,14,10,8070192000,7
20,15,0,41721264000,7
20,15,8,17690313600,7
20,15,9,14166403200,7
20,16,0,51538032000,7
20,16,1,49650192000,7
20,16,4,40271333760,7
20,17,0,62990928000,7
20,17,2,57805660800,7
20,17,4,49778064000,7
20,17,11,14496451200,7
20,18,0,76252176000,7
20,18,1,73701936000,7
20,18,8,36423273600,7
20,18,9,30187946880,7
20,18,10,24290294400,7
20,19,2,84576159360,7
20,19,7,52678200960,7
20,19,9,37784396160,7
20,19,10,30747024000,7
20,20,4,88562678400,7
20,20,6,72786902400,7
20,20,8,55412380800,7
20,20,9,46748822400,7
21,0,0,50544000,7
21,0,1,43056000,7
21,1,0,151632000,7
21,1,1,132912000,7
21,1,3,91808640,7
21,1,8,15930240,7
21,1,9,14428800,7
21,1,10,27619200,7
21,1,11,73699200,7
21,2,0,353808000,7
21,2,1,316368000,7
21,2,7,65116800,7
21,3,1,642096000,7
21,3,2,564336000,7
21,3,9,56142720,7
21,3,10,31593600,7
21,3,11,25545600,7
21,5,3,1544296320,7
21,5,6,807408000,7
21,5,10,146966400,7
21,5,11,77904000,7
21,6,2,2827440000,7
21,6,3,2495283840,7
21,6,6,1377129600,7
21,6,10,289699200,7
21,7,0,5003856000,7
21,7,2,4299696000,7
21,7,7,1698556800,7
21,7,8,1233571200,7
21,7,10,532425600,7
21,7,11,308246400,7
21,8,0,7227792000,7
21,8,1,6815952000,7
21,9,0,10118908800,7
21,9,1,9583516800,7
21,9,3,8044755840,7
21,9,8,3055386240,7
21,9,9,2213101440,7
21,9,10,1508400000,7
21,9,11,955785600,7
21,10,0,13798512000,7
21,10,1,13117104000,7
21,11,1,17546256000,7
21,11,2,16419312000,7
21,11,9,4926096000,7
21,11,10,3557059200,7
21,11,11,2421475200,7
21,13,3,25867900800,7
21,13,6,17979292800,7
21,13,10,7322313600,7
21,13,11,5268009600,7
21,14,11,7429161600,7
21,15,0,48977136000,7
21,15,2,44717616000,7
21,15,7,25787894400,7
21,15,8,21514849920,7
21,15,10,13609814400,7
21,15,11,10219824000,7
21,16,0,60501168000,7
21,16,1,58367088000,7
21,17,0,73945872000,7
21,17,1,71456112000,7
21,17,3,63876297600,7
21,17,8,35160048000,7
21,17,9,29106138240,7
21,17,10,23386953600,7
21,17,11,18163094400,7
21,18,0,89513424000,7
21,18,1,86630544000,7
21,18,7,51406588800,7
21,19,1,104100796800,7
21,19,2,99576892800,7
21,19,9,45986451840,7
21,19,10,37782864000,7
21,19,11,30145737600,7
21,21,3,133520365440,7
21,21,6,104128329600,7
21,21,10,58088419200,7
21,21,11,47377411200,7
22,0,1,50544000,7
22,0,5,19958400,7
22,1,2,132912000,7
22,1,3,109296000,7
22,1,4,86244480,7
22,1,10,29462400,7
22,1,12,191721600,7
22,2,4,217134720,7
22,2,6,120700800,7
22,2,11,37737600,7
22,2,12,97257600,7
22,3,0,825552000,7
22,3,12,53020800,7
22,4,0,1485993600,7
22,4,2,1223913600,7
22,4,5,706896000,7
22,4,8,261475200,7
22,4,9,163658880,7
22,4,10,94262400,7
22,5,0,2476656000,7
22,5,8,506083200,7
22,6,0,3891888000,7
22,6,2,3319056000,7
22,6,7,1264636800,7
22,6,8,908496000,7
22,6,10,382838400,7
22,6,11,219542400,7
22,8,1,7969104000,7
22,8,4,5840392320,7
22,8,5,4975555200,7
22,8,6,4095100800,7
22,8,12,427996800,7
22,9,2,10415433600,7
22,9,10,1925078400,7
22,10,11,2017296000,7
22,11,4,15906718080,7
22,11,8,7908432000,7
22,12,5,18723484800,7
22,12,9,8610779520,7
22,13,1,34656336000,7
22,14,7,23858755200,7
22,14,11,9333744000,7
22,16,1,68183856000,7
22,16,5,50867395200,7
22,17,2,79660464000,7
22,17,4,69351131520,7
22,17,5,63110140800,7
22,17,10,28607817600,7
22,17,12,17051529600,7
22,18,4,84751989120,7
22,18,6,69539356800,7
22,18,11,29090793600,7
22,18,12,22410748800,7
22,19,0,125318793600,7
22,19,12,28974844800,7
22,20,0,149189040000,7
22,20,2,139085232000,7
22,20,5,113343158400,7
22,20,8,79904515200,7
22,20,9,68385859200,7
22,20,10,57196540800,7
22,21,0,176314320000,7
22,21,8,96848784000,7
22,21,9,83462244480,7
22,22,0,206977680000,7
22,22,2,193967280000,7
22,22,7,131711932800,7
22,22,8,116375472000,7
22,22,10,85756233600,7
22,22,11,71229513600,7
23,1,3,129168000,7
23,1,4,102960000,7
23,1,5,78503040,7
23,1,11,76429440,7
23,1,12,192931200,7
23,3,0,957640320,7
23,3,5,435726720,7
23,3,12,56315520,7
23,4,0,1723752576,7
23,4,1,1591664256,7
23,5,0,2872920960,7
23,5,1,2674788480,7
23,5,4,1825130880,7
23,5,6,1181854080,7
23,6,0,4514590080,7
23,6,1,4231543680,7
23,7,1,6382696320,7
23,7,4,4621196160,7
23,7,5,3913902720,7
23,7,7,2510766720,7
23,7,12,315342720,7
23,9,4,9852552576,7
23,9,5,8538235776,7
23,9,7,5835424896,7
23,9,12,1006701696,7
23,11,5,16453134720,7
23,11,8,9546526080,7
23,11,12,2634583680,7
23,13,2,38105458560,7
23,13,4,32370387840,7
23,13,8,17923167360,7
23,13,9,14407943040,7
23,13,10,11173887360,7
23,15,3,57065523840,7
23,15,4,52578714240,7
23,15,5,47569173120,7
23,15,9,25554752640,7
23,15,11,15774618240,7
23,15,12,11699130240,7
23,17,4,81066026880,7
23,17,5,74024807040,7
23,17,12,21182624640,7
23,18,4,99033298560,7
23,18,5,90796682880,7
23,18,12,27717655680,7
23,19,0,145369800576,7
23,19,5,110279995776,7
23,19,12,35696301696,7
23,20,0,173059286400,7
23,20,1,168285237120,7
23,21,0,204524611200,7
23,21,1,199099555200,7
23,21,4,171129087360,7
23,22,0,240094108800,7
23,22,1,233961436800,7
23,23,1,273210537600,7
23,23,4,237377796480,7
23,23,5,221105808000,7
23,23,6,203205340800,7
23,23,12,86315644800,7
24,0,7,16410240,7
24,1,3,151632000,7
24,2,4,305136000,7
24,2,5,239184000,7
24,2,7,126403200,7
24,2,10,37411200,7
24,2,12,99273600,7
24,3,0,1104969600,7
24,3,6,395452800,7
24,3,8,195350400,7
24,4,0,1988945280,7
24,4,1,1841616000,7
24,4,3,1453334400,7
24,4,8,406896000,7
24,4,9,267926400,7
24,4,11,95875200,7
24,5,0,3314908800,7
24,5,2,2817037440,7
24,5,4,2141009280,7
24,6,0,5209142400,7
24,6,1,4893436800,7
24,6,3,4017859200,7
24,6,8,1372694400,7
24,6,9,963446400,7
24,6,10,634608000,7
24,6,11,388713600,7
24,7,2,6820329600,7
24,7,10,1125648000,7
24,7,11,716918400,7
24,8,4,8023132800,7
24,8,5,6919401600,7
24,8,12,766972800,7
24,10,10,4611369600,7
24,11,3,23988182400,7
24,13,6,29751638400,7
24,13,8,21348700800,7
24,13,10,13592649600,7
24,13,11,10260662400,7
24,13,12,7405948800,7
24,14,10,18505342080,7
24,15,4,61149329280,7
24,15,12,14515770240,7
24,16,7,54807392640,7
24,17,3,101231233920,7
24,18,4,115050614400,7
24,18,5,105802876800,7
24,18,7,85117334400,7
24,18,10,52895203200,7
24,18,12,33926428800,7
24,19,0,167734385280,7
24,19,6,116731382400,7
24,19,8,91568400000,7
24,20,0,199683792000,7
24,20,1,194358890880,7
24,20,3,177834476160,7
24,20,8,111794578560,7
24,20,9,96849406080,7
24,20,11,68164778880,7
24,21,0,235989936000,7
24,21,2,221601018240,7
24,21,4,198642153600,7
24,22,0,277031664000,7
24,22,1,270191376000,7
24,22,3,248838376320,7
24,22,8,162191137920,7
24,22,9,142204809600,7
24,22,10,122400662400,7
24,22,11,103235184000,7
24,23,2,304864560000,7
24,23,10,147361852800,7
24,23,11,125204400000,7
24,24,4,321251414400,7
24,24,5,300682039680,7
24,24,12,126219254400,7
25,1,4,143544960,7
25,1,5,111945600,7
25,1,10,38505600,7
25,1,12,196214400,7
25,2,9,67939200,7
25,3,0,1268668800,7
25,3,5,612144000,7
25,3,6,472464000,7
25,3,8,241315200,7
25,3,11,64195200,7
25,4,0,2283603840,7
25,4,1,2119904640,7
25,4,8,498960000,7
25,4,9,335664000,7
25,5,0,3806006400,7
25,5,1,3560457600,7
25,5,7,1288103040,7
25,5,8,944361600,7
25,5,9,654998400,7
25,5,10,426384000,7
25,6,0,5980867200,7
25,6,1,5630083200,7
25,6,7,2211753600,7
25,7,11,917136000,7
25,9,10,3702464640,7
25,10,8,9589104000,7
25,11,6,19492041600,7
25,11,11,6077558400,7
25,13,7,29986992000,7
25,13,10,16386652800,7
25,14,2,64635849600,7
25,14,3,60632208000,7
25,14,10,22233536640,7
25,15,1,84977424000,7
25,15,4,70729027200,7
25,15,9,36287395200,7
25,15,11,23356252800,7
25,15,12,17817344640,7
25,17,4,108889891200,7
25,17,5,100048387200,7
25,17,10,49638556800,7
25,17,12,31675478400,7
25,18,9,74864522880,7
25,19,0,192583923840,7
25,19,5,148781082240,7
25,19,6,135656000640,7
25,19,8,107352604800,7
25,19,11,65203712640,7
25,20,0,229266576000,7
25,20,1,223350019200,7
25,20,8,130936444800,7
25,20,9,114047337600,7
25,21,0,270951408000,7
25,21,1,264228048000,7
25,21,7,177550531200,7
25,21,8,158239267200,7
25,21,9,138653343360,7
25,21,10,119257488000,7
25,22,0,318073392000,7
25,22,1,310473072000,7
25,23,11,148710134400,7
25,25,10,245682460800,7
26,0,8,22216320,7
26,0,12,390153600,7
26,1,6,99792000,7
26,2,5,333590400,7
26,2,11,57456000,7
26,3,8,294940800,7
26,3,12,77788800,7
26,4,1,2428594560,7
26,4,4,1667664000,7
26,4,8,605808000,7
26,4,9,415497600,7
26,5,2,3735849600,7
26,5,7,1533168000,7
26,5,10,535248000,7
26,6,1,6446908800,7
26,6,2,5950800000,7
26,6,9,1447459200,7
26,6,10,994032000,7
26,6,11,641520000,7
26,7,4,7269171840,7
26,7,8,3292732800,7
26,8,5,9385027200,7
26,8,8,5171817600,7
26,8,12,1278288000,7
26,10,6,16451164800,7
26,10,11,4963996800,7
26,11,8,16013773440,7
26,11,12,5280278400,7
26,12,4,38557434240,7
26,12,8,22037500800,7
26,13,1,61180905600,7
26,14,11,20846367360,7
26,15,4,81394185600,7
26,15,8,50752206720,7
26,16,8,64822631040,7
26,16,12,29030140800,7
26,17,5,115379683200,7
26,17,6,104646729600,7
26,17,11,48039868800,7
26,18,5,141328425600,7
26,18,11,61412630400,7
26,19,8,125104694400,7
26,19,12,63067973760,7
26,20,1,255468470400,7
26,20,4,221530204800,7
26,20,8,152449499520,7
26,20,9,133453929600,7
26,21,2,291928291200,7
26,21,9,162069667200,7
26,21,10,140183971200,7
26,22,1,355097808000,7
26,22,2,343446768000,7
26,22,9,195099891840,7
26,22,10,169797801600,7
26,22,11,145089302400,7
26,23,4,365039982720,7
26,23,8,261970416000,7
26,24,5,400069042560,7
26,24,8,309142915200,7
26,24,12,178748933760,7
26,25,3,518474286720,7
26,26,6,501550704000,7
26,26,11,295605417600,7
27,1,7,86563200,7
27,2,5,390096000,7
27,2,8,156988800,7
27,2,9,105563520,7
27,2,12,109468800,7
27,3,8,357033600,7
27,3,12,90115200,7
27,5,4,3337545600,7
27,5,8,1363824000,7
27,5,9,977961600,7
27,7,2,10314518400,7
27,7,5,7249699200,7
27,7,7,4971907200,7
27,7,9,2942248320,7
27,7,10,2114928000,7
27,9,3,19583752320,7
27,9,11,3916725120,7
27,11,4,33324670080,7
27,11,8,18767548800,7
27,13,2,66414499200,7
27,13,5,52272854400,7
27,13,8,34621238400,7
27,13,9,28777230720,7
27,13,10,23250729600,7
27,13,12,13726800000,7
27,15,6,76990953600,7
27,15,9,50110876800,7
27,18,4,174899157120,7
27,18,8,117900316800,7
27,18,9,102409211520,7
27,19,8,144982561920,7
27,19,12,75012981120,7
27,21,4,301320305280,7
27,21,6,260237059200,7
27,21,8,212989334400,7
27,21,9,188350462080,7
27,23,5,392129539200,7
27,23,9,270279400320,7
27,27,4,746265985920,7
27,27,8,564430204800,7
28,0,4,70761600,7
28,0,8,30153600,7
28,0,9,39888000,7
28,1,6,139501440,7
28,1,8,74044800,7
28,1,10,55117440,7
28,1,12,204336000,7
28,2,10,89055360,7
28,4,5,1855483776,7
28,4,8,869936256,7
28,4,9,616968576,7
28,4,12,170349696,7
28,5,3,4373470080,7
28,5,4,3830244480,7
28,5,8,1619479680,7
28,5,10,814181760,7
28,6,3,7020800640,7
28,6,6,4471447680,7
28,6,10,1488170880,7
28,6,11,1001911680,7
28,7,7,5800014720,7
28,8,4,14164571520,7
28,8,8,7172730240,7
28,8,9,5580846720,7
28,9,6,15553673856,7
28,9,8,10744361856,7
28,9,10,6497870976,7
28,9,11,4753558656,7
28,9,12,3313005696,7
28,10,7,18735212160,7
28,10,10,9744359040,7
28,12,5,45707172480,7
28,12,8,29968686720,7
28,12,9,24796033920,7
28,12,12,11612177280,7
28,13,4,65713415040,7
28,13,8,40188447360,7
28,13,10,27400383360,7
28,14,6,69264464256,7
28,14,10,36861422976,7
28,16,4,132529864320,7
28,16,8,87126376320,7
28,16,9,74965461120,7
28,17,6,138049914240,7
28,17,8,109529911680,7
28,17,10,80654336640,7
28,17,12,54245600640,7
28,18,10,101681585280,7
28,20,5,269698876800,7
28,20,8,203352789120,7
28,20,9,179630478720,7
28,20,12,111003361920,7
28,21,3,361968082560,7
28,21,4,343083807360,7
28,21,8,245185349760,7
28,21,10,190230768000,7
28,22,3,426456455040,7
28,22,6,353246659200,7
28,22,10,229885488000,7
28,22,11,198648489600,7
28,23,7,383049475200,7
28,24,4,553627080576,7
28,24,8,410193334656,7
28,24,9,369170856576,7
28,25,6,567514857600,7
28,25,8,480409776000,7
28,25,10,386939134080,7
28,25,11,340036963200,7
28,25,12,294195369600,7
28,26,7,609586185600,7
28,26,10,453992192640,7
28,28,5,921330184320,7
28,28,8,746031841920,7
28,28,9,680804784000,7
28,28,12,480567669120,7
29,0,2,115885440,7
29,0,3,98386560,7
29,0,7,40199040,7
29,0,11,185834880,7
29,1,10,62928000,7
29,2,6,413424000,7
29,2,11,90288000,7
29,3,11,159350400,7
29,4,2,3259428480,7
29,4,3,2912388480,7
29,4,11,330295680,7
29,5,6,3099761280,7
29,5,10,988848000,7
29,6,11,1230768000,7
29,7,7,6727593600,7
29,7,11,2162160000,7
29,8,2,19372003200,7
29,8,3,17863401600,7
29,8,7,10291881600,7
29,8,11,3599164800,7
29,9,10,7711724160,7
29,10,6,25187863680,7
29,10,11,8725495680,7
29,11,11,12857961600,7
29,12,2,66113308800,7
29,12,3,62083969920,7
29,12,11,18382320000,7
29,13,6,61170595200,7
29,13,10,32084438400,7
29,14,11,34824746880,7
29,15,7,89952992640,7
29,15,11,46427230080,7
29,16,2,168863840640,7
29,16,3,160427433600,7
29,16,7,113720826240,7
29,16,11,60790435200,7
29,17,10,93680668800,7
29,18,6,193438281600,7
29,18,11,99499593600,7
29,19,11,124771236480,7
29,20,2,360724890240,7
29,20,3,345467928960,7
29,20,11,154654980480,7
29,21,6,338956214400,7
29,21,10,219794889600,7
29,22,11,230441904000,7
29,23,7,437036342400,7
29,23,11,277512048000,7
29,24,2,682518545280,7
29,24,3,657500388480,7
29,24,7,513111473280,7
29,24,11,331528222080,7
29,25,10,445442371200,7
29,26,6,747072144000,7
29,26,11,463064342400,7
29,27,11,541992528000,7
29,28,2,1182787689600,7
29,28,3,1144540540800,7
29,28,11,630683222400,7
29,29,6,1124688862080,7
29,29,10,813359180160,7
30,0,5,76003200,7
30,0,9,48470400,7
30,2,1,1093276800,7
30,2,6,479606400,7
30,2,9,189475200,7
30,2,11,106128000,7
30,3,0,2375049600,7
30,3,12,149212800,7
30,4,0,4275089280,7
30,4,3,3302259840,7
30,4,6,2008010880,7
30,4,8,1212167040,7
30,4,9,884096640,7
30,4,11,407594880,7
30,5,0,7125148800,7
30,5,8,2236752000,7
30,6,0,11196662400,7
30,6,2,9904118400,7
30,6,7,4858358400,7
30,6,8,3849955200,7
30,6,10,2147126400,7
30,6,11,1496880000,7
30,8,2,21860150400,7
30,8,4,18308407680,7
30,8,5,16232630400,7
30,8,9,7695492480,7
30,8,10,5884041600,7
30,8,12,3027024000,7
30,9,4,26127123840,7
30,9,11,6822794880,7
30,9,12,4908435840,7
30,10,1,44598153600,7
30,10,4,36230697600,7
30,10,9,17050089600,7
30,10,11,10360310400,7
30,10,12,7632282240,7
30,11,4,49028434560,7
30,11,8,29189865600,7
30,12,3,70132487040,7
30,12,9,33433948800,7
30,12,11,21652329600,7
30,13,1,100619164800,7
30,13,7,61555670400,7
30,14,7,80127815040,7
30,14,11,40767914880,7
30,16,5,157715644800,7
30,16,9,99736652160,7
30,17,3,222458797440,7
30,17,5,194959324800,7
30,18,1,293186678400,7
30,18,6,219645129600,7
30,18,9,157236266880,7
30,18,11,115477084800,7
30,19,0,360532529280,7
30,19,12,121241197440,7
30,20,0,429205392000,7
30,20,3,389729577600,7
30,20,6,321711868800,7
30,20,8,266104540800,7
30,20,9,236926684800,7
30,20,11,178931491200,7
30,21,0,507242736000,7
30,21,8,320428886400,7
30,21,9,286680850560,7
30,22,0,595458864000,7
30,22,2,566161200000,7
30,22,7,420312144000,7
30,22,8,382730893440,7
30,22,10,304763299200,7
30,22,11,265931107200,7
30,24,2,768866567040,7
30,24,4,708553203840,7
30,24,5,670694359680,7
30,24,9,484013024640,7
30,24,10,432848638080,7
30,24,12,331690170240,7
30,25,4,821046710400,7
30,25,12,395133171840,7
30,26,1,1048452451200,7
30,26,4,946445477760,7
30,26,9,663332664960,7
30,26,11,532259164800,7
30,26,12,467367753600,7
30,27,4,1085701680000,7
30,27,8,841350867840,7
30,28,3,1290296304000,7
30,28,9,888690545280,7
30,28,11,723791376000,7
30,30,7,1358853229440,7
30,30,11,963276336000,7
1,1,2,57600,8
2,0,8,2822400,8
2,2,3,172800,8
3,1,7,134400,8
3,2,8,403200,8
3,2,9,3628800,8
3,3,0,5080320,8
3,3,4,403200,8
4,0,8,3144960,8
4,0,9,11854080,8
4,0,12,250064640,8
4,1,1,1209600,8
4,1,8,1209600,8
4,3,0,8467200,8
4,3,9,1209600,8
4,4,0,15240960,8
4,4,1,11854080,8
4,4,6,103680,8
5,1,2,1209600,8
5,3,0,13305600,8
5,3,3,4320000,8
5,4,0,23950080,8
5,4,1,19111680,8
5,5,0,39916800,8
5,5,1,32659200,8
6,0,9,12960000,8
6,1,5,134400,8
6,2,9,2384640,8
6,4,1,29272320,8
6,4,2,22014720,8
6,4,10,2776320,8
6,5,10,1209600,8
7,2,4,2661120,8
7,5,12,41184000,8
7,7,6,27129600,8
8,0,4,403200,8
8,2,2,11784960,8
8,4,11,12646656,8
8,5,1,103783680,8
8,5,10,725760,8
8,6,2,136477440,8
8,6,6,24871680,8
8,7,11,2661120,8
9,1,6,403200,8
9,2,8,241920,8
9,3,7,1209600,8
9,5,6,20839680,8
9,7,4,176467200,8
9,7,7,38035200,8
9,7,9,4320000,8
9,7,12,13305600,8
9,9,4,403004160,8
9,9,5,294416640,8
9,9,6,196680960,8
9,9,7,116847360,8
9,9,12,7983360,8
10,0,0,5241600,8
10,0,5,518400,8
10,1,0,15724800,8
10,1,5,1900800,8
10,1,8,1209600,8
10,1,11,70214400,8
10,2,0,36691200,8
10,2,3,16323840,8
10,2,6,2476800,8
10,2,8,349440,8
10,3,4,23950080,8
10,5,8,5510400,8
10,5,9,1209600,8
10,6,3,207417600,8
10,6,7,32659200,8
10,6,8,13305600,8
10,7,0,518918400,8
10,8,0,749548800,8
10,8,4,381646080,8
10,9,0,1049368320,8
10,9,6,291006720,8
10,9,8,98945280,8
10,10,0,1430956800,8
10,10,7,285546240,8
10,10,8,165715200,8
11,0,0,6854400,8
11,0,1,5241600,8
11,1,0,20563200,8
11,1,1,16531200,8
11,1,9,6048000,8
11,2,0,47980800,8
11,2,1,39916800,8
11,2,4,14826240,8
11,3,1,81849600,8
11,3,4,33995520,8
11,7,0,678585600,8
11,8,0,980179200,8
11,8,1,891475200,8
11,9,0,1372250880,8
11,9,1,1256935680,8
11,9,8,156683520,8
11,10,0,1871251200,8
11,10,1,1724486400,8
11,10,9,136684800,8
11,11,1,2311545600,8
11,11,9,227001600,8
11,11,12,15379200,8
12,0,0,8812800,8
12,0,1,6854400,8
12,0,12,300844800,8
12,1,0,26438400,8
12,1,2,16531200,8
12,2,0,61689600,8
12,2,1,51897600,8
12,2,7,2822400,8
12,2,8,1094400,8
12,2,9,1969920,8
12,3,2,86803200,8
12,3,8,2822400,8
12,3,10,3513600,8
12,5,6,74131200,8
12,6,8,39456000,8
12,6,9,15655680,8
12,7,0,872467200,8
12,7,8,77280000,8
12,7,10,11692800,8
12,8,0,1260230400,8
12,8,1,1152518400,8
12,8,5,530553600,8
12,9,0,1764322560,8
12,9,2,1447522560,8
12,9,4,1019370240,8
12,10,0,2405894400,8
12,10,1,2227680000,8
12,10,6,856800000,8
12,10,8,380486400,8
12,10,9,215827200,8
12,11,2,2699424000,8
12,11,8,583430400,8
12,11,10,183225600,8
12,12,4,2680254720,8
13,0,0,11162880,8
13,0,1,8812800,8
13,0,6,1094400,8
13,1,0,33488640,8
13,1,1,27613440,8
13,1,3,15724800,8
13,1,6,3421440,8
13,1,11,70237440,8
13,2,0,78140160,8
13,2,1,66389760,8
13,3,1,135717120,8
13,3,2,112216320,8
13,3,7,12337920,8
13,3,8,5080320,8
13,3,9,1900800,8
13,4,6,53312256,8
13,5,3,294094080,8
13,5,8,29863680,8
13,5,9,11854080,8
13,6,2,579882240,8
13,6,3,482307840,8
13,6,10,9434880,8
13,7,0,1105125120,8
13,7,2,887742720,8
13,7,10,22360320,8
13,8,0,1596291840,8
13,8,1,1467037440,8
13,8,6,513872640,8
13,9,0,2234808576,8
13,9,1,2066777856,8
13,9,3,1604249856,8
13,9,11,36723456,8
13,10,0,3047466240,8
13,10,1,2833608960,8
13,10,11,74108160,8
13,11,1,3795966720,8
13,11,2,3451418880,8
13,11,8,826586880,8
13,11,9,517466880,8
13,12,6,2279566080,8
13,13,3,5286677760,8
13,13,8,1709487360,8
13,13,9,1153232640,8
14,0,1,11162880,8
14,0,12,313770240,8
14,1,2,27613440,8
14,1,3,20563200,8
14,1,4,14227200,8
14,1,10,22982400,8
14,1,12,187280640,8
14,2,4,37497600,8
14,2,12,106848000,8
14,3,8,8467200,8
14,4,3,215619840,8
14,5,2,456503040,8
14,6,1,837216000,8
14,6,9,44755200,8
14,8,1,1841875200,8
14,8,2,1647993600,8
14,10,6,1526273280,8
14,10,7,1116944640,8
14,11,0,5079110400,8
14,11,12,98346240,8
14,12,0,6641913600,8
14,12,5,3719980800,8
14,12,8,1650136320,8
14,12,11,376876800,8
14,13,0,8539603200,8
14,13,8,2319379200,8
14,13,10,1034208000,8
14,14,0,10816830720,8
14,14,2,9498435840,8
14,14,10,1507403520,8
15,1,3,26438400,8
15,1,4,18735360,8
15,1,5,12230400,8
15,1,11,70560000,8
15,1,12,187488000,8
15,3,5,75398400,8
15,3,8,13305600,8
15,5,8,68140800,8
15,5,9,32659200,8
15,5,12,16899840,8
15,7,4,991737600,8
15,7,9,134956800,8
15,7,12,13305600,8
15,9,5,1760981760,8
15,9,7,990501120,8
15,9,12,44478720,8
15,11,0,6274195200,8
15,12,0,8204716800,8
15,12,1,7745068800,8
15,13,0,10548921600,8
15,13,1,9990777600,8
15,13,12,482976000,8
15,14,0,13361967360,8
15,14,1,12692194560,8
15,14,6,6818722560,8
15,15,1,15907104000,8
15,15,4,12096403200,8
16,1,1,53625600,8
16,1,3,33488640,8
16,2,2,106886400,8
16,2,4,62864640,8
16,2,5,43411200,8
16,2,12,102816000,8
16,3,6,64569600,8
16,5,1,804384000,8
16,5,8,97278720,8
16,6,2,1132704000,8
16,8,3,2218348800,8
16,8,11,88915200,8
16,10,6,2531347200,8
16,11,0,7668460800,8
16,11,8,2029251840,8
16,12,0,10027987200,8
16,12,1,9491731200,8
16,12,7,3852576000,8
16,12,9,2054787840,8
16,13,0,12893126400,8
16,13,2,11382854400,8
16,13,11,1264032000,8
16,14,0,16331293440,8
16,14,1,15549891840,8
16,14,3,13253402880,8
16,14,6,8613354240,8
16,14,11,1869584640,8
16,15,2,18251308800,8
16,15,10,3956947200,8
16,16,4,18819244800,8
16,16,5,16557408000,8
16,16,12,2427667200,8
17,1,2,53625600,8
17,1,4,30862080,8
17,1,5,21254400,8
17,1,12,188179200,8
17,2,9,6693120,8
17,3,3,223545600,8
17,3,5,126316800,8
17,3,6,85190400,8
17,4,5,251930880,8
17,4,12,27751680,8
17,5,7,221356800,8
17,6,7,400377600,8
17,7,9,273611520,8
17,9,2,4379316480,8
17,11,0,9282873600,8
17,11,3,7322515200,8
17,11,8,2633299200,8
17,12,0,12139142400,8
17,12,1,11518214400,8
17,12,5,7369747200,8
17,12,12,662112000,8
17,13,0,15607468800,8
17,13,1,14853484800,8
17,13,8,5162976000,8
17,13,9,3829835520,8
17,14,0,19769460480,8
17,14,1,18864679680,8
17,17,2,33853075200,8
18,1,6,17821440,8
18,2,3,129427200,8
18,2,5,71573760,8
18,3,0,428440320,8
18,3,4,215596800,8
18,4,0,771192576,8
18,5,0,1285320960,8
18,5,7,289255680,8
18,5,9,103783680,8
18,6,0,2019790080,8
18,6,3,1453213440,8
18,7,4,1895688960,8
18,7,8,594504960,8
18,8,8,979050240,8
18,10,7,3106709760,8
18,11,4,7832782080,8
18,12,1,13852903680,8
18,13,2,16710946560,8
18,13,8,6534447360,8
18,13,10,3531951360,8
18,14,1,22682854656,8
18,14,2,21295524096,8
18,14,7,10983280896,8
18,14,8,8791808256,8
18,14,9,6758712576,8
18,15,4,22384016640,8
18,16,5,24942293760,8
18,17,11,8868752640,8
18,18,3,46291150080,8
18,18,6,33617306880,8
19,3,0,510048000,8
19,3,4,264902400,8
19,4,0,918086400,8
19,4,1,836478720,8
19,5,0,1530144000,8
19,5,1,1407732480,8
19,5,6,529908480,8
19,6,0,2404512000,8
19,6,1,2229638400,8
19,7,1,3366316800,8
19,9,3,5688587520,8
19,14,6,16171211520,8
19,15,3,29661730560,8
19,15,6,20804071680,8
19,18,5,46117382400,8
19,18,8,29842041600,8
19,18,9,24504480000,8
19,18,12,10998662400,8
19,19,0,77425286400,8
20,0,6,9158400,8
20,0,12,351901440,8
20,1,1,112608000,8
20,1,6,29548800,8
20,1,10,26208000,8
20,1,12,189907200,8
20,3,0,602784000,8
20,4,0,1085011200,8
20,4,1,992275200,8
20,4,5,482745600,8
20,4,12,31484160,8
20,5,0,1808352000,8
20,5,2,1496759040,8
20,5,6,657734400,8
20,6,0,2841696000,8
20,6,1,2642976000,8
20,7,10,400723200,8
20,8,8,1589932800,8
20,8,9,1096231680,8
20,8,12,217324800,8
20,9,1,8146195200,8
20,9,6,4155667200,8
20,9,8,2460591360,8
20,9,11,714067200,8
20,9,12,398280960,8
20,10,6,5951750400,8
20,11,8,5275065600,8
20,12,5,13226169600,8
20,12,12,1795449600,8
20,13,6,14974675200,8
20,14,3,27987989760,8
20,14,8,13483272960,8
20,14,9,10644860160,8
20,15,2,37957904640,8
20,16,6,31814380800,8
20,16,12,7856352000,8
20,17,1,60788448000,8
20,17,6,39770553600,8
20,17,10,18921427200,8
20,17,12,10644076800,8
20,18,7,42808147200,8
20,19,0,91502611200,8
20,20,0,108931680000,8
20,20,1,105579936000,8
20,20,5,80993260800,8
20,20,12,23694992640,8
21,1,2,112608000,8
21,3,0,707616000,8
21,3,3,478137600,8
21,4,0,1273708800,8
21,4,1,1168876800,8
21,5,0,2122848000,8
21,5,1,1965600000,8
21,6,0,3335904000,8
21,6,1,3111264000,8
21,9,2,8884972800,8
21,9,6,5028307200,8
21,10,7,5818310400,8
21,11,3,15047735040,8
21,11,7,8199072000,8
21,11,8,6491600640,8
21,13,8,12328684800,8
21,13,9,9698814720,8
21,14,2,35602732800,8
21,14,3,33074576640,8
21,14,10,10094112000,8
21,15,1,47163168000,8
21,15,9,17411500800,8
21,17,2,68077152000,8
21,19,0,107416108800,8
21,19,3,93927133440,8
21,20,0,127876320000,8
21,20,1,124087392000,8
21,21,0,151126560000,8
21,21,1,146820960000,8
22,0,7,10886400,8
22,1,5,64915200,8
22,2,1,370656000,8
22,4,1,1368057600,8
22,4,7,387475200,8
22,5,10,197164800,8
22,8,7,3240518400,8
22,8,9,1758654720,8
22,9,4,8388506880,8
22,9,12,755884800,8
22,10,1,15331680000,8
22,10,7,7030598400,8
22,11,0,21464352000,8
22,12,0,28068768000,8
22,12,7,13539052800,8
22,13,0,36088416000,8
22,13,7,18146822400,8
22,13,8,14929171200,8
22,13,10,9094982400,8
22,14,0,45711993600,8
22,14,2,41680953600,8
22,14,10,12480134400,8
22,16,4,56155610880,8
22,16,6,45180115200,8
22,16,7,39271276800,8
22,16,12,12736569600,8
22,17,3,74917152000,8
22,18,1,101189088000,8
22,19,4,102591809280,8
22,19,8,65302675200,8
22,20,1,144926496000,8
22,20,7,91444550400,8
22,21,10,70383686400,8
23,2,4,258336000,8
23,5,12,84314880,8
23,11,0,24898648320,8
23,11,4,18651790080,8
23,12,0,32559770880,8
23,12,1,31238887680,8
23,13,0,41862562560,8
23,13,1,40258632960,8
23,13,5,28957512960,8
23,14,0,53025912576,8
23,14,1,51101197056,8
23,14,6,32948441856,8
23,15,1,63996791040,8
23,15,10,20430731520,8
23,19,8,77600307456,8
23,21,8,114832892160,8
23,21,9,99553916160,8
23,21,12,56810799360,8
23,23,7,184085395200,8
23,23,9,144006439680,8
24,0,4,37889280,8
24,2,2,439084800,8
24,3,3,779155200,8
24,5,1,3093914880,8
24,5,10,335059200,8
24,5,11,197786880,8
24,6,2,4491728640,8
24,6,6,2381011200,8
24,7,4,5405395200,8
24,7,12,423878400,8
24,9,1,15048633600,8
24,10,6,12050714880,8
24,10,7,10015299840,8
24,11,0,28729209600,8
24,11,8,11427897600,8
24,12,0,37568966400,8
24,12,1,36095673600,8
24,12,3,31699019520,8
24,12,8,15800037120,8
24,13,0,48302956800,8
24,13,2,44108064000,8
24,13,4,37682361600,8
24,14,0,61183745280,8
24,14,1,59036947200,8
24,14,3,52545542400,8
24,14,11,14227142400,8
24,15,11,19285274880,8
24,16,5,69637497600,8
24,16,12,19629354240,8
24,18,2,130183200000,8
24,21,1,229938912000,8
24,21,6,168938438400,8
24,21,8,135227232000,8
24,21,12,68878045440,8
24,22,2,260747424000,8
24,22,6,200824416000,8
24,24,7,253591430400,8
25,1,6,83462400,8
25,1,7,59270400,8
25,3,7,347155200,8
25,5,6,1673568000,8
25,7,6,4476038400,8
25,7,7,3584851200,8
25,7,9,2021241600,8
25,9,6,9959120640,8
25,10,9,7503148800,8
25,11,0,32985388800,8
25,11,5,22423084800,8
25,11,7,16506604800,8
25,11,8,13575609600,8
25,12,0,43134739200,8
25,12,1,41497747200,8
25,12,8,18723882240,8
25,13,0,55458950400,8
25,13,1,53471174400,8
25,13,6,34734009600,8
25,13,8,25245561600,8
25,13,9,20664564480,8
25,14,0,70248003840,8
25,14,1,67862672640,8
25,14,11,17298896640,8
25,15,7,50533943040,8
25,17,6,90431827200,8
25,17,7,80300102400,8
25,18,8,87131116800,8
25,19,7,121728096000,8
25,21,6,196125868800,8
25,23,1,362535264000,8
25,23,4,317862708480,8
25,23,6,274950547200,8
25,23,7,250789996800,8
25,23,12,124628601600,8
25,25,4,429852384000,8
25,25,5,404083872000,8
25,25,6,375529132800,8
25,25,12,180846224640,8
26,0,5,41184000,8
26,1,5,132192000,8
26,2,3,502790400,8
26,2,6,255340800,8
26,3,4,883249920,8
26,4,12,106133760,8
26,5,8,1139685120,8
26,5,9,804384000,8
26,6,3,5362986240,8
26,6,7,2622240000,8
26,6,8,1995459840,8
26,7,12,724204800,8
26,8,4,10768101120,8
26,9,3,17106566400,8
26,10,5,19000569600,8
26,10,7,13865644800,8
26,12,1,47484460800,8
26,12,9,17955383040,8
26,13,2,58211769600,8
26,13,8,29655302400,8
26,13,10,19593043200,8
26,14,1,77642530560,8
26,14,2,74064533760,8
26,14,8,39131769600,8
26,14,9,32653152000,8
26,18,3,163002643200,8
26,19,4,184796985600,8
26,20,12,79385644800,8
26,21,7,205722259200,8
26,21,8,184085072640,8
26,22,3,328719686400,8
26,22,7,245257516800,8
26,22,8,220441708800,8
26,23,12,148029177600,8
26,24,4,425633644800,8
26,25,6,432998611200,8
26,26,7,463060281600,8
27,1,8,61267200,8
27,2,4,484081920,8
27,3,4,1021950720,8
27,3,9,242853120,8
27,7,8,3904800000,8
27,9,9,7203859200,8
27,10,8,13321593600,8
27,11,12,6498489600,8
27,13,4,57588760320,8
27,14,6,60333361920,8
27,15,5,85437676800,8
27,15,11,33410361600,8
27,17,8,94831430400,8
27,18,5,162128044800,8
27,18,12,58968518400,8
27,19,9,126755193600,8
27,21,5,281788243200,8
27,21,12,116907667200,8
27,23,2,457640352000,8
27,23,7,334239494400,8
27,23,8,302691859200,8
27,23,10,237683462400,8
27,25,9,376627104000,8
27,25,11,292528684800,8
27,26,9,440337703680,8
28,0,2,101779200,8
28,0,10,79591680,8
28,0,12,403603200,8
28,1,4,225504000,8
28,1,11,92125440,8
28,2,7,265224960,8
28,3,1,1732389120,8
28,3,8,428440320,8
28,4,2,2873316096,8
28,4,4,2213496576,8
28,5,6,2680231680,8
28,6,8,2809347840,8
28,6,9,2094301440,8
28,7,1,12574552320,8
28,7,10,2557336320,8
28,8,2,17102595840,8
28,8,5,12458538240,8
28,8,10,4169168640,8
28,10,6,21962223360,8
28,11,1,46829502720,8
28,11,8,21863143680,8
28,12,2,58413761280,8
28,13,3,70967957760,8
28,13,12,16541141760,8
28,14,3,90552704256,8
28,14,8,52868403456,8
28,14,9,44700408576,8
28,15,1,125615888640,8
28,15,10,48645515520,8
28,16,2,149269374720,8
28,16,10,63113852160,8
28,16,12,41489521920,8
28,17,4,163349326080,8
28,19,1,276890777856,8
28,19,8,167150221056,8
28,20,2,318970417920,8
28,20,4,288559192320,8
28,21,6,297644371200,8
28,22,8,293207581440,8
28,22,9,261625386240,8
28,23,1,535449657600,8
28,23,10,275500742400,8
28,24,2,603656292096,8
28,24,5,522316843776,8
28,24,10,327651422976,8
28,26,6,656994320640,8
28,27,1,942926434560,8
28,27,8,647622432000,8
28,28,2,1046304817920,8
29,0,10,83347200,8
29,1,6,163296000,8
29,1,8,88761600,8
29,1,9,66182400,8
29,2,2,868665600,8
29,2,3,757451520,8
29,3,7,691488000,8
29,3,8,510048000,8
29,3,10,240480000,8
29,4,7,1367412480,8
29,4,10,507260160,8
29,5,8,1909474560,8
29,5,9,1407732480,8
29,5,11,658817280,8
29,6,6,5159865600,8
29,7,8,5380888320,8
29,8,10,4971283200,8
29,9,8,12500686080,8
29,9,9,9993242880,8
29,10,2,37508739840,8
29,10,3,34942613760,8
29,11,8,25327814400,8
29,11,10,16649452800,8
29,12,10,23398099200,8
29,13,8,46403769600,8
29,13,9,39082694400,8
29,13,11,25595539200,8
29,15,8,78752597760,8
29,16,10,73431187200,8
29,17,6,157479840000,8
29,17,8,125880894720,8
29,17,9,109656864000,8
29,18,2,251285126400,8
29,18,3,239773075200,8
29,19,7,213977998080,8
29,19,8,191777806080,8
29,19,10,146665532160,8
29,20,7,258921411840,8
29,20,10,180434822400,8
29,21,8,280915027200,8
29,21,9,250417324800,8
29,21,11,189689068800,8
29,22,6,402137568000,8
29,23,8,398246803200,8
29,24,10,377494076160,8
29,25,8,549209928960,8
29,25,9,497786446080,8
29,26,2,907008157440,8
29,26,3,875841926400,8
29,27,8,739723749120,8
29,27,10,608644512000,8
29,28,10,705414816000,8
29,29,8,976190158080,8
29,29,9,895907393280,8
29,29,11,729915943680,8
30,0,2,131408640,8
30,0,3,112147200,8
30,0,11,190713600,8
30,0,12,417795840,8
30,3,8,602784000,8
30,4,5,2445415680,8
30,5,2,6227907840,8
30,6,1,10631174400,8
30,6,9,2936943360,8
30,9,2,30829328640,8
30,9,10,9088462080,8
30,10,6,28757088000,8
30,10,7,24790160640,8
30,11,0,61751289600,8
30,11,12,11440915200,8
30,12,0,80751686400,8
30,12,8,39876560640,8
30,13,0,103823596800,8
30,13,8,53315808000,8
30,13,10,37347091200,8
30,14,0,131509889280,8
30,14,2,122427613440,8
30,14,10,50011534080,8
30,16,3,181079712000,8
30,16,4,170130312960,8
30,16,10,84970540800,8
30,16,11,70823174400,8
30,17,4,209588486400,8
30,17,12,74920032000,8
30,18,4,255555982080,8
30,18,12,95958086400,8
30,19,4,308713539840,8
30,20,5,346953772800,8
30,21,2,481354156800,8
30,22,1,583206624000,8
30,22,9,343955462400,8
30,25,2,888539984640,8
30,25,10,510377184000,8
30,26,7,788519289600,8
30,28,6,1116034732800,8
30,29,1,1547793434880,8
30,29,7,1194001885440,8
30,29,10,929598670080,8
30,30,8,1265493600000,8
0,0,11,91123200,9
0,0,12,227888640,9
1,0,12,233049600,9
3,2,4,115200,9
4,2,2,1881600,9
4,4,12,97390080,9
5,5,2,24675840,9
6,0,4,115200,9
6,0,12,262310400,9
6,2,3,3110400,9
6,6,1,79833600,9
7,2,12,133056000,9
7,5,5,15244800,9
7,5,8,268800,9
8,0,5,161280,9
8,0,7,806400,9
8,0,12,274982400,9
8,2,6,668160,9
8,4,3,34822656,9
8,5,11,6842880,9
8,5,12,34721280,9
8,7,12,15966720,9
9,7,1,345945600,9
9,7,3,235768320,9
10,0,4,1036800,9
10,2,7,806400,9
10,3,0,73382400,9
10,4,0,132088320,9
10,4,12,43476480,9
10,5,0,220147200,9
10,6,0,345945600,9
10,7,12,11404800,9
11,3,0,95961600,9
11,4,0,172730880,9
11,4,1,150151680,9
11,5,0,287884800,9
11,5,1,254016000,9
11,5,5,84672000,9
11,5,12,23385600,9
11,6,0,452390400,9
11,6,1,404006400,9
11,7,1,612057600,9
11,9,9,77253120,9
11,10,8,256273920,9
12,0,5,1267200,9
12,1,1,21542400,9
12,1,4,7687680,9
12,1,11,70156800,9
12,2,6,6566400,9
12,3,0,123379200,9
12,4,0,222082560,9
12,4,1,194664960,9
12,4,4,93719040,9
12,5,0,370137600,9
12,5,2,279820800,9
12,5,12,21081600,9
12,6,0,581644800,9
12,6,1,522892800,9
12,9,1,1624296960,9
13,1,2,21542400,9
13,1,8,1728000,9
13,2,6,9884160,9
13,3,0,156280320,9
13,3,3,87390720,9
13,3,10,3525120,9
13,4,0,281304576,9
13,4,1,248403456,9
13,5,0,468840960,9
13,5,1,419489280,9
13,6,0,736750080,9
13,6,1,666247680,9
13,9,2,1853508096,9
13,9,9,194904576,9
13,10,6,1155202560,9
13,11,3,3042823680,9
13,11,7,1208148480,9
13,13,11,393039360,9
14,2,7,7257600,9
14,4,6,74442240,9
14,4,11,7395840,9
14,5,10,7257600,9
14,6,3,616896000,9
14,8,10,79833600,9
14,9,2,2339504640,9
14,9,10,150059520,9
14,10,3,2842421760,9
14,13,2,7443878400,9
14,14,1,10247523840,9
14,14,8,3178621440,9
14,14,9,2266237440,9
15,2,4,48960000,9
15,2,12,104716800,9
15,9,4,2168824320,9
16,0,4,7257600,9
16,0,12,326592000,9
16,5,10,21772800,9
16,6,6,449164800,9
16,9,1,3943779840,9
16,10,7,1923264000,9
16,12,8,2895782400,9
16,13,1,12241958400,9
16,14,2,14514224640,9
16,14,8,5454113280,9
16,15,4,15009062400,9
17,1,6,13478400,9
17,3,7,52416000,9
17,4,9,33384960,9
17,5,2,863654400,9
17,5,6,330969600,9
17,7,3,1840320000,9
17,7,7,678182400,9
17,11,6,4474252800,9
17,14,6,10743482880,9
17,14,11,2561518080,9
17,17,6,22113216000,9
18,0,5,8225280,9
18,0,8,7257600,9
18,1,5,27287040,9
18,2,6,47900160,9
18,5,8,182407680,9
18,6,7,518192640,9
18,6,8,340784640,9
18,8,4,2837445120,9
18,11,0,11139448320,9
18,12,0,14566970880,9
18,12,4,10458385920,9
18,12,9,3509291520,9
18,13,0,18728962560,9
18,14,0,23723352576,9
18,14,3,19597165056,9
18,14,10,4955198976,9
18,15,8,11599741440,9
18,18,5,38185274880,9
18,18,7,28903150080,9
19,2,8,22571520,9
19,2,9,13017600,9
19,5,12,25597440,9
19,7,2,3060288000,9
19,11,0,13261248000,9
19,12,0,17341632000,9
19,12,1,16525555200,9
19,13,0,22296384000,9
19,13,1,21305433600,9
19,14,0,28242086400,9
19,14,1,27052945920,9
19,15,5,23969779200,9
20,0,9,22233600,9
20,2,2,230515200,9
20,2,7,50803200,9
20,3,8,73382400,9
20,6,2,2392588800,9
20,6,8,573350400,9
20,6,9,367234560,9
20,8,6,2806387200,9
20,11,0,15672384000,9
20,11,7,6742310400,9
20,12,0,20494656000,9
20,12,1,19567296000,9
20,13,0,26350272000,9
20,13,2,23721868800,9
20,14,0,33377011200,9
20,14,1,32025715200,9
20,16,8,22827916800,9
20,17,8,29026045440,9
20,18,2,70238246400,9
20,18,6,49143283200,9
21,1,6,37209600,9
21,3,7,150796800,9
21,3,8,95961600,9
21,5,2,1770048000,9
21,5,8,401425920,9
21,5,9,254016000,9
21,7,1,4694976000,9
21,11,0,18398016000,9
21,12,0,24058944000,9
21,12,1,23010624000,9
21,13,0,30932928000,9
21,13,1,29659968000,9
21,14,0,39181708800,9
21,14,1,37654156800,9
21,15,3,41693944320,9
21,21,2,140918976000,9
22,0,4,26611200,9
22,0,6,14400000,9
22,2,3,270144000,9
22,2,9,31864320,9
22,3,8,123379200,9
22,5,2,2079168000,9
22,6,9,612334080,9
22,10,3,13096512000,9
22,10,4,11697523200,9
22,10,6,8600256000,9
22,12,1,26889408000,9
22,12,2,25316928000,9
22,12,8,10995264000,9
22,12,10,6466521600,9
22,16,9,27540103680,9
22,18,3,91245888000,9
22,18,7,61246886400,9
22,18,9,44490539520,9
22,21,2,164818368000,9
22,22,9,100927710720,9
23,2,12,97896960,9
23,3,8,156280320,9
23,5,5,1500111360,9
23,5,9,419489280,9
23,7,6,3198942720,9
23,7,9,1335605760,9
23,13,12,5894069760,9
23,15,2,60903498240,9
23,19,4,119840472576,9
24,0,5,29145600,9
24,0,12,377187840,9
24,1,1,210470400,9
24,2,6,178675200,9
24,5,8,775272960,9
24,5,12,113840640,9
24,8,7,4669862400,9
24,10,4,16009889280,9
24,10,5,14075558400,9
24,13,1,46513958400,9
24,14,2,56137536000,9
24,14,6,38663308800,9
24,14,9,23231577600,9
24,21,10,100780761600,9
24,23,4,275417971200,9
25,1,2,210470400,9
25,2,8,104778240,9
25,3,3,905587200,9
25,7,1,8488972800,9
25,7,3,7122608640,9
25,7,12,558835200,9
25,9,2,16206220800,9
25,9,12,1691712000,9
25,11,3,27707097600,9
25,12,9,15124032000,9
25,14,6,45093680640,9
25,15,3,76344307200,9
25,15,6,57634214400,9
25,17,2,123374630400,9
25,19,3,171359193600,9
25,23,3,335716416000,9
25,25,2,471159037440,9
25,25,7,344759063040,9
26,0,0,103564800,9
26,0,4,52416000,9
26,1,0,310694400,9
26,1,8,50250240,9
26,2,0,724953600,9
26,2,7,186278400,9
26,2,8,128908800,9
26,7,0,10252915200,9
26,8,0,14809766400,9
26,9,0,20733672960,9
26,9,6,11619048960,9
26,10,0,28273190400,9
26,11,4,29045952000,9
26,14,3,69618931200,9
26,15,0,100354291200,9
26,15,12,21657024000,9
26,16,0,123967065600,9
26,16,5,93191155200,9
26,17,0,151515302400,9
26,17,8,81669772800,9
26,18,0,183413260800,9
26,18,8,101641075200,9
26,23,0,424097856000,9
26,24,0,491953512960,9
26,25,0,567638668800,9
26,26,0,651733286400,9
26,26,3,597020336640,9
26,26,5,537136704000,9
27,0,0,117849600,9
27,0,1,103564800,9
27,1,0,353548800,9
27,1,1,317836800,9
27,2,0,824947200,9
27,2,1,753523200,9
27,3,1,1524902400,9
27,5,5,2821593600,9
27,5,6,2304806400,9
27,5,12,258854400,9
27,7,0,11667110400,9
27,8,0,16852492800,9
27,8,1,16066828800,9
27,9,0,23593489920,9
27,9,1,22572126720,9
27,10,0,32172940800,9
27,10,1,30873024000,9
27,10,9,10633075200,9
27,11,1,41272358400,9
27,15,0,114196262400,9
27,15,3,100142784000,9
27,16,0,141065971200,9
27,16,1,136994803200,9
27,17,0,172413964800,9
27,17,1,167664268800,9
27,17,9,81785617920,9
27,18,0,208711641600,9
27,18,1,203211993600,9
27,19,1,244129374720,9
27,19,4,211416230400,9
27,23,0,482594112000,9
27,24,0,559809169920,9
27,24,1,548109918720,9
27,25,0,645933657600,9
27,25,1,632884492800,9
27,25,3,591607411200,9
27,25,8,418307366400,9
27,26,0,741627532800,9
27,26,1,727128460800,9
27,26,8,487253491200,9
27,27,1,831521779200,9
27,27,9,511855787520,9
27,27,12,352264204800,9
28,0,0,133562880,9
28,0,1,117849600,9
28,0,5,56609280,9
28,1,0,400688640,9
28,1,2,317836800,9
28,2,0,934940160,9
28,2,1,856373760,9
28,2,6,354332160,9
28,2,8,189427200,9
28,3,2,1566328320,9
28,5,12,331246080,9
28,7,0,13222725120,9
28,7,8,4598530560,9
28,8,0,19099491840,9
28,8,1,18235261440,9
28,8,12,2012567040,9
28,9,0,26739288576,9
28,9,2,24130884096,9
28,9,4,20239704576,9
28,10,0,36462666240,9
28,10,1,35032757760,9
28,10,9,12523368960,9
28,11,2,44435489280,9
28,11,10,14136261120,9
28,12,10,19927918080,9
28,13,6,53488028160,9
28,14,11,29558893056,9
28,15,0,129422430720,9
28,16,0,159874767360,9
28,16,1,155396482560,9
28,17,0,195402493440,9
28,17,2,183008048640,9
28,18,0,236539860480,9
28,18,1,230490247680,9
28,18,7,153153262080,9
28,18,8,136044679680,9
28,19,2,267293892096,9
28,23,0,546939993600,9
28,23,8,348005875200,9
28,24,0,634450392576,9
28,24,1,621581216256,9
28,25,0,732058145280,9
28,25,2,697680345600,9
28,26,0,840511203840,9
28,26,1,824562224640,9
28,26,9,507132864000,9
28,27,2,918226229760,9
28,27,10,529465628160,9
28,28,4,969637132800,9
28,28,10,614041182720,9
29,0,0,150796800,9
29,0,1,133562880,9
29,1,0,452390400,9
29,1,1,409305600,9
29,1,3,310694400,9
29,1,11,97574400,9
29,2,0,1055577600,9
29,2,1,969408000,9
29,2,10,108864000,9
29,3,1,1960358400,9
29,3,2,1777881600,9
29,3,9,358617600,9
29,5,3,4975004160,9
29,6,2,8771811840,9
29,6,3,7980940800,9
29,7,0,14928883200,9
29,7,2,13294195200,9
29,7,10,3065817600,9
29,8,0,21563942400,9
29,8,1,20616076800,9
29,9,0,30189519360,9
29,9,1,28957294080,9
29,9,3,25335636480,9
29,9,6,17859847680,9
29,10,0,41167526400,9
29,10,1,39599239680,9
29,10,10,11517580800,9
29,11,1,52929676800,9
29,11,2,50300490240,9
29,11,9,20844633600,9
29,12,7,40580467200,9
29,13,3,80455334400,9
29,15,0,146122099200,9
29,15,2,136247063040,9
29,16,0,180503769600,9
29,16,1,175592102400,9
29,17,0,220615718400,9
29,17,1,214885440000,9
29,17,3,197117637120,9
29,17,11,78331968000,9
29,18,0,267061132800,9
29,18,1,260426073600,9
29,18,10,117924825600,9
29,19,1,312843041280,9
29,19,2,302305006080,9
29,19,9,169168366080,9
29,21,3,409826880000,9
29,22,2,502527168000,9
29,22,3,482790136320,9
29,23,0,617512896000,9
29,23,2,587366208000,9
29,23,10,317686924800,9
29,24,0,716314959360,9
29,24,1,702200378880,9
29,25,0,826517260800,9
29,25,1,810774074880,9
29,25,3,760808194560,9
29,26,0,948964262400,9
29,26,1,931471833600,9
29,26,10,522244800000,9
29,27,1,1065163968000,9
29,27,2,1038043353600,9
29,27,7,801847872000,9
29,27,9,674942400000,9
29,29,3,1300007508480,9
30,0,1,150796800,9
30,1,2,409305600,9
30,1,3,353548800,9
30,1,4,296885760,9
30,1,5,241651200,9
30,2,4,732096000,9
30,2,7,366912000,9
30,2,12,133056000,9
30,4,1,4011194880,9
30,6,3,9036403200,9
30,8,3,20205504000,9
30,10,3,39494822400,9
30,12,5,59179968000,9
30,13,2,96272985600,9
30,14,1,127664570880,9
30,14,8,69952458240,9
30,14,9,59823152640,9
30,16,1,197694604800,9
30,16,2,190327104000,9
30,16,12,57613248000,9
30,17,10,108232358400,9
30,20,1,419667494400,9
30,21,10,252696384000,9
30,22,3,544531299840,9
30,24,11,381763514880,9
30,25,11,452292825600,9
30,26,3,987515020800,9
30,27,0,1220096908800,9
30,28,0,1388386137600,9
30,28,8,968460864000,9
30,29,0,1573504289280,9
30,30,0,1776537100800,9
30,30,2,1708669923840,9
4,1,10,24192000,10
4,4,5,783360,10
6,2,1,7603200,10
7,7,9,414720,10
8,1,1,6589440,10
8,5,8,967680,10
9,1,2,6589440,10
9,3,3,25574400,10
9,7,6,73497600,10
10,9,3,705070080,10
11,11,0,2495001600,10
12,2,2,41241600,10
12,6,2,451353600,10
12,7,2,691891200,10
12,8,12,7603200,10
12,11,0,3207859200,10
12,12,0,4194892800,10
12,12,1,3920716800,10
13,1,9,6220800,10
13,5,2,360084480,10
13,6,6,189895680,10
13,7,1,1008184320,10
13,9,8,345517056,10
13,11,0,4063288320,10
13,12,0,5313530880,10
13,12,1,4984519680,10
13,13,0,6831682560,10
13,13,1,6432168960,10
14,0,4,4193280,10
14,1,5,8985600,10
14,2,3,52485120,10
14,4,1,312560640,10
14,5,9,20321280,10
14,14,3,8592675840,10
15,2,5,32947200,10
15,5,5,281318400,10
15,15,12,1164119040,10
16,0,5,4838400,10
16,2,6,27417600,10
16,5,12,16819200,10
16,10,2,4951065600,10
17,4,8,65479680,10
17,9,6,2207738880,10
17,11,7,3517516800,10
17,13,2,13855564800,10
17,13,6,8185881600,10
17,15,4,18420249600,10
17,15,7,11510553600,10
17,17,4,28574622720,10
17,17,5,25439616000,10
18,0,4,11750400,10
18,2,7,29352960,10
18,4,4,415896576,10
18,10,3,6557967360,10
18,17,6,27150474240,10
19,1,7,14423040,10
19,7,10,295142400,10
19,9,11,521579520,10
19,15,1,33890503680,10
19,15,11,6290887680,10
20,0,5,13132800,10
20,1,8,12211200,10
20,2,6,78105600,10
20,5,1,1669248000,10
20,5,3,1298304000,10
20,7,2,3640550400,10
20,13,12,2721254400,10
20,14,2,30214978560,10
20,14,11,5834419200,10
20,15,10,10929945600,10
20,16,5,36183168000,10
20,16,9,18514344960,10
21,6,11,159667200,10
21,13,2,27957888000,10
21,14,6,23446195200,10
21,17,6,47527603200,10
21,19,8,54535971840,10
21,21,8,81076055040,10
21,21,9,69417907200,10
22,2,7,82252800,10
22,6,1,3639168000,10
22,6,3,2943360000,10
22,9,11,1254528000,10
22,11,12,2029593600,10
22,14,8,19855795200,10
22,14,9,16021601280,10
22,22,1,201502080000,10
22,22,3,184491648000,10
23,2,5,200309760,10
23,5,8,629959680,10
23,17,3,87332244480,10
24,12,9,12642739200,10
24,12,11,7211289600,10
24,15,10,24679296000,10
24,16,4,76340659200,10
24,23,12,104142412800,10
25,5,2,3252157440,10
25,7,4,6285542400,10
25,9,4,13347763200,10
25,9,5,11688330240,10
25,9,7,8230118400,10
25,21,2,254949811200,10
25,23,9,199701089280,10
26,3,0,1449907200,10
26,4,0,2609832960,10
26,5,0,4349721600,10
26,6,0,6835276800,10
26,9,8,7793740800,10
26,10,8,11340241920,10
26,12,12,7840742400,10
26,14,10,26501852160,10
26,18,6,128742681600,10
26,19,0,220095912960,10
26,20,0,262018944000,10
26,21,0,309658752000,10
26,22,0,363512448000,10
27,3,0,1649894400,10
27,4,0,2969809920,10
27,4,1,2769822720,10
27,5,0,4949683200,10
27,5,1,4649702400,10
27,6,0,7778073600,10
27,6,1,7349529600,10
27,7,1,11077862400,10
27,15,8,59072947200,10
27,17,7,107843097600,10
27,19,0,250453969920,10
27,20,0,298159488000,10
27,20,1,290931379200,10
27,21,0,352370304000,10
27,21,1,344156544000,10
27,22,0,413652096000,10
27,22,1,404366976000,10
27,23,1,472148352000,10
28,1,1,361405440,10
28,3,0,1869880320,10
28,3,10,195333120,10
28,4,0,3365784576,10
28,4,1,3145798656,10
28,5,0,5609640960,10
28,5,2,4863022080,10
28,6,0,8815150080,10
28,6,1,8343751680,10
28,9,1,25615789056,10
28,15,2,120425149440,10
28,17,1,190177827840,10
28,18,9,118747560960,10
28,19,0,283847832576,10
28,20,0,337914086400,10
28,20,1,329963166720,10
28,20,10,155988403200,10
28,21,0,399353011200,10
28,21,2,377800104960,10
28,21,12,137494748160,10
28,22,0,468805708800,10
28,22,1,458592076800,10
28,24,12,246350877696,10
28,25,1,717704064000,10
28,26,8,559321728000,10
29,1,2,361405440,10
29,3,0,2111155200,10
29,3,3,1570636800,10
29,4,0,3800079360,10
29,4,1,3558804480,10
29,5,0,6333465600,10
29,5,1,5971553280,10
29,6,0,9952588800,10
29,6,1,9435571200,10
29,6,10,1795046400,10
29,9,2,27326407680,10
29,9,11,5718113280,10
29,11,3,47057587200,10
29,11,7,29962275840,10
29,14,2,108599546880,10
29,14,3,102635412480,10
29,15,1,141947182080,10
29,15,9,67571297280,10
29,17,2,207012326400,10
29,19,0,320473359360,10
29,19,3,289008276480,10
29,20,0,381515904000,10
29,20,1,372795540480,10
29,21,0,450882432000,10
29,21,1,440972928000,10
29,22,0,529296768000,10
29,22,1,518094720000,10
29,22,10,265338086400,10
29,25,2,788787901440,10
29,25,6,645489146880,10
29,27,3,1003457387520,10
30,1,10,72115200,10
30,5,9,1669248000,10
30,8,1,23222707200,10
30,12,1,78112742400,10
30,14,3,115889495040,10
30,17,2,233304192000,10
30,18,3,270559872000,10
30,19,8,219041571840,10
30,24,3,741450378240,10
30,26,6,846129024000,10
30,29,2,1511664675840,10
30,29,8,1109512535040,10
30,30,1,1748338099200,10
30,30,9,1167405696000,10
30,30,10,1066134758400,10
7,2,5,1075200,11
8,5,6,12257280,11
9,1,7,215040,11
9,9,2,619407360,11
10,10,3,988416000,11
11,3,9,645120,11
11,7,8,48384000,11
12,7,7,143616000,11
13,7,9,57231360,11
13,13,2,5911234560,11
14,3,4,83404800,11
14,4,5,115845120,11
15,3,4,108103680,11
15,11,4,4183234560,11
15,11,5,3492403200,11
16,3,11,15206400,11
16,5,6,255744000,11
16,7,3,1497139200,11
16,13,4,9154897920,11
16,14,9,4056238080,11
16,15,12,1680537600,11
17,13,7,6635059200,11
17,15,12,2356992000,11
17,17,12,4668364800,11
18,16,8,15042693120,11
19,13,4,16520140800,11
20,8,5,3473971200,11
20,9,10,1163520000,11
20,19,8,45166786560,11
21,7,9,841328640,11
21,19,7,63188428800,11
22,0,12,364492800,11
22,3,4,464209920,11
22,10,12,1267660800,11
22,13,2,32737536000,11
22,14,3,38825625600,11
23,3,4,550656000,11
23,17,11,27563120640,11
23,21,5,158509209600,11
24,11,6,16656537600,11
24,14,8,28272384000,11
24,17,1,111970252800,11
24,18,6,95735347200,11
24,19,3,148664678400,11
24,21,11,84322252800,11
25,13,2,50793523200,11
26,11,0,37697587200,11
26,12,0,49296844800,11
26,13,0,63381657600,11
26,14,0,80283432960,11
26,26,8,422409738240,11
27,11,0,42897254400,11
27,12,0,56096409600,11
27,12,1,54096537600,11
27,13,0,72123955200,11
27,13,1,69695539200,11
27,14,0,91357009920,11
27,14,1,88442910720,11
28,2,2,764712960,11
28,2,9,129484800,11
28,4,10,414590976,11
28,6,2,7739504640,11
28,7,2,11733534720,11
28,11,0,48616888320,11
28,12,0,63575930880,11
28,12,1,61376071680,11
28,12,4,50473912320,11
28,13,0,81740482560,11
28,13,2,75455170560,11
28,14,0,103537944576,11
28,14,1,100332435456,11
28,15,7,78465853440,11
28,17,11,66981488640,11
28,18,2,222165780480,11
28,19,10,126636926976,11
28,22,2,444414412800,11
29,5,2,5513840640,11
29,7,1,14217984000,11
29,11,0,54890035200,11
29,12,0,71779276800,11
29,12,1,69366528000,11
29,13,0,92287641600,11
29,13,1,89357875200,11
29,14,0,116897679360,11
29,14,1,113381959680,11
29,14,6,79154657280,11
29,15,3,129118095360,11
29,15,10,56704665600,11
29,21,2,427227863040,11
29,23,9,358197811200,11
29,25,11,393149306880,11
30,0,4,93542400,11
30,2,3,860682240,11
30,5,10,1190246400,11
30,27,12,549179136000,11
30,28,1,1365012633600,11
30,30,3,1657908172800,11
1,1,12,212889600,12
4,1,12,198512640,12
6,3,4,3870720,12
9,5,2,117411840,12
11,1,8,1290240,12
11,5,6,50688000,12
12,5,1,329011200,12
12,10,2,2000793600,12
13,5,11,4116480,12
14,12,1,6251212800,12
15,13,5,6281932800,12
17,7,1,2341785600,12
17,10,8,1799884800,12
17,15,3,20445696000,12
19,2,4,122572800,12
19,11,12,825200640,12
22,0,9,24883200,12
22,5,9,329011200,12
22,10,9,4172083200,12
23,21,6,144688435200,12
24,5,6,1411706880,12
24,9,3,12864614400,12
24,10,12,2150461440,12
24,15,2,70474199040,12
26,1,11,83865600,12
26,10,3,23620792320,12
26,14,7,45746933760,12
27,1,9,45895680,12
27,11,9,15208058880,12
27,27,0,847574323200,12
28,14,2,95977476096,12
28,26,2,802281984000,12
28,27,0,960584232960,12
28,28,0,1093078609920,12
28,28,1,1073594142720,12
29,13,2,85389004800,12
29,14,10,43059548160,12
29,23,3,565092864000,12
29,27,0,1084530585600,12
29,28,0,1234121011200,12
29,28,1,1212750950400,12
29,28,7,920941056000,12
29,29,0,1398670479360,12
29,29,1,1375163412480,12
30,0,10,87552000,12
30,1,12,212889600,12
30,3,4,1537044480,12
30,28,5,1181423308800,12
6,5,2,38707200,13
8,7,4,121282560,13
10,10,5,613785600,13
13,2,11,35266560,13
13,7,8,117596160,13
13,11,10,288645120,13
14,12,3,5132574720,13
18,16,4,28027576320,13
19,5,5,708403200,13
20,0,8,9216000,13
20,5,12,33546240,13
20,13,1,25224192000,13
21,7,3,3832012800,13
25,22,7,211792896000,13
26,25,8,362451640320,13
27,9,8,9180241920,13
28,10,2,33129308160,13
28,10,8,15552552960,13
28,13,1,79069224960,13
28,16,5,122281205760,13
28,18,6,169654394880,13
28,21,1,390317875200,13
29,23,1,604910592000,13
29,29,2,1342165524480,13
30,8,11,4318617600,13
30,12,6,52945920000,13
6,6,3,46448640,14
7,3,4,6635520,14
13,7,3,749813760,14
20,10,2,10360995840,14
26,16,4,101541888000,14
27,15,1,110735769600,14
28,5,1,5279662080,14
28,23,2,519471513600,14
29,7,9,4147200000,14
30,24,1,790416506880,14
13,9,6,785350656,15
22,14,1,43993497600,15
28,25,4,641691648000,15
28,15,8,68381245440,16
29,7,3,12182814720,16
30,18,7,199522713600,16
26,18,7,115399065600,17
24,10,2,19322634240,19
19,19,4,61860741120,20
